2.6047224343298994e-02	2.2254214188765435e-02	1.0227544213163860e-02
0	1.2245363891765408e-02	9.6770333706309684e-03	1.0902386105831949e-02
1	1.2366132234466101e-02	9.6677793386331107e-03	1.0905119641389302e-02
2	1.2486801072457886e-02	9.6592572807781794e-03	1.0907857244806106e-02
3	1.2607369630866111e-02	9.6514595259292596e-03	1.0910598879803522e-02
4	1.2727835438183652e-02	9.6443752351393665e-03	1.0913339030020992e-02
5	1.2848189291772600e-02	9.6379917241166489e-03	1.0916068873460220e-02
6	1.2968417751179122e-02	9.6322987714582142e-03	1.0918785279199119e-02
7	1.3088512498401088e-02	9.6272911291559390e-03	1.0921485506925638e-02
8	1.3208470671440748e-02	9.6229662977071421e-03	1.0924166068014609e-02
9	1.3328289185485381e-02	9.6193228569485013e-03	1.0926825586344301e-02
10	1.3447961950824866e-02	9.6163611116171534e-03	1.0929467765918908e-02
11	1.3567484983560769e-02	9.6140775561729622e-03	1.0932099289523895e-02
12	1.3686852792989628e-02	9.6124622593742343e-03	1.0934723152284588e-02
13	1.3806054831523142e-02	9.6115095435192859e-03	1.0937344246118832e-02
14	1.3925078924154750e-02	9.6112212298736337e-03	1.0939968184009084e-02
15	1.4043918414367799e-02	9.6115994399045609e-03	1.0942594692474560e-02
16	1.4162565761706589e-02	9.6126404207632597e-03	1.0945220868153886e-02
17	1.4281008735764340e-02	9.6143422544718877e-03	1.0947847621704756e-02
18	1.4399236789149110e-02	9.6167103153320058e-03	1.0950474044582209e-02
19	1.4517239295549083e-02	9.6197427238693851e-03	1.0953102174983348e-02
20	1.4635013104194487e-02	9.6234363025180774e-03	1.0955736689047681e-02
21	1.4752556799218448e-02	9.6277903958575436e-03	1.0958377448078635e-02
22	1.4869864456866048e-02	9.6328109471969584e-03	1.0961023752966075e-02
23	1.4986928711451788e-02	9.6385052079328345e-03	1.0963671747828758e-02
24	1.5103743885155729e-02	9.6448742049184237e-03	1.0966316241043493e-02
25	1.5220305273836714e-02	9.6519180346749008e-03	1.0968953355139753e-02
26	1.5336600847650039e-02	9.6596361897382348e-03	1.0971579033998575e-02
27	1.5452620954474892e-02	9.6680328758613036e-03	1.0974190552555109e-02
28	1.5568364717448996e-02	9.6771115647607507e-03	1.0976783635606611e-02
29	1.5683823083103978e-02	9.6868720673933990e-03	1.0979356006600762e-02
30	1.5798980126391755e-02	9.6973194843741357e-03	1.0981909782220302e-02
31	1.5913823890214011e-02	9.7084558690909185e-03	1.0984447722546576e-02
32	1.6028353510592813e-02	9.7202797004951446e-03	1.0986970369847139e-02
33	1.6142573113291255e-02	9.7327987862167696e-03	1.0989476260954503e-02
34	1.6256474409720480e-02	9.7460228762897595e-03	1.0991969609553178e-02
35	1.6370044426457425e-02	9.7599526283356011e-03	1.0994462197672477e-02
36	1.6483274072297459e-02	9.7745883175527921e-03	1.0996964093482685e-02
37	1.6596156146226521e-02	9.7899339354983028e-03	1.0999481667612214e-02
38	1.6708689972333733e-02	9.8059925363323860e-03	1.1002020354862536e-02
39	1.6820871424664922e-02	9.8227701374363017e-03	1.1004577792380881e-02
40	1.6932688559149471e-02	9.8402714643795134e-03	1.1007151535954478e-02
41	1.7044136218591247e-02	9.8584955343307794e-03	1.1009742975123978e-02
42	1.7155208038043220e-02	9.8774381968006458e-03	1.1012349007025173e-02
43	1.7265889094502874e-02	9.8970984954410719e-03	1.1014966784085757e-02
44	1.7376160189595324e-02	9.9174853829977899e-03	1.1017591858103882e-02
45	1.7486000742156210e-02	9.9386080781974379e-03	1.1020216705756708e-02
46	1.7595397241509714e-02	9.9604687791266661e-03	1.1022838307985585e-02
47	1.7704346754857502e-02	9.9830693060984580e-03	1.1025458159151659e-02
48	1.7812846289264411e-02	1.0006405690335889e-02	1.1028085003264331e-02
49	1.7920881945563700e-02	1.0030474231814978e-02	1.1030727961922868e-02
50	1.8028436781491627e-02	1.0055281053715977e-02	1.1033386273659606e-02
51	1.8135502195132533e-02	1.0080834006614503e-02	1.1036061764052151e-02
52	1.8242068316869746e-02	1.0107137547717068e-02	1.1038760841992899e-02
53	1.8348122641616098e-02	1.0134193744922299e-02	1.1041483157750690e-02
54	1.8453655979732416e-02	1.0162014437987756e-02	1.1044228976280266e-02
55	1.8558662665869568e-02	1.0190612347195973e-02	1.1046999084153219e-02
56	1.8663140927226377e-02	1.0219992832595894e-02	1.1049785880625759e-02
57	1.8767076747522531e-02	1.0250164018473888e-02	1.1052577038026397e-02
58	1.8870457727265519e-02	1.0281131852592473e-02	1.1055364005606973e-02
59	1.8973276840524161e-02	1.0312904840956231e-02	1.1058145350161632e-02
60	1.9075518844370025e-02	1.0345490273067586e-02	1.1060922934119371e-02
61	1.9177169343003529e-02	1.0378891231114781e-02	1.1063697778432009e-02
62	1.9278220881505853e-02	1.0413109616674337e-02	1.1066469662337318e-02
63	1.9378671173848908e-02	1.0448148583537787e-02	1.1069237107069797e-02
64	1.9478509954253549e-02	1.0484015304874359e-02	1.1071997791669142e-02
65	1.9577725926340644e-02	1.0520716377558031e-02	1.1074751225754789e-02
66	1.9676314401670791e-02	1.0558260674414842e-02	1.1077499647686524e-02
67	1.9774264938110530e-02	1.0596650120804282e-02	1.1080242436300416e-02
68	1.9871571530071200e-02	1.0635885970029796e-02	1.1082987108828561e-02
69	1.9968226952734269e-02	1.0675970223552831e-02	1.1085742230725181e-02
70	2.0064223876360358e-02	1.0716900925517168e-02	1.1088502618453837e-02
71	2.0159563121833594e-02	1.0758682940362195e-02	1.1091267494611964e-02
72	2.0254236250080843e-02	1.0801316412595317e-02	1.1094039706090995e-02
73	2.0348244879859166e-02	1.0844799149726764e-02	1.1096810480744798e-02
74	2.0441592671138854e-02	1.0889137149637762e-02	1.1099564462928084e-02
75	2.0534271772168763e-02	1.0934337031150208e-02	1.1102298242988726e-02
76	2.0626283948146255e-02	1.0980400635765721e-02	1.1105017733427662e-02
77	2.0717630407398272e-02	1.1027325199623086e-02	1.1107713679709636e-02
78	2.0808304826440319e-02	1.1075104973343344e-02	1.1110373160671438e-02
79	2.0898303270682327e-02	1.1123735693145280e-02	1.1112994049546672e-02
80	2.0987626389133301e-02	1.1173213230577952e-02	1.1115578505011568e-02
81	2.1076278591029972e-02	1.1223541345613548e-02	1.1118127476363758e-02
82	2.1164264816647901e-02	1.1274728462459367e-02	1.1120639960827577e-02
83	2.1251585102195415e-02	1.1326769201508604e-02	1.1123115725162209e-02
84	2.1338242539540146e-02	1.1379660111202195e-02	1.1125549772792325e-02
85	2.1424241892727500e-02	1.1433406599291551e-02	1.1127934955039796e-02
86	2.1509581553002356e-02	1.1488010094395439e-02	1.1130270356497263e-02
87	2.1594258717630464e-02	1.1543464566206333e-02	1.1132559146237035e-02
88	2.1678276206087563e-02	1.1599761587652444e-02	1.1134802553126226e-02
89	2.1761638431041001e-02	1.1656894444745800e-02	1.1136998998110402e-02
90	2.1844347620883480e-02	1.1714861311806079e-02	1.1139145640600465e-02
91	2.1926409157310568e-02	1.1773664545455696e-02	1.1141239782475722e-02
92	2.2007822293776912e-02	1.1833303206197012e-02	1.1143274353170664e-02
93	2.2088584783944629e-02	1.1893775339130412e-02	1.1145244355623423e-02
94	2.2168703152119752e-02	1.1955078362307572e-02	1.1147153017219939e-02
95	2.2248179608578694e-02	1.2017203318086568e-02	1.1149006353402997e-02
96	2.2327018540606966e-02	1.2080141529691784e-02	1.1150809790165729e-02
97	2.2405230332726317e-02	1.2143893542766196e-02	1.1152567075699166e-02
98	2.2482823998130327e-02	1.2208460912965936e-02	1.1154281559231543e-02
99	2.2559806643209317e-02	1.2273843043898655e-02	1.1155954572186573e-02
100	2.2636181792700757e-02	1.2340035606039010e-02	1.1157585099831960e-02
101	2.2711944457422126e-02	1.2407034114763273e-02	1.1159172606014577e-02
102	2.2787092534044352e-02	1.2474838957725370e-02	1.1160717672041996e-02
103	2.2861635594083191e-02	1.2543444995288158e-02	1.1162225463482174e-02
104	2.2935575869898681e-02	1.2612841949702627e-02	1.1163695641506660e-02
105	2.3008912157996778e-02	1.2683026119933232e-02	1.1165119748376123e-02
106	2.3081646635642404e-02	1.2753998189964803e-02	1.1166493948768652e-02
107	2.3153784133971893e-02	1.2825757434622354e-02	1.1167815243761835e-02
108	2.3225331768712335e-02	1.2898295974350757e-02	1.1169076364147150e-02
109	2.3296298957014242e-02	1.2971605184432961e-02	1.1170276102739267e-02
110	2.3366696358909467e-02	1.3045677780634455e-02	1.1171418878265220e-02
111	2.3436538586125329e-02	1.3120508916194450e-02	1.1172504720713789e-02
112	2.3505840930794594e-02	1.3196094647537739e-02	1.1173527356514022e-02
113	2.3574615727331973e-02	1.3272426695388959e-02	1.1174488271386250e-02
114	2.3642877815447591e-02	1.3349489149467464e-02	1.1175387161721064e-02
115	2.3710634957252657e-02	1.3427259933929601e-02	1.1176210571904958e-02
116	2.3777892522453124e-02	1.3505719600931774e-02	1.1176953701895165e-02
117	2.3844661933939384e-02	1.3584852310941108e-02	1.1177619173380594e-02
118	2.3910958780511148e-02	1.3664645318310981e-02	1.1178208773456499e-02
119	2.3976798249194492e-02	1.3745082519892805e-02	1.1178730097679203e-02
120	2.4042191999594259e-02	1.3826150581456309e-02	1.1179188644391389e-02
121	2.4107153708179965e-02	1.3907835942098514e-02	1.1179588186823347e-02
122	2.4171700285966463e-02	1.3990128085931841e-02	1.1179932258290129e-02
123	2.4235845346803991e-02	1.4073015918421987e-02	1.1180218700066902e-02
124	2.4299597279835786e-02	1.4156480798332182e-02	1.1180447157384031e-02
125	2.4362963107435652e-02	1.4240504024807593e-02	1.1180622119800414e-02
126	2.4425945412555782e-02	1.4325067126076129e-02	1.1180748034903510e-02
127	2.4488550729857783e-02	1.4410157801266109e-02	1.1180826890403317e-02
128	2.4550791813626627e-02	1.4495770839595497e-02	1.1180868127302497e-02
129	2.4612683401443906e-02	1.4581899002563195e-02	1.1180881230367671e-02
130	2.4674242958557607e-02	1.4668533725559313e-02	1.1180870445233420e-02
131	2.4735483393375991e-02	1.4755670964645820e-02	1.1180842061560045e-02
132	2.4796419409573969e-02	1.4843298526110826e-02	1.1180802178479863e-02
133	2.4857064518494544e-02	1.4931401414953567e-02	1.1180753574881219e-02
134	2.4917432127034563e-02	1.5019968634126062e-02	1.1180698988123594e-02
135	2.4977535281398729e-02	1.5108988389823465e-02	1.1180647081056478e-02
136	2.5037382337078185e-02	1.5198453962910047e-02	1.1180605191192350e-02
137	2.5096980730162418e-02	1.5288357917688216e-02	1.1180571684113415e-02
138	2.5156341458683330e-02	1.5378686580574509e-02	1.1180541624681779e-02
139	2.5215483314912298e-02	1.5469430454343718e-02	1.1180512515377865e-02
140	2.5274421992874427e-02	1.5560577895530947e-02	1.1180483387083414e-02
141	2.5333167429296876e-02	1.5652114410597145e-02	1.1180442622434528e-02
142	2.5391731144783151e-02	1.5744031955304102e-02	1.1180382087675413e-02
143	2.5450123878069868e-02	1.5836325301706523e-02	1.1180304094875786e-02
144	2.5508351450577029e-02	1.5928987665496327e-02	1.1180206397587947e-02
145	2.5566423718482830e-02	1.6022006061692583e-02	1.1180086786189590e-02
146	2.5624354649272579e-02	1.6115363880751788e-02	1.1179949152662436e-02
147	2.5682153660771062e-02	1.6209040832503709e-02	1.1179795454861521e-02
148	2.5739830921628362e-02	1.6303021455203452e-02	1.1179624102979768e-02
149	2.5797398997467243e-02	1.6397290660973906e-02	1.1179434733024733e-02
150	2.5854870327746721e-02	1.6491823839870110e-02	1.1179225738055370e-02
151	2.5912264250008640e-02	1.6586599443011586e-02	1.1178994517863918e-02
152	2.5969602659962135e-02	1.6681611690705450e-02	1.1178742524379406e-02
153	2.6026892574073205e-02	1.6776849566472650e-02	1.1178474920944053e-02
154	2.6084140862506794e-02	1.6872288619114894e-02	1.1178197614202478e-02
155	2.6141363159262729e-02	1.6967908161137031e-02	1.1177919692721821e-02
156	2.6198575215427882e-02	1.7063688668157207e-02	1.1177640422422572e-02
157	2.6255789705574410e-02	1.7159619635532052e-02	1.1177354939703755e-02
158	2.6313013331399973e-02	1.7255690331409990e-02	1.1177059109045324e-02
159	2.6370246630789237e-02	1.7351879397173673e-02	1.1176748128282579e-02
160	2.6427488583859366e-02	1.7448166317338195e-02	1.1176422425787242e-02
161	2.6484748842127027e-02	1.7544532873276248e-02	1.1176086665507391e-02
162	2.6542036673824921e-02	1.7640966068357460e-02	1.1175747458540157e-02
163	2.6599355212389032e-02	1.7737457535422999e-02	1.1175404376519682e-02
164	2.6656705807337127e-02	1.7833994101103617e-02	1.1175055792481965e-02
165	2.6714094211186489e-02	1.7930565220854833e-02	1.1174702475143079e-02
166	2.6771530232292427e-02	1.8027163782512245e-02	1.1174345809489622e-02
167	2.6829018527949958e-02	1.8123770219088526e-02	1.1173985738876686e-02
168	2.6886555154146185e-02	1.8220365348582290e-02	1.1173614918179369e-02
169	2.6944141617154839e-02	1.8316939017237008e-02	1.1173229480350527e-02
170	2.7001784974519598e-02	1.8413484001625929e-02	1.1172832940227655e-02
171	2.7059479748087513e-02	1.8509989916942502e-02	1.1172427868584682e-02
172	2.7117218743190206e-02	1.8606442855393663e-02	1.1172009426452889e-02
173	2.7175000901852847e-02	1.8702834033209645e-02	1.1171568968282069e-02
174	2.7232826734668758e-02	1.8799150259868072e-02	1.1171107494274655e-02
175	2.7290705399788687e-02	1.8895374287569721e-02	1.1170628811945671e-02
176	2.7348650302439284e-02	1.8991489582083781e-02	1.1170137741370210e-02
177	2.7406666775857319e-02	1.9087484600795044e-02	1.1169637216022732e-02
178	2.7464757752230399e-02	1.9183350915742269e-02	1.1169123036839814e-02
179	2.7522929633567773e-02	1.9279075236945876e-02	1.1168592668979880e-02
180	2.7581185038310595e-02	1.9374649161107857e-02	1.1168044484693085e-02
181	2.7639527196663717e-02	1.9470073546213339e-02	1.1167477982410199e-02
182	2.7697963812920931e-02	1.9565348302120329e-02	1.1166893789218351e-02
183	2.7756495451413503e-02	1.9660460748779651e-02	1.1166293309203698e-02
184	2.7815119985077380e-02	1.9755400049954474e-02	1.1165678136246937e-02
185	2.7873834668067629e-02	1.9850163795082358e-02	1.1165048811892866e-02
186	2.7932641335999261e-02	1.9944753025261008e-02	1.1164408859793751e-02
187	2.7991541325203206e-02	2.0039168101786440e-02	1.1163758405270648e-02
188	2.8050531142152085e-02	2.0133406999622225e-02	1.1163083976838774e-02
189	2.8109614101139303e-02	2.0227465015299994e-02	1.1162376257036630e-02
190	2.8168789839341114e-02	2.0321337559957287e-02	1.1161632715598174e-02
191	2.8228051562381219e-02	2.0415021668303952e-02	1.1160844788575432e-02
192	2.8287393179140006e-02	2.0508511320797451e-02	1.1160011983345861e-02
193	2.8346810570028060e-02	2.0601798460968546e-02	1.1159136004187234e-02
194	2.8406303887470855e-02	2.0694874728812422e-02	1.1158217773366078e-02
195	2.8465878518141075e-02	2.0787727636546717e-02	1.1157258975158952e-02
196	2.8525530527494208e-02	2.0880347526228207e-02	1.1156257858920349e-02
197	2.8585248599605446e-02	2.0972726340060102e-02	1.1155211214377087e-02
198	2.8645025687997153e-02	2.1064858494069548e-02	1.1154119394622818e-02
199	2.8704855499631837e-02	2.1156742641392303e-02	1.1152988872180788e-02
200	2.8764734872196964e-02	2.1248375517971364e-02	1.1151814988590809e-02
201	2.8824660401712724e-02	2.1339752762961250e-02	1.1150593571053882e-02
202	2.8884633060952639e-02	2.1430870236606205e-02	1.1149324223672066e-02
203	2.8944648791095026e-02	2.1521728346225979e-02	1.1148000902414867e-02
204	2.9004699680419167e-02	2.1612326858668440e-02	1.1146622202187569e-02
205	2.9064783203011313e-02	2.1702665153107006e-02	1.1145189610599331e-02
206	2.9124893133250732e-02	2.1792744385966439e-02	1.1143699055262699e-02
207	2.9185022939236641e-02	2.1882565047218843e-02	1.1142148345390623e-02
208	2.9245160413031362e-02	2.1972134375467460e-02	1.1140540968984014e-02
209	2.9305294533070025e-02	2.2061461485929478e-02	1.1138882436076325e-02
210	2.9365417105906354e-02	2.2150550115324883e-02	1.1137171344325444e-02
211	2.9425519945353119e-02	2.2239403519871213e-02	1.1135398641421417e-02
212	2.9485591158403372e-02	2.2328028482303645e-02	1.1133552473445925e-02
213	2.9545613075713704e-02	2.2416428193779345e-02	1.1131625693128843e-02
214	2.9605580425854882e-02	2.2504595253040029e-02	1.1129621194177325e-02
215	2.9665487585434646e-02	2.2592521276087033e-02	1.1127538892054782e-02
216	2.9725326446797120e-02	2.2680207070885167e-02	1.1125374086170861e-02
217	2.9785094573808509e-02	2.2767656861899979e-02	1.1123125190518231e-02
218	2.9844786798463620e-02	2.2854869423879823e-02	1.1120794426863121e-02
219	2.9904395234704118e-02	2.2941842746567652e-02	1.1118381208477957e-02
220	2.9963904217026036e-02	2.3028571827425574e-02	1.1115880240614981e-02
221	3.0023294663293273e-02	2.3115056726075247e-02	1.1113283541797138e-02
222	3.0082559165065255e-02	2.3201296655839178e-02	1.1110588503852133e-02
223	3.0141693623529083e-02	2.3287287286575614e-02	1.1107795647265790e-02
224	3.0200687503067175e-02	2.3373029905964973e-02	1.1104901740620969e-02
225	3.0259530831769511e-02	2.3458528735542883e-02	1.1101902123039280e-02
226	3.0318216642161916e-02	2.3543785969348918e-02	1.1098794258943541e-02
227	3.0376738073087734e-02	2.3628805002796991e-02	1.1095580991807616e-02
228	3.0435082188817016e-02	2.3713588596987564e-02	1.1092274577169287e-02
229	3.0493238892431874e-02	2.3798137962607782e-02	1.1088884047288425e-02
230	3.0551197996784435e-02	2.3882460967029218e-02	1.1085410093719423e-02
231	3.0608951014800784e-02	2.3966565204936049e-02	1.1081847510681957e-02
232	3.0666487162237188e-02	2.4050450165916910e-02	1.1078192468178434e-02
233	3.0723791226940002e-02	2.4134112181650916e-02	1.1074445400953323e-02
234	3.0780855411002880e-02	2.4217552996943791e-02	1.1070604411686152e-02
235	3.0837671618723864e-02	2.4300785073119259e-02	1.1066663775316666e-02
236	3.0894228616444717e-02	2.4383817176432673e-02	1.1062620092335657e-02
237	3.0950511143177685e-02	2.4466648397274731e-02	1.1058473986484858e-02
238	3.1006505849815128e-02	2.4549279578859915e-02	1.1054222877333410e-02
239	3.1062205789984500e-02	2.4631709325023444e-02	1.1049869245271588e-02
240	3.1117605500116517e-02	2.4713940923726960e-02	1.1045415508893226e-02
241	3.1172691918520630e-02	2.4795987139056810e-02	1.1040858154910287e-02
242	3.1227448521793502e-02	2.4877859882540480e-02	1.1036198205023180e-02
243	3.1281867992135587e-02	2.4959565843859995e-02	1.1031437213990265e-02
244	3.1335949473893183e-02	2.5041104889573181e-02	1.1026571867737534e-02
245	3.1389687844199592e-02	2.5122477827388724e-02	1.1021599990405079e-02
246	3.1443073962935449e-02	2.5203685660115740e-02	1.1016521922128581e-02
247	3.1496100876312300e-02	2.5284727791990331e-02	1.1011341006686635e-02
248	3.1548763023518139e-02	2.5365608822146758e-02	1.1006057205933763e-02
249	3.1601055550184581e-02	2.5446332233932396e-02	1.1000670689559925e-02
250	3.1652968824016740e-02	2.5526899170744112e-02	1.0995187504779881e-02
251	3.1704488518534468e-02	2.5607314486099521e-02	1.0989608274197539e-02
252	3.1755607060926921e-02	2.5687584052609597e-02	1.0983932354768822e-02
253	3.1806317503839714e-02	2.5767711587901334e-02	1.0978163697407147e-02
254	3.1856613663860875e-02	2.5847700090724960e-02	1.0972302283774087e-02
255	3.1906489308850566e-02	2.5927555060591925e-02	1.0966345415120881e-02
256	3.1955941313300304e-02	2.6007283902482307e-02	1.0960297218574477e-02
257	3.2004974009891690e-02	2.6086895282602534e-02	1.0954167105906919e-02
258	3.2053579983008555e-02	2.6166401282906294e-02	1.0947962424079659e-02
259	3.2101749387689130e-02	2.6245806274461457e-02	1.0941687948283872e-02
260	3.2149479259277844e-02	2.6325110978945170e-02	1.0935347304905805e-02
261	3.2196767500974950e-02	2.6404322724580223e-02	1.0928943170479074e-02
262	3.2243605899135781e-02	2.6483447910574078e-02	1.0922483183472487e-02
263	3.2289980967339128e-02	2.6562492966900761e-02	1.0915976476668204e-02
264	3.2335885653365939e-02	2.6641467237659054e-02	1.0909424901552356e-02
265	3.2381316246177939e-02	2.6720381180322314e-02	1.0902831051874564e-02
266	3.2426273610186442e-02	2.6799241877390821e-02	1.0896187829792413e-02
267	3.2470756645935399e-02	2.6878061238485334e-02	1.0889488752562520e-02
268	3.2514758748921568e-02	2.6956854198194678e-02	1.0882732014038032e-02
269	3.2558278235280257e-02	2.7035629091686962e-02	1.0875913515493274e-02
270	3.2601310138670049e-02	2.7114397638293333e-02	1.0869038818061521e-02
271	3.2643854093093089e-02	2.7193167317713346e-02	1.0862110610473055e-02
272	3.2685914188804982e-02	2.7271938756172384e-02	1.0855132406758901e-02
273	3.2727480874088950e-02	2.7350717563417223e-02	1.0848112930802640e-02
274	3.2768547086759608e-02	2.7429511134635046e-02	1.0841061757066353e-02
275	3.2809115554110091e-02	2.7508323883131278e-02	1.0833982051516883e-02
276	3.2849188118973936e-02	2.7587160604112128e-02	1.0826873380638766e-02
277	3.2888759467390123e-02	2.7666032087160026e-02	1.0819744309576043e-02
278	3.2927823600944414e-02	2.7744952129662971e-02	1.0812603791672098e-02
279	3.2966379228504941e-02	2.7823927774464331e-02	1.0805453331826158e-02
280	3.3004420486293568e-02	2.7902959751133126e-02	1.0798289801226806e-02
281	3.3041931630140089e-02	2.7982044785757700e-02	1.0791109742392885e-02
282	3.3078900996241375e-02	2.8061180555575209e-02	1.0783910685399680e-02
283	3.3115325105811298e-02	2.8140371186051567e-02	1.0776693578062751e-02
284	3.3151198228131430e-02	2.8219623451808128e-02	1.0769461489831121e-02
285	3.3186516710795061e-02	2.8298940404167080e-02	1.0762216559296555e-02
286	3.3221282691751543e-02	2.8378326291209358e-02	1.0754958068918758e-02
287	3.3255501568994220e-02	2.8457787720569741e-02	1.0747680821943575e-02
288	3.3289179265048131e-02	2.8537330482170890e-02	1.0740383930930544e-02
289	3.3322320580756688e-02	2.8616961831314409e-02	1.0733071130220359e-02
290	3.3354927651969415e-02	2.8696683925676605e-02	1.0725744817323038e-02
291	3.3387000597719117e-02	2.8776498427704342e-02	1.0718409335359429e-02
292	3.3418546574515838e-02	2.8856404578221580e-02	1.0711071229270690e-02
293	3.3449575201092763e-02	2.8936398991347589e-02	1.0703736598121188e-02
294	3.3480093421434973e-02	2.9016483426339539e-02	1.0696401645657660e-02
295	3.3510111552926741e-02	2.9096663990135344e-02	1.0689060499050131e-02
296	3.3539636137339172e-02	2.9176951355868529e-02	1.0681711795973931e-02
297	3.3568670129122867e-02	2.9257354467696430e-02	1.0674350493954534e-02
298	3.3597218552222904e-02	2.9337876733729652e-02	1.0666970310235262e-02
299	3.3625288634859876e-02	2.9418512997662613e-02	1.0659566322074538e-02
300	3.3652889879748127e-02	2.9499256437929292e-02	1.0652133816520517e-02
301	3.3680037779059951e-02	2.9580102773205986e-02	1.0644666481356379e-02
302	3.3706743748386871e-02	2.9661047410712724e-02	1.0637160785774908e-02
303	3.3733009889126482e-02	2.9742088100132860e-02	1.0629617364469822e-02
304	3.3758840728138013e-02	2.9823219927136439e-02	1.0622044089127933e-02
305	3.3784244510669886e-02	2.9904435266120421e-02	1.0614445451426358e-02
306	3.3809229730582910e-02	2.9985720733181301e-02	1.0606817389833292e-02
307	3.3833802728592037e-02	3.0067058866834154e-02	1.0599163025089096e-02
308	3.3857967829015470e-02	3.0148441418322243e-02	1.0591487740846277e-02
309	3.3881733989185252e-02	3.0229861003623730e-02	1.0583787183314588e-02
310	3.3905112288315407e-02	3.0311311665865748e-02	1.0576054971144753e-02
311	3.3928106871168998e-02	3.0392793062696981e-02	1.0568289300274545e-02
312	3.3950716509947347e-02	3.0474300320247262e-02	1.0560495052842350e-02
313	3.3972943128160280e-02	3.0555827008432665e-02	1.0552678416340373e-02
314	3.3994796192121597e-02	3.0637376000698512e-02	1.0544847373313380e-02
315	3.4016286017035172e-02	3.0718948454183406e-02	1.0537010146112843e-02
316	3.4037422824001365e-02	3.0800542705198879e-02	1.0529164005010637e-02
317	3.4058217300882106e-02	3.0882157101504930e-02	1.0521304731203211e-02
318	3.4078676951621714e-02	3.0963788453866433e-02	1.0513437256393749e-02
319	3.4098813856232139e-02	3.1045432231168943e-02	1.0505565261454878e-02
320	3.4118643400832767e-02	3.1127082628853327e-02	1.0497686721069101e-02
321	3.4138171333073605e-02	3.1208738290627300e-02	1.0489796601314574e-02
322	3.4157398368301312e-02	3.1290395881641814e-02	1.0481892523619423e-02
323	3.4176333996304126e-02	3.1372051853677842e-02	1.0473979658064198e-02
324	3.4194987556513665e-02	3.1453703725481674e-02	1.0466057222974168e-02
325	3.4213365821403059e-02	3.1535353277340833e-02	1.0458121007845968e-02
326	3.4231479166185769e-02	3.1616998637134922e-02	1.0450175912878428e-02
327	3.4249336896003520e-02	3.1698635578467929e-02	1.0442229215407601e-02
328	3.4266948247111455e-02	3.1780254956399238e-02	1.0434283082577154e-02
329	3.4284326556003789e-02	3.1861842201305460e-02	1.0426334588750995e-02
330	3.4301485106982416e-02	3.1943384837392952e-02	1.0418377948197017e-02
331	3.4318437936462172e-02	3.2024866190828567e-02	1.0410413352310412e-02
332	3.4335200166272541e-02	3.2106279101890192e-02	1.0402443577679520e-02
333	3.4351785612093705e-02	3.2187622137889879e-02	1.0394468797558723e-02
334	3.4368208386784567e-02	3.2268886081668051e-02	1.0386481693806175e-02
335	3.4384489595852961e-02	3.2350059704055308e-02	1.0378470105231239e-02
336	3.4400650797264766e-02	3.2431132492864195e-02	1.0370428416431097e-02
337	3.4416702486006916e-02	3.2512092249978190e-02	1.0362361949397214e-02
338	3.4432650990235618e-02	3.2592931933081937e-02	1.0354278497010910e-02
339	3.4448503085333954e-02	3.2673644226562958e-02	1.0346181042597604e-02
340	3.4464273982181305e-02	3.2754228729011743e-02	1.0338070207723388e-02
341	3.4479979057055007e-02	3.2834685404504516e-02	1.0329950865317714e-02
342	3.4495628395754652e-02	3.2915003787327833e-02	1.0321827148813210e-02
343	3.4511235046629729e-02	3.2995173051494173e-02	1.0313699223368453e-02
344	3.4526809515760017e-02	3.3075180618151317e-02	1.0305569570984306e-02
345	3.4542359807789830e-02	3.3155017898481909e-02	1.0297445356794277e-02
346	3.4557899108432301e-02	3.3234677381460520e-02	1.0289329661454912e-02
347	3.4573442253038753e-02	3.3314156659680863e-02	1.0281217335579089e-02
348	3.4589001524951216e-02	3.3393443852052930e-02	1.0273097124519766e-02
349	3.4604587828316213e-02	3.3472525804376742e-02	1.0264957137784098e-02
350	3.4620208421889037e-02	3.3551406279805872e-02	1.0256792867399977e-02
351	3.4635871144527007e-02	3.3630090143057990e-02	1.0248604939695783e-02
352	3.4651581019411480e-02	3.3708571863760764e-02	1.0240399997952706e-02
353	3.4667347477603368e-02	3.3786839488963910e-02	1.0232182606136364e-02
354	3.4683183194136644e-02	3.3864884527949092e-02	1.0223952808450669e-02
355	3.4699094475531565e-02	3.3942697759982744e-02	1.0215703788131286e-02
356	3.4715082654008661e-02	3.4020270819980478e-02	1.0207431492427373e-02
357	3.4731148426137615e-02	3.4097587804373608e-02	1.0199132654000291e-02
358	3.4747297712647597e-02	3.4174631970402658e-02	1.0190806387010188e-02
359	3.4763545332841116e-02	3.4251398114339957e-02	1.0182461753225758e-02
360	3.4779901835482428e-02	3.4327878690185568e-02	1.0174105024833464e-02
361	3.4796367338085457e-02	3.4404061743902807e-02	1.0165734353374810e-02
362	3.4812946944025223e-02	3.4479934226003178e-02	1.0157343303260085e-02
363	3.4829652905925094e-02	3.4555481720555170e-02	1.0148931245426603e-02
364	3.4846498384122342e-02	3.4630693578536008e-02	1.0140496416072535e-02
365	3.4863490665156635e-02	3.4705553854194694e-02	1.0132033432377840e-02
366	3.4880637554662412e-02	3.4780048455524910e-02	1.0123541043363262e-02
367	3.4897945561867594e-02	3.4854177285559042e-02	1.0115026111570939e-02
368	3.4915427356588397e-02	3.4927936723075585e-02	1.0106498379629070e-02
369	3.4933094790573341e-02	3.5001316405603576e-02	1.0097962249770134e-02
370	3.4950957464562324e-02	3.5074307108963844e-02	1.0089415387766969e-02
371	3.4969033587729681e-02	3.5146900852536557e-02	1.0080851051465660e-02
372	3.4987335510259288e-02	3.5219091195336276e-02	1.0072269057375212e-02
373	3.5005868141500217e-02	3.5290870419937177e-02	1.0063671581310085e-02
374	3.5024634474157365e-02	3.5362231159250294e-02	1.0055055529349351e-02
375	3.5043636738639000e-02	3.5433166706877815e-02	1.0046417085193389e-02
376	3.5062878365617514e-02	3.5503670540636613e-02	1.0037753574425207e-02
377	3.5082365157784789e-02	3.5573731768495181e-02	1.0029069910794754e-02
378	3.5102106197004435e-02	3.5643339997797334e-02	1.0020373065412501e-02
379	3.5122109052914158e-02	3.5712494720385332e-02	1.0011665157346004e-02
380	3.5142383582504599e-02	3.5781191524968850e-02	1.0002946832754331e-02
381	3.5162940504354603e-02	3.5849418263112429e-02	9.9942141671876157e-03
382	3.5183780360036311e-02	3.5917165121035641e-02	9.9854642136271501e-03
383	3.5204903391033084e-02	3.5984429406551471e-02	9.9766981134249005e-03
384	3.5226317041313987e-02	3.6051205893222610e-02	9.9679198755146196e-03
385	3.5248025003980714e-02	3.6117485644131267e-02	9.9591272913466568e-03
386	3.5270026767737231e-02	3.6183258070287716e-02	9.9503091847349522e-03
387	3.5292320035254024e-02	3.6248508144004515e-02	9.9414647477122121e-03
388	3.5314896970833183e-02	3.6313219646878253e-02	9.9326067711679213e-03
389	3.5337753727233058e-02	3.6377380621663694e-02	9.9237455027686231e-03
390	3.5360889619806886e-02	3.6440986286577194e-02	9.9148864836139054e-03
391	3.5384298294669117e-02	3.6504030795417523e-02	9.9060325877259065e-03
392	3.5407977216201758e-02	3.6566506380680680e-02	9.8971820433504231e-03
393	3.5431932241321913e-02	3.6628404396083079e-02	9.8883348354888330e-03
394	3.5456168871057459e-02	3.6689711237615809e-02	9.8794892504187829e-03
395	3.5480680367016425e-02	3.6750418573232045e-02	9.8706437849388831e-03
396	3.5505463266827714e-02	3.6810517239860216e-02	9.8617975881367705e-03
397	3.5530522728529274e-02	3.6869996977454259e-02	9.8529516016589054e-03
398	3.5555862512686193e-02	3.6928849146434586e-02	9.8441055312313893e-03
399	3.5581484135213177e-02	3.6987064717694015e-02	9.8352527362856063e-03
400	3.5607374009765699e-02	3.7044637264814884e-02	9.8263992348449312e-03
401	3.5633520281113197e-02	3.7101564952413194e-02	9.8175505076056706e-03
402	3.5659919006245593e-02	3.7157847161697927e-02	9.8087065809040457e-03
403	3.5686565565988301e-02	3.7213481960918088e-02	9.7998729108939118e-03
404	3.5713454369472528e-02	3.7268474239416143e-02	9.7910533869939916e-03
405	3.5740570941499857e-02	3.7322824821816772e-02	9.7822506085716559e-03
406	3.5767907242869039e-02	3.7376530576097106e-02	9.7734713197924900e-03
407	3.5795464006187092e-02	3.7429591786464093e-02	9.7647260565295966e-03
408	3.5823241116905769e-02	3.7482004949114293e-02	9.7560226664467238e-03
409	3.5851234528680415e-02	3.7533765463176050e-02	9.7473581730102912e-03
410	3.5879428749579508e-02	3.7584868586058272e-02	9.7387308629010225e-03
411	3.5907805854045328e-02	3.7635307415972090e-02	9.7301458063976370e-03
412	3.5936360660630641e-02	3.7685076529950595e-02	9.7216124004660103e-03
413	3.5965091246276268e-02	3.7734176076681836e-02	9.7131391113379154e-03
414	3.5993986208911977e-02	3.7782613812318601e-02	9.7047262473664939e-03
415	3.6023035035050215e-02	3.7830396832059535e-02	9.6963783505319701e-03
416	3.6052226119428800e-02	3.7877530784486892e-02	9.6881058524316277e-03
417	3.6081543369359398e-02	3.7924016870484432e-02	9.6799196064786559e-03
418	3.6110975534757339e-02	3.7969850894678921e-02	9.6718225061138384e-03
419	3.6140512298500418e-02	3.8015035098334662e-02	9.6638118084760426e-03
420	3.6170140518966713e-02	3.8059578006862466e-02	9.6558883498198828e-03
421	3.6199851623986611e-02	3.8103480932404538e-02	9.6480588015384131e-03
422	3.6229634678248954e-02	3.8146737950136046e-02	9.6403267261764569e-03
423	3.6259476319886387e-02	3.8189349028727400e-02	9.6326881108580314e-03
424	3.6289362878055599e-02	3.8231319426722379e-02	9.6251417545413359e-03
425	3.6319280584160903e-02	3.8272651214116223e-02	9.6176887452243849e-03
426	3.6349216706152619e-02	3.8313352312635510e-02	9.6103306138001377e-03
427	3.6379155478565871e-02	3.8353430243799363e-02	9.6030700127088756e-03
428	3.6409083599878656e-02	3.8392888155590443e-02	9.5959037851409343e-03
429	3.6438990365324823e-02	3.8431726557327531e-02	9.5888295050281496e-03
430	3.6468862852573419e-02	3.8469939137231776e-02	9.5818496835707052e-03
431	3.6498688442112973e-02	3.8507526990937672e-02	9.5749689711011384e-03
432	3.6528455936023489e-02	3.8544496865327404e-02	9.5681906234683974e-03
433	3.6558150119731965e-02	3.8580852877211871e-02	9.5615184626332856e-03
434	3.6587755102020857e-02	3.8616598017604142e-02	9.5549535021117512e-03
435	3.6617257297544913e-02	3.8651732367347771e-02	9.5484920537969240e-03
436	3.6646643016084050e-02	3.8686254095434178e-02	9.5421275958724287e-03
437	3.6675899685218345e-02	3.8720163534975836e-02	9.5358551310123080e-03
438	3.6705014254441108e-02	3.8753462526419626e-02	9.5296778222331204e-03
439	3.6733972317538270e-02	3.8786157914133021e-02	9.5235979003656726e-03
440	3.6762763689959878e-02	3.8818256214673809e-02	9.5176113561875261e-03
441	3.6791381494412724e-02	3.8849758253267683e-02	9.5117124616736441e-03
442	3.6819818903659790e-02	3.8880666471417857e-02	9.5058959779344560e-03
443	3.6848061619827573e-02	3.8910988899821655e-02	9.5001584610840076e-03
444	3.6876092474445649e-02	3.8940735156763280e-02	9.4945028892542797e-03
445	3.6903896185609117e-02	3.8969916271207501e-02	9.4889305101723137e-03
446	3.6931457077709971e-02	3.8998544170647784e-02	9.4834357921178107e-03
447	3.6958761212602012e-02	3.9026625032183966e-02	9.4780092428612094e-03
448	3.6985797381534118e-02	3.9054164728732729e-02	9.4726430722310503e-03
449	3.7012556619631709e-02	3.9081174101072549e-02	9.4673337343055414e-03
450	3.7039032153511960e-02	3.9107662223237229e-02	9.4620825346351592e-03
451	3.7065220680975265e-02	3.9133637764676966e-02	9.4568951826554653e-03
452	3.7091115637755939e-02	3.9159109529936731e-02	9.4517713463138468e-03
453	3.7116703115147844e-02	3.9184088513111510e-02	9.4467085773817169e-03
454	3.7141966483392658e-02	3.9208581749807188e-02	9.4417086345368745e-03
455	3.7166894666419113e-02	3.9232590216030948e-02	9.4367729411135512e-03
456	3.7191474860567071e-02	3.9256119629514162e-02	9.4319012666834838e-03
457	3.7215695386404221e-02	3.9279174806743374e-02	9.4270935280806756e-03
458	3.7239552247066508e-02	3.9301755981577334e-02	9.4223495675476009e-03
459	3.7263035796515125e-02	3.9323867892517864e-02	9.4176654955210343e-03
460	3.7286131270757833e-02	3.9345523860930494e-02	9.4130304140029545e-03
461	3.7308823885073034e-02	3.9366730985052036e-02	9.4084354704291658e-03
462	3.7331107163990261e-02	3.9387490877297690e-02	9.4038730790054377e-03
463	3.7352982433044392e-02	3.9407810889753335e-02	9.3993420282368415e-03
464	3.7374444239335475e-02	3.9427695128774400e-02	9.3948454687746100e-03
465	3.7395484076665583e-02	3.9447146585281992e-02	9.3903771816624283e-03
466	3.7416088282456211e-02	3.9466175029910719e-02	9.3859382655286459e-03
467	3.7436246728260091e-02	3.9484787870562837e-02	9.3815297152107652e-03
468	3.7455952295513024e-02	3.9502986193928655e-02	9.3771492135619455e-03
469	3.7475195027759652e-02	3.9520776107823383e-02	9.3728024121977598e-03
470	3.7493968070889172e-02	3.9538170654318534e-02	9.3684917114111206e-03
471	3.7512262784170795e-02	3.9555179126941016e-02	9.3642161442011301e-03
472	3.7530073242672331e-02	3.9571807758655153e-02	9.3599742574003390e-03
473	3.7547401184257728e-02	3.9588064590424243e-02	9.3557637048055659e-03
474	3.7564246991639016e-02	3.9603954206280982e-02	9.3515824573814701e-03
475	3.7580606320274997e-02	3.9619475747725730e-02	9.3474296815885451e-03
476	3.7596470118514989e-02	3.9634629863045147e-02	9.3433050245707236e-03
477	3.7611838056645190e-02	3.9649418398770370e-02	9.3392071632549395e-03
478	3.7626712641142375e-02	3.9663841345353633e-02	9.3351390048615826e-03
479	3.7641088088127821e-02	3.9677905310830971e-02	9.3311047183703751e-03
480	3.7654962150189271e-02	3.9691620317758518e-02	9.3270990778744484e-03
481	3.7668333385751464e-02	3.9704991098246809e-02	9.3231185419445847e-03
482	3.7681199206901043e-02	3.9718017813240705e-02	9.3191705189028824e-03
483	3.7693559979403213e-02	3.9730705001949279e-02	9.3152571601513232e-03
484	3.7705422329087766e-02	3.9743055462843756e-02	9.3113734985741312e-03
485	3.7716790322774849e-02	3.9755066606657542e-02	9.3075199492215280e-03
486	3.7727662053914167e-02	3.9766740784464127e-02	9.3036984270165931e-03
487	3.7738041748317137e-02	3.9778078908158696e-02	9.2999144169368941e-03
488	3.7747932249587807e-02	3.9789080077762509e-02	9.2961659198613107e-03
489	3.7757334905193105e-02	3.9799747288941888e-02	9.2924528875761754e-03
490	3.7766261029233403e-02	3.9810094941873743e-02	9.2887798660978328e-03
491	3.7774718537018977e-02	3.9820131094206498e-02	9.2851418882683237e-03
492	3.7782711083447051e-02	3.9829854346013618e-02	9.2815412342882753e-03
493	3.7790240210063067e-02	3.9839266155008900e-02	9.2779799658251408e-03
494	3.7797300303898052e-02	3.9848367471974386e-02	9.2744580934328164e-03
495	3.7803887809945584e-02	3.9857150745316754e-02	9.2709758500819570e-03
496	3.7810004617192375e-02	3.9865605431532669e-02	9.2675319394638980e-03
497	3.7815654514068535e-02	3.9873724761966517e-02	9.2641230717309102e-03
498	3.7820835216459778e-02	3.9881503654134787e-02	9.2607428104372579e-03
499	3.7825543858125837e-02	3.9888950218156756e-02	9.2573899309043271e-03
500	3.7829779625167100e-02	3.9896079489505354e-02	9.2540694035338541e-03
501	3.7833537315190936e-02	3.9902896595945953e-02	9.2507890248387011e-03
502	3.7836818060213336e-02	3.9909396368576419e-02	9.2475531369012407e-03
503	3.7839629361955646e-02	3.9915578852477047e-02	9.2443530742701199e-03
504	3.7841979745177300e-02	3.9921447841714426e-02	9.2411736242258933e-03
505	3.7843875654539359e-02	3.9927004523609588e-02	9.2380114089777969e-03
506	3.7845321009145311e-02	3.9932253430569581e-02	9.2348700327863145e-03
507	3.7846319316563556e-02	3.9937199685765951e-02	9.2317455747855607e-03
508	3.7846875332463614e-02	3.9941842001231055e-02	9.2286364552732637e-03
509	3.7846994498949758e-02	3.9946175284111887e-02	9.2255440841277764e-03
510	3.7846682395277366e-02	3.9950193682455136e-02	9.2224648960840174e-03
511	3.7845942204841471e-02	3.9953888128066682e-02	9.2193961756882811e-03
512	3.7844780848478685e-02	3.9957254465606863e-02	9.2163370784777484e-03
513	3.7843207895096632e-02	3.9960292604178202e-02	9.2132855512776415e-03
514	3.7841223243942734e-02	3.9962992898052926e-02	9.2102324501269622e-03
515	3.7838827030542123e-02	3.9965347472590590e-02	9.2071706167019436e-03
516	3.7836026994800126e-02	3.9967353056665766e-02	9.2041031230611428e-03
517	3.7832833362689569e-02	3.9969006506176262e-02	9.2010328720933572e-03
518	3.7829257960493461e-02	3.9970305505197964e-02	9.1979546487905902e-03
519	3.7825307567664793e-02	3.9971249235395100e-02	9.1948611785094732e-03
520	3.7820986054173750e-02	3.9971835222819226e-02	9.1917513724622136e-03
521	3.7816304374663691e-02	3.9972057088485308e-02	9.1886328744663695e-03
522	3.7811278002533172e-02	3.9971908449673028e-02	9.1855121519197787e-03
523	3.7805915283528460e-02	3.9971383122310092e-02	9.1823918229416192e-03
524	3.7800224076027511e-02	3.9970472234464059e-02	9.1792755930179132e-03
525	3.7794217646231358e-02	3.9969163696643800e-02	9.1761667739907182e-03
526	3.7787911406295199e-02	3.9967451863830931e-02	9.1730656379496144e-03
527	3.7781321336721303e-02	3.9965331892017127e-02	9.1699693125483900e-03
528	3.7774464116729391e-02	3.9962800039312268e-02	9.1668790248675136e-03
529	3.7767353687845603e-02	3.9959857285701637e-02	9.1637994011529670e-03
530	3.7760002050568467e-02	3.9956498666320540e-02	9.1607387053508731e-03
531	3.7752423193417435e-02	3.9952721340030077e-02	9.1576986168295169e-03
532	3.7744630332860449e-02	3.9948522729621183e-02	9.1546773535154304e-03
533	3.7736637947782065e-02	3.9943887984298536e-02	9.1516769861109820e-03
534	3.7728461274435535e-02	3.9938808138153224e-02	9.1487046988031218e-03
535	3.7720106484495482e-02	3.9933278050738603e-02	9.1457663372699911e-03
536	3.7711573568308912e-02	3.9927285540492921e-02	9.1428603976805248e-03
537	3.7702874507759644e-02	3.9920822435103524e-02	9.1399878803007147e-03
538	3.7694023622828372e-02	3.9913884065130634e-02	9.1371517775330671e-03
539	3.7685029557747572e-02	3.9906462682839046e-02	9.1343518777253028e-03
540	3.7675899191026055e-02	3.9898539333635206e-02	9.1315917201069893e-03
541	3.7666641547181905e-02	3.9890099106796181e-02	9.1288762924575696e-03
542	3.7657267282937577e-02	3.9881137773613753e-02	9.1262062808822614e-03
543	3.7647784694410276e-02	3.9871648080574897e-02	9.1235818816378222e-03
544	3.7638207841892000e-02	3.9861619811870030e-02	9.1209966285274360e-03
545	3.7628551276495614e-02	3.9851042569125805e-02	9.1184409748421465e-03
546	3.7618825862106464e-02	3.9839908507439098e-02	9.1159148769833637e-03
547	3.7609046280790981e-02	3.9828209266354213e-02	9.1134259168612810e-03
548	3.7599224977467552e-02	3.9815941042501579e-02	9.1109868665906271e-03
549	3.7589372342433154e-02	3.9803096292251837e-02	9.1086076440424942e-03
550	3.7579505201245728e-02	3.9789659452642706e-02	9.1062881550679660e-03
551	3.7569631405604480e-02	3.9775617808268632e-02	9.1040268289083529e-03
552	3.7559756493704653e-02	3.9760957371315242e-02	9.1018202796074050e-03
553	3.7549888730200966e-02	3.9745664443316488e-02	9.0996675061423334e-03
554	3.7540035388621822e-02	3.9729731953607093e-02	9.0975635997866955e-03
555	3.7530207626467485e-02	3.9713153661891556e-02	9.0955071485831606e-03
556	3.7520417474194379e-02	3.9695915372984454e-02	9.0935093078356091e-03
557	3.7510679490713295e-02	3.9677999642011942e-02	9.0915788947660749e-03
558	3.7501005345262912e-02	3.9659395449643198e-02	9.0897122646105572e-03
559	3.7491397694258397e-02	3.9640094451263291e-02	9.0879024964848013e-03
560	3.7481865648756510e-02	3.9620088131351740e-02	9.0861447325465399e-03
561	3.7472426707406102e-02	3.9599375412756287e-02	9.0844307605960940e-03
562	3.7463092774362328e-02	3.9577957101383142e-02	9.0827567674555774e-03
563	3.7453869763881140e-02	3.9555824307870469e-02	9.0811237056227859e-03
564	3.7444763879874395e-02	3.9532966650215731e-02	9.0795374330196466e-03
565	3.7435786217551344e-02	3.9509382037713883e-02	9.0780049484481679e-03
566	3.7426945310983381e-02	3.9485064595859633e-02	9.0765285167521813e-03
567	3.7418250071965552e-02	3.9460004809750163e-02	9.0751015172549493e-03
568	3.7409703303163309e-02	3.9434200462313565e-02	9.0737196407227431e-03
569	3.7401305209157305e-02	3.9407652344140578e-02	9.0723816386250634e-03
570	3.7393054739138544e-02	3.9380353877360899e-02	9.0710894968306834e-03
571	3.7384949854290236e-02	3.9352292951067541e-02	9.0698502010429279e-03
572	3.7376990800487675e-02	3.9323459561532957e-02	9.0686672015108036e-03
573	3.7369178682143248e-02	3.9293842339270024e-02	9.0675412920660590e-03
574	3.7361519910137850e-02	3.9263436176687878e-02	9.0664702340936352e-03
575	3.7354021527096506e-02	3.9232242524270780e-02	9.0654560205147509e-03
576	3.7346691417403849e-02	3.9200263821158869e-02	9.0645003529379337e-03
577	3.7339536994172536e-02	3.9167498691313335e-02	9.0635966940070013e-03
578	3.7332563511821168e-02	3.9133939669176700e-02	9.0627352060143659e-03
579	3.7325771306438674e-02	3.9099573937099043e-02	9.0619142024486558e-03
580	3.7319154030804241e-02	3.9064390317094654e-02	9.0611380212365315e-03
581	3.7312704774120367e-02	3.9028384918866010e-02	9.0604155516421335e-03
582	3.7306420950446735e-02	3.8991553489251138e-02	9.0597519055653566e-03
583	3.7300297457128394e-02	3.8953889085759280e-02	9.0591438520451414e-03
584	3.7294332907976513e-02	3.8915384023631344e-02	9.0585816370633392e-03
585	3.7288533427947336e-02	3.8876031444010153e-02	9.0580633835445762e-03
586	3.7282900645745187e-02	3.8835825021742994e-02	9.0575963500791161e-03
587	3.7277436408864412e-02	3.8794761800389585e-02	9.0571807336664052e-03
588	3.7272148152009597e-02	3.8752844984167936e-02	9.0568164848862393e-03
589	3.7267037774188279e-02	3.8710078068296155e-02	9.0565020569954146e-03
590	3.7262102453845140e-02	3.8666458593319714e-02	9.0562302766392464e-03
591	3.7257345451556033e-02	3.8621983599386941e-02	9.0559995493352478e-03
592	3.7252770698088737e-02	3.8576650754942050e-02	9.0558139132977510e-03
593	3.7248375345344954e-02	3.8530461860330545e-02	9.0556733115276320e-03
594	3.7244154572652614e-02	3.8483424991332518e-02	9.0555790811146768e-03
595	3.7240108007521429e-02	3.8435543891545881e-02	9.0555308875258905e-03
596	3.7236229236829281e-02	3.8386825287777163e-02	9.0555287784489288e-03
597	3.7232504874817371e-02	3.8337279450760778e-02	9.0555716206832722e-03
598	3.7228925310982854e-02	3.8286911278173540e-02	9.0556619297300408e-03
599	3.7225487293054381e-02	3.8235722129757885e-02	9.0558050669465682e-03
600	3.7222195915693507e-02	3.8183709550933240e-02	9.0559970701401364e-03
601	3.7219052279850541e-02	3.8130873640429129e-02	9.0562373236981446e-03
602	3.7216047505590481e-02	3.8077217662097339e-02	9.0565314187879623e-03
603	3.7213175523595730e-02	3.8022742215601389e-02	9.0568839948926023e-03
604	3.7210432467996608e-02	3.7967446902559605e-02	9.0572949536846144e-03
605	3.7207817346250525e-02	3.7911329630646390e-02	9.0577587186978729e-03
606	3.7205322562520411e-02	3.7854388391211885e-02	9.0582686394129527e-03
607	3.7202934582408635e-02	3.7796625429341139e-02	9.0588198225667587e-03
608	3.7200644592850149e-02	3.7738044580244948e-02	9.0594031376837504e-03
609	3.7198441840263052e-02	3.7678645722803571e-02	9.0600155630217467e-03
610	3.7196322102465498e-02	3.7618433861370690e-02	9.0606640534814323e-03
611	3.7194286388712625e-02	3.7557417596136969e-02	9.0613526376570400e-03
612	3.7192327913402712e-02	3.7495604254022263e-02	9.0620831268853046e-03
613	3.7190434294713387e-02	3.7433001588511941e-02	9.0628513570357814e-03
614	3.7188594468183268e-02	3.7369615806170133e-02	9.0636485053545730e-03
615	3.7186803268954335e-02	3.7305457604654417e-02	9.0644697663069575e-03
616	3.7185059091481093e-02	3.7240533451460014e-02	9.0653096573349006e-03
617	3.7183357898208855e-02	3.7174850613709946e-02	9.0661612226751401e-03
618	3.7181688193950083e-02	3.7108418579073779e-02	9.0670238822540983e-03
619	3.7180034585779828e-02	3.7041237237268348e-02	9.0678974038851494e-03
620	3.7178389872697795e-02	3.6973306481574000e-02	9.0687800954320462e-03
621	3.7176747637089599e-02	3.6904631501513442e-02	9.0696732686488795e-03
622	3.7175100274041271e-02	3.6835225214831180e-02	9.0705812224352415e-03
623	3.7173436570607843e-02	3.6765091443607928e-02	9.0715130973108953e-03
624	3.7171740225931255e-02	3.6694228996639169e-02	9.0724749556993309e-03
625	3.7169998049455068e-02	3.6622648883342740e-02	9.0734675939253846e-03
626	3.7168199629657221e-02	3.6550357699888257e-02	9.0744904663688578e-03
627	3.7166339154204871e-02	3.6477357494599745e-02	9.0755393206376003e-03
628	3.7164409082073392e-02	3.6403653233626661e-02	9.0766088316521411e-03
629	3.7162395468569767e-02	3.6329255485405623e-02	9.0776966403883497e-03
630	3.7160288401065229e-02	3.6254178436904504e-02	9.0788032705456205e-03
631	3.7158076476343872e-02	3.6178428385366258e-02	9.0799289935179477e-03
632	3.7155749480091191e-02	3.6102009398807242e-02	9.0810759950967941e-03
633	3.7153298918273410e-02	3.6024927972422308e-02	9.0822430389136191e-03
634	3.7150714428975017e-02	3.5947188879966036e-02	9.0834285485305692e-03
635	3.7147989164153662e-02	3.5868798853601259e-02	9.0846347941298030e-03
636	3.7145107646727175e-02	3.5789773340336541e-02	9.0858597770385637e-03
637	3.7142052807226475e-02	3.5710130010761426e-02	9.0870988716108287e-03
638	3.7138808229892725e-02	3.5629880627376494e-02	9.0883472834927988e-03
639	3.7135360393006342e-02	3.5549036807709627e-02	9.0896030471328479e-03
640	3.7131694870782210e-02	3.5467613068112261e-02	9.0908750870371726e-03
641	3.7127798691466297e-02	3.5385617156974580e-02	9.0921762822856553e-03
642	3.7123661235848295e-02	3.5303051687987405e-02	9.0935117930549189e-03
643	3.7119268859990305e-02	3.5219921811588256e-02	9.0948843662224891e-03
644	3.7114609116329807e-02	3.5136227372442701e-02	9.0962955402152240e-03
645	3.7109667459526680e-02	3.5051967112284067e-02	9.0977494936026488e-03
646	3.7104428455332350e-02	3.4967148373933075e-02	9.0992532132195096e-03
647	3.7098880296704058e-02	3.4881783201873184e-02	9.1008133415298124e-03
648	3.7093012853777481e-02	3.4795881489287549e-02	9.1024352704691600e-03
649	3.7086811109414690e-02	3.4709450707348453e-02	9.1041179819980542e-03
650	3.7080259412638795e-02	3.4622502649919978e-02	9.1058586924675240e-03
651	3.7073340412441307e-02	3.4535048710606489e-02	9.1076530572332722e-03
652	3.7066035895396809e-02	3.4447094998165895e-02	9.1094979427127076e-03
653	3.7058332608079940e-02	3.4358645545864881e-02	9.1113875351119013e-03
654	3.7050220338172568e-02	3.4269703951048489e-02	9.1133150790469533e-03
655	3.7041689981329708e-02	3.4180275821073629e-02	9.1152819915096602e-03
656	3.7032733165471891e-02	3.4090375823857405e-02	9.1172911414466526e-03
657	3.7023340355863375e-02	3.4000017172107676e-02	9.1193467046479012e-03
658	3.7013500021571645e-02	3.3909210391275146e-02	9.1214492610799495e-03
659	3.7003201874022916e-02	3.3817963946451805e-02	9.1235986149139393e-03
660	3.6992437255751014e-02	3.3726277380623990e-02	9.1258031202669874e-03
661	3.6981200214370180e-02	3.3634154607002018e-02	9.1280732038738852e-03
662	3.6969481346569022e-02	3.3541608837155283e-02	9.1304104650553400e-03
663	3.6957268236066404e-02	3.3448655399944634e-02	9.1328117415293356e-03
664	3.6944551921432998e-02	3.3355302962336533e-02	9.1352830093716624e-03
665	3.6931323998224720e-02	3.3261554690272359e-02	9.1378296918709287e-03
666	3.6917574516860549e-02	3.3167415614503822e-02	9.1404514044640481e-03
667	3.6903289643703839e-02	3.3072895373566814e-02	9.1431518051167098e-03
668	3.6888452367042371e-02	3.2978006412437540e-02	9.1459292455076998e-03
669	3.6873055083159995e-02	3.2882762715426922e-02	9.1487711519385711e-03
670	3.6857099882464689e-02	3.2787165529084963e-02	9.1516673370662677e-03
671	3.6840579375912411e-02	3.2691219120327582e-02	9.1546101348110431e-03
672	3.6823486067130692e-02	3.2594938290460951e-02	9.1575879759681518e-03
673	3.6805813914703632e-02	3.2498331126966547e-02	9.1605956375709480e-03
674	3.6787552305693770e-02	3.2401405673737921e-02	9.1636308385151469e-03
675	3.6768690981012569e-02	3.2304172894469907e-02	9.1666930820523806e-03
676	3.6749225228582566e-02	3.2206644856004024e-02	9.1697823418663074e-03
677	3.6729149319534173e-02	3.2108836213727517e-02	9.1728946107107624e-03
678	3.6708455863235658e-02	3.2010761192951549e-02	9.1760269852455938e-03
679	3.6687144891032093e-02	3.1912430404906919e-02	9.1791744040382265e-03
680	3.6665219832915985e-02	3.1813856736132740e-02	9.1823419169832516e-03
681	3.6642689230317174e-02	3.1715052338584918e-02	9.1855385361345205e-03
682	3.6619557659431395e-02	3.1616029899972468e-02	9.1887589700305541e-03
683	3.6595822245775789e-02	3.1516798496106786e-02	9.1919965140862224e-03
684	3.6571473891394771e-02	3.1417359694357862e-02	9.1952507159121892e-03
685	3.6546505673622894e-02	3.1317720821637994e-02	9.1985171329314538e-03
686	3.6520920050913369e-02	3.1217893473844977e-02	9.2017919334338519e-03
687	3.6494716354393268e-02	3.1117889628073953e-02	9.2050714126277831e-03
688	3.6467890739018023e-02	3.1017722284273953e-02	9.2083574156426144e-03
689	3.6440440652881614e-02	3.0917400327235237e-02	9.2116489463148991e-03
690	3.6412358794301401e-02	3.0816925134723637e-02	9.2149426377700211e-03
691	3.6383640537110212e-02	3.0716298089909229e-02	9.2182406611378120e-03
692	3.6354286605856163e-02	3.0615526157796016e-02	9.2215414794841969e-03
693	3.6324293388684821e-02	3.0514619238090755e-02	9.2248473387855461e-03
694	3.6293664740764980e-02	3.0413587020417170e-02	9.2281624889302988e-03
695	3.6262404749737402e-02	3.0312448034816239e-02	9.2314886993804558e-03
696	3.6230509270469002e-02	3.0211216981639359e-02	9.2348259919379748e-03
697	3.6197981371009186e-02	3.0109897147679816e-02	9.2381779324257948e-03
698	3.6164830590431164e-02	3.0008493238011816e-02	9.2415497154729846e-03
699	3.6131063909432118e-02	2.9907012229439384e-02	9.2449450370055957e-03
700	3.6096680175988369e-02	2.9805459553349761e-02	9.2483650277015040e-03
701	3.6061684489978325e-02	2.9703844680632970e-02	9.2518101061721154e-03
702	3.6026086983843186e-02	2.9602184117600627e-02	9.2552809374942431e-03
703	3.5989893939092014e-02	2.9500487597366357e-02	9.2587817277846214e-03
704	3.5953116068134318e-02	2.9398757314575589e-02	9.2623209582049053e-03
705	3.5915765960753791e-02	2.9296994326549489e-02	9.2659018005596151e-03
706	3.5877846630681637e-02	2.9195201096205423e-02	9.2695256213808832e-03
707	3.5839355852034481e-02	2.9093379594157889e-02	9.2731967177018849e-03
708	3.5800297935485774e-02	2.8991533949483648e-02	9.2769133069719508e-03
709	3.5760672198585058e-02	2.8889674828520610e-02	9.2806758050173934e-03
710	3.5720483415373573e-02	2.8787811272129375e-02	9.2844895194656458e-03
711	3.5679745002890874e-02	2.8685947987383668e-02	9.2883594038459423e-03
712	3.5638462015265618e-02	2.8584089724603596e-02	9.2922879221559937e-03
713	3.5596637832833393e-02	2.8482241733170231e-02	9.2962721801164126e-03
714	3.5554283795793021e-02	2.8380415149592712e-02	9.3003146085617640e-03
715	3.5511414223732350e-02	2.8278620089016045e-02	9.3044217530148868e-03
716	3.5468039517651727e-02	2.8176859604546332e-02	9.3085961281325052e-03
717	3.5424170688669487e-02	2.8075135831122932e-02	9.3128417168767616e-03
718	3.5379818787790722e-02	2.7973451252333720e-02	9.3171641193796270e-03
719	3.5334990562059618e-02	2.7871800890650021e-02	9.3215645187292254e-03
720	3.5289695893546649e-02	2.7770182919932353e-02	9.3260459001018505e-03
721	3.5243951835396234e-02	2.7668601205668303e-02	9.3306059464080150e-03
722	3.5197771438962036e-02	2.7567057788853287e-02	9.3352388319506204e-03
723	3.5151163751033790e-02	2.7465554101605383e-02	9.3399364076263564e-03
724	3.5104145203277391e-02	2.7364089150020574e-02	9.3446869152785054e-03
725	3.5056734339907289e-02	2.7262668219389004e-02	9.3494860498505115e-03
726	3.5008940332408617e-02	2.7161297067762002e-02	9.3543331271792509e-03
727	3.4960767323514129e-02	2.7059976388906466e-02	9.3592250457387536e-03
728	3.4912223768317867e-02	2.6958703468429369e-02	9.3641558432350207e-03
729	3.4863318247112612e-02	2.6857475588000321e-02	9.3691246659986620e-03
730	3.4814054771924320e-02	2.6756297271336854e-02	9.3741259982447461e-03
731	3.4764440784025921e-02	2.6655167486858044e-02	9.3791548574422377e-03
732	3.4714484217329866e-02	2.6554085294521846e-02	9.3842081811864372e-03
733	3.4664194611855867e-02	2.6453056846612016e-02	9.3892814697463731e-03
734	3.4613584293382994e-02	2.6352081927412483e-02	9.3943744017812372e-03
735	3.4562660969378337e-02	2.6251158890188538e-02	9.3994845303472293e-03
736	3.4511436586164894e-02	2.6150289834355477e-02	9.4046087465468435e-03
737	3.4459928114744055e-02	2.6049480378393320e-02	9.4097404709722974e-03
738	3.4408147906434317e-02	2.5948731978193966e-02	9.4148780383335341e-03
739	3.4356105370178636e-02	2.5848044591004177e-02	9.4200284537665040e-03
740	3.4303815239519669e-02	2.5747427231862043e-02	9.4251919071695195e-03
741	3.4251292707061877e-02	2.5646883652302502e-02	9.4303647160878402e-03
742	3.4198551635469102e-02	2.5546407922239035e-02	9.4355495169311816e-03
743	3.4145610472475302e-02	2.5445995228311657e-02	9.4407450223139063e-03
744	3.4092486628759910e-02	2.5345646015345370e-02	9.4459527526033135e-03
745	3.4039189177708498e-02	2.5245358478291569e-02	9.4511756703423069e-03
746	3.3985723497292571e-02	2.5145127730959942e-02	9.4564133442642112e-03
747	3.3932099252973774e-02	2.5044947839241650e-02	9.4616612183272605e-03
748	3.3878327837095462e-02	2.4944811794803835e-02	9.4669082395504242e-03
749	3.3824420190802014e-02	2.4844722289188933e-02	9.4721491324647918e-03
750	3.3770382714033029e-02	2.4744687642915507e-02	9.4773855076630744e-03
751	3.3716225427075842e-02	2.4644708668506304e-02	9.4826186782543953e-03
752	3.3661965434951424e-02	2.4544786371992294e-02	9.4878498433660207e-03
753	3.3607618289577333e-02	2.4444929115909078e-02	9.4930806242765585e-03
754	3.3553191762633106e-02	2.4345141377752549e-02	9.4983116083039078e-03
755	3.3498691805697971e-02	2.4245429396093567e-02	9.5035427368670190e-03
756	3.3444127904415574e-02	2.4145803126722130e-02	9.5087673172190527e-03
757	3.3389509287192629e-02	2.4046268805576320e-02	9.5139842896634855e-03
758	3.3334849755853983e-02	2.3946828657915985e-02	9.5192034020362120e-03
759	3.3280162818272445e-02	2.3847484710517709e-02	9.5244283806021485e-03
760	3.3225456467291012e-02	2.3748245929180744e-02	9.5296626616977534e-03
761	3.3170731464492759e-02	2.3649115132292741e-02	9.5349133771081337e-03
762	3.3115984856068544e-02	2.3550084047614765e-02	9.5401836316164525e-03
763	3.3061218990441489e-02	2.3451151022943133e-02	9.5454685719403732e-03
764	3.3006439374426745e-02	2.3352314401497008e-02	9.5507588635053500e-03
765	3.2951651096353687e-02	2.3253566984209946e-02	9.5560493245378485e-03
766	3.2896856536840866e-02	2.3154904031720866e-02	9.5613348289230356e-03
767	3.2842058809114942e-02	2.3056321159761896e-02	9.5666113590802231e-03
768	3.2787269258049985e-02	2.2957808053880792e-02	9.5718761876952777e-03
769	3.2732504253980325e-02	2.2859355599064268e-02	9.5771299005311464e-03
770	3.2677784221329713e-02	2.2760959732600412e-02	9.5823703382384856e-03
771	3.2623123158074890e-02	2.2662617286601332e-02	9.5875931337000373e-03
772	3.2568530526723587e-02	2.2564328182430891e-02	9.5927962081024439e-03
773	3.2514017365487223e-02	2.2466092990642547e-02	9.5979778721950303e-03
774	3.2459588049727317e-02	2.2367906591691741e-02	9.6031396561483285e-03
775	3.2405243558948506e-02	2.2269756813941329e-02	9.6082814398266436e-03
776	3.2350990018218090e-02	2.2171629953276234e-02	9.6134068412464645e-03
777	3.2296833753004996e-02	2.2073518258035142e-02	9.6185229133309864e-03
778	3.2242773279701015e-02	2.1975418960114103e-02	9.6236324924987189e-03
779	3.2188809963668998e-02	2.1877339551631344e-02	9.6287336906513664e-03
780	3.2134947450220032e-02	2.1779291730187708e-02	9.6338270916267680e-03
781	3.2081191840103142e-02	2.1681276946765197e-02	9.6389128157007425e-03
782	3.2027553337781269e-02	2.1583296631088725e-02	9.6439887369229767e-03
783	3.1974040578704621e-02	2.1485354117756053e-02	9.6490538113094479e-03
784	3.1920652392292602e-02	2.1387449854284243e-02	9.6541111442451245e-03
785	3.1867386642657848e-02	2.1289579108841553e-02	9.6591609117198888e-03
786	3.1814245986234148e-02	2.1191736968668898e-02	9.6642049495322870e-03
787	3.1761222253156626e-02	2.1093915811551255e-02	9.6692505059511775e-03
788	3.1708308605031689e-02	2.0996105593371950e-02	9.6742957088887215e-03
789	3.1655503911886124e-02	2.0898300568806493e-02	9.6793340507623695e-03
790	3.1602808307630827e-02	2.0800496052322707e-02	9.6843646133720918e-03
791	3.1550227855333422e-02	2.0702692106679063e-02	9.6893864276915761e-03
792	3.1497764479605547e-02	2.0604893113673459e-02	9.6943965512669688e-03
793	3.1445415930241284e-02	2.0507097598297438e-02	9.6993940967145965e-03
794	3.1393180003263854e-02	2.0409300377904126e-02	9.7043760598091115e-03
795	3.1341052855321759e-02	2.0311497905545470e-02	9.7093453530658087e-03
796	3.1289033933405673e-02	2.0213687945665200e-02	9.7143075014777761e-03
797	3.1237121854528115e-02	2.0115871534283417e-02	9.7192612553365417e-03
798	3.1185309025583263e-02	2.0018051669976042e-02	9.7242062246407097e-03
799	3.1133586240190997e-02	1.9920232325438186e-02	9.7291450041928091e-03
800	3.1081948568972548e-02	1.9822415169140729e-02	9.7340792656060767e-03
801	3.1030392594455804e-02	1.9724595676725555e-02	9.7390070904687445e-03
802	3.0978910611599419e-02	1.9626769724072519e-02	9.7439218568899817e-03
803	3.0927499038119720e-02	1.9528936630924889e-02	9.7488208307879715e-03
804	3.0876155078391934e-02	1.9431091843388929e-02	9.7537075410850348e-03
805	3.0824869799987172e-02	1.9333234138805180e-02	9.7585889864463538e-03
806	3.0773638307146984e-02	1.9235365100386755e-02	9.7634747960838181e-03
807	3.0722454226786561e-02	1.9137487115458634e-02	9.7683653691032161e-03
808	3.0671308029083924e-02	1.9039601962793282e-02	9.7732558622061344e-03
809	3.0620192635472002e-02	1.8941711386361165e-02	9.7781419635268388e-03
810	3.0569099556803991e-02	1.8843811236914823e-02	9.7830166153465518e-03
811	3.0518015805417270e-02	1.8745895338099752e-02	9.7878780406634187e-03
812	3.0466928769374450e-02	1.8647961910388137e-02	9.7927273800563468e-03
813	3.0415831845018334e-02	1.8550009506491751e-02	9.7975641478308881e-03
814	3.0364716337611466e-02	1.8452040405940898e-02	9.8023918068929228e-03
815	3.0313565513825979e-02	1.8354049295489269e-02	9.8072140887643777e-03
816	3.0262363387593649e-02	1.8256032419709231e-02	9.8120315799616279e-03
817	3.0211097777441052e-02	1.8157991088102014e-02	9.8168430894656142e-03
818	3.0159761019426794e-02	1.8059925857014339e-02	9.8216445306310747e-03
819	3.0108345722642916e-02	1.7961843165897461e-02	9.8264357109009767e-03
820	3.0056839523213905e-02	1.7863752420014561e-02	9.8312171266355802e-03
821	3.0005234166751181e-02	1.7765659796716248e-02	9.8359859271912060e-03
822	2.9953514866118559e-02	1.7667562937859073e-02	9.8407457621861576e-03
823	2.9901668438795902e-02	1.7569462034390904e-02	9.8454975156352723e-03
824	2.9849693263542504e-02	1.7471362306735787e-02	9.8502388337630749e-03
825	2.9797579364392160e-02	1.7373265449882339e-02	9.8549739443774646e-03
826	2.9745319005505401e-02	1.7275170680143618e-02	9.8597054632486372e-03
827	2.9692902702144516e-02	1.7177076244296687e-02	9.8644358064926309e-03
828	2.9640317578570777e-02	1.7078984772814911e-02	9.8691649546196886e-03
829	2.9587555984693144e-02	1.6980904886260997e-02	9.8738893417610833e-03
830	2.9534607613518848e-02	1.6882844989861864e-02	9.8786083259398364e-03
831	2.9481461983929536e-02	1.6784811714351172e-02	9.8833197160037439e-03
832	2.9428101508497746e-02	1.6686814523055454e-02	9.8880218799191361e-03
833	2.9374506809751667e-02	1.6588864669217416e-02	9.8927194416051929e-03
834	2.9320657354848477e-02	1.6490973102205188e-02	9.8974109867778545e-03
835	2.9266529572194180e-02	1.6393149214015256e-02	9.9020914735781888e-03
836	2.9212111937350425e-02	1.6295396885084790e-02	9.9067667930355045e-03
837	2.9157398394320824e-02	1.6197720295614018e-02	9.9114385448950230e-03
838	2.9102370973280296e-02	1.6100130048575908e-02	9.9161010556366082e-03
839	2.9047003343920533e-02	1.6002633290096192e-02	9.9207521917184811e-03
840	2.8991275400785072e-02	1.5905229626243723e-02	9.9253844651105774e-03
841	2.8935167441638363e-02	1.5807928516542540e-02	9.9299899134066248e-03
842	2.8878659289781710e-02	1.5710747377491740e-02	9.9345707987118885e-03
843	2.8821740748004414e-02	1.5613699884251007e-02	9.9391266415315236e-03
844	2.8764404870951887e-02	1.5516804528658392e-02	9.9436525845318230e-03
845	2.8706644905220517e-02	1.5420079594794434e-02	9.9481488089145070e-03
846	2.8648452455070049e-02	1.5323536769786919e-02	9.9526183535098497e-03
847	2.8589811069197266e-02	1.5227183356138705e-02	9.9570677217870000e-03
848	2.8530701336153753e-02	1.5131025353894429e-02	9.9615017496785373e-03
849	2.8471111115120729e-02	1.5035070581936892e-02	9.9659240446413038e-03
850	2.8411029766950251e-02	1.4939326324060849e-02	9.9703364302553069e-03
851	2.8350443864473659e-02	1.4843797997521972e-02	9.9747337542026183e-03
852	2.8289336815601605e-02	1.4748496370281527e-02	9.9791135219904122e-03
853	2.8227695674731951e-02	1.4653439162843616e-02	9.9834855917260625e-03
854	2.8165510260348844e-02	1.4558643345233118e-02	9.9878589278628322e-03
855	2.8102765944931999e-02	1.4464123056397452e-02	9.9922343993751259e-03
856	2.8039443732298899e-02	1.4369883970947737e-02	9.9966175170310995e-03
857	2.7975522687894522e-02	1.4275933306198283e-02	1.0001008269718083e-02
858	2.7910985895726124e-02	1.4182280889550815e-02	1.0005404887029541e-02
859	2.7845816952303985e-02	1.4088937815071399e-02	1.0009812427073684e-02
860	2.7780004364186043e-02	1.3995923931189778e-02	1.0014231071527505e-02
861	2.7713535235221146e-02	1.3903260965759055e-02	1.0018655097775955e-02
862	2.7646394857806879e-02	1.3810959236261910e-02	1.0023089838798700e-02
863	2.7578568642909765e-02	1.3719022210954527e-02	1.0027543200687279e-02
864	2.7510044443088629e-02	1.3627464194157571e-02	1.0032013437489060e-02
865	2.7440816490830956e-02	1.3536304081756384e-02	1.0036500570795468e-02
866	2.7370882737572235e-02	1.3445552619149394e-02	1.0040999982070616e-02
867	2.7300241360537107e-02	1.3355212909720381e-02	1.0045502884063657e-02
868	2.7228890716321695e-02	1.3265294571205248e-02	1.0050006799013548e-02
869	2.7156824550963129e-02	1.3175806746903556e-02	1.0054514360912632e-02
870	2.7084027901750088e-02	1.3086758143139128e-02	1.0059029621987696e-02
871	2.7010490045481613e-02	1.2998167018316541e-02	1.0063560461347331e-02
872	2.6936196475698178e-02	1.2910050426443659e-02	1.0068117340117876e-02
873	2.6861128691226574e-02	1.2822422315465905e-02	1.0072705025626674e-02
874	2.6785278326480144e-02	1.2735294121402835e-02	1.0077329517342590e-02
875	2.6708641478101470e-02	1.2648679741666311e-02	1.0081995053189106e-02
876	2.6631210097635916e-02	1.2562589736253786e-02	1.0086704758099176e-02
877	2.6552976885135453e-02	1.2477028308470134e-02	1.0091462415258694e-02
878	2.6473935240166075e-02	1.2392004145135924e-02	1.0096264018088006e-02
879	2.6394073914305261e-02	1.2307528893688977e-02	1.0101107883749783e-02
880	2.6313382206797509e-02	1.2223617677787910e-02	1.0105992471121841e-02
881	2.6231847930982207e-02	1.2140283370581605e-02	1.0110920383525724e-02
882	2.6149460871675256e-02	1.2057538835387334e-02	1.0115899511076096e-02
883	2.6066220822904280e-02	1.1975389986955166e-02	1.0120940248101545e-02
884	2.5982132837591532e-02	1.1893839167633100e-02	1.0126051729086660e-02
885	2.5897200696520760e-02	1.1812890563206975e-02	1.0131237328187879e-02
886	2.5811419926486882e-02	1.1732547000705864e-02	1.0136500049750247e-02
887	2.5724774024783664e-02	1.1652821034024031e-02	1.0141844716009717e-02
888	2.5637249906054930e-02	1.1573721036183164e-02	1.0147273896535631e-02
889	2.5548840637351345e-02	1.1495252099499566e-02	1.0152792139803125e-02
890	2.5459546364108319e-02	1.1417422192581265e-02	1.0158402668539034e-02
891	2.5369373255840866e-02	1.1340242559519362e-02	1.0164105964637064e-02
892	2.5278319507676904e-02	1.1263726878192708e-02	1.0169898526072595e-02
893	2.5186387372738574e-02	1.1187888450634866e-02	1.0175772370754357e-02
894	2.5093577120065699e-02	1.1112741785291352e-02	1.0181725008862432e-02
895	2.4999889870450872e-02	1.1038295477131184e-02	1.0187755677168184e-02
896	2.4905332327373304e-02	1.0964556107958393e-02	1.0193861545102179e-02
897	2.4809907375425898e-02	1.0891533257360832e-02	1.0200035775591259e-02
898	2.4713617823677869e-02	1.0819237586434619e-02	1.0206274336308002e-02
899	2.4616466996373796e-02	1.0747669465554525e-02	1.0212576511100031e-02
900	2.4518459507758168e-02	1.0676825772402525e-02	1.0218938403621347e-02
901	2.4419593793448140e-02	1.0606710185800578e-02	1.0225351212924982e-02
902	2.4319865696706064e-02	1.0537326818986986e-02	1.0231810748249357e-02
903	2.4219272186907382e-02	1.0468674268095250e-02	1.0238319382080181e-02
904	2.4117810851938599e-02	1.0400755717335468e-02	1.0244873784022706e-02
905	2.4015481305301081e-02	1.0333576714910069e-02	1.0251469665146997e-02
906	2.3912290578529293e-02	1.0267139710072348e-02	1.0258100084953568e-02
907	2.3808251383547398e-02	1.0201459457708123e-02	1.0264763282256244e-02
908	2.3703373504499262e-02	1.0136554139943060e-02	1.0271463518005128e-02
909	2.3597669180809681e-02	1.0072431194561037e-02	1.0278198153225329e-02
910	2.3491143208915554e-02	1.0009090773245214e-02	1.0284963877904707e-02
911	2.3383798293535839e-02	9.9465345893462037e-03	1.0291757528477476e-02
912	2.3275650597166880e-02	9.8847654266032529e-03	1.0298576182050861e-02
913	2.3166720854079711e-02	9.8237825917326452e-03	1.0305420284564071e-02
914	2.3057020890945509e-02	9.7635836684562567e-03	1.0312285032232143e-02
915	2.2946554527230597e-02	9.7041722463853917e-03	1.0319163364667540e-02
916	2.2835325681127328e-02	9.6455578063745426e-03	1.0326051138571815e-02
917	2.2723334338816428e-02	9.5877436990051135e-03	1.0332940286996857e-02
918	2.2610584610638810e-02	9.5307322025261591e-03	1.0339825295964455e-02
919	2.2497086849110927e-02	9.4745366116416891e-03	1.0346705931212870e-02
920	2.2382845863722915e-02	9.4191630793171999e-03	1.0353575315877222e-02
921	2.2267866431737539e-02	9.3646115225751066e-03	1.0360421850651769e-02
922	2.2152153502092511e-02	9.3108840630429339e-03	1.0367243040719534e-02
923	2.2035712638132199e-02	9.2579827916123170e-03	1.0374043386179794e-02
924	2.1918549796422885e-02	9.2059132630936888e-03	1.0380830833100242e-02
925	2.1800668551057542e-02	9.1546766882930359e-03	1.0387612688104977e-02
926	2.1682075880066459e-02	9.1042747493833825e-03	1.0394393858763194e-02
927	2.1562781192724458e-02	9.0547081055355454e-03	1.0401172919891243e-02
928	2.1442788779840578e-02	9.0059754888476371e-03	1.0407943341912820e-02
929	2.1322100930297610e-02	8.9580784416680628e-03	1.0414696886081922e-02
930	2.1200725820149816e-02	8.9110159063586040e-03	1.0421429627101977e-02
931	2.1078673903696464e-02	8.8647873637969724e-03	1.0428140594982524e-02
932	2.0955958719514535e-02	8.8193924870400460e-03	1.0434827915684715e-02
933	2.0832595493204910e-02	8.7748354173355983e-03	1.0441486776381941e-02
934	2.0708593792845478e-02	8.7311283218940664e-03	1.0448110395324062e-02
935	2.0583965117926543e-02	8.6882783434937844e-03	1.0454699074345309e-02
936	2.0458722993963743e-02	8.6462836423668761e-03	1.0461255535600757e-02
937	2.0332873630190779e-02	8.6051400571402915e-03	1.0467781531998904e-02
938	2.0206425597793537e-02	8.5648461147113213e-03	1.0474274480386413e-02
939	2.0079385692410582e-02	8.5254017137995838e-03	1.0480727061561062e-02
940	1.9951754006620286e-02	8.4867965612441514e-03	1.0487132234685892e-02
941	1.9823533088347597e-02	8.4490213562605984e-03	1.0493485412890115e-02
942	1.9694726202185538e-02	8.4120765947981943e-03	1.0499781673233979e-02
943	1.9565336330832284e-02	8.3759675334438306e-03	1.0506016691153761e-02
944	1.9435363874847782e-02	8.3406983951323649e-03	1.0512189136979728e-02
945	1.9304816058190954e-02	8.3062712954024565e-03	1.0518298052435610e-02
946	1.9173706268497875e-02	8.2726875438692594e-03	1.0524338633316062e-02
947	1.9042044971752381e-02	8.2399430984432878e-03	1.0530313409018921e-02
948	1.8909845287727503e-02	8.2080420319266493e-03	1.0536232015886165e-02
949	1.8777124069057804e-02	8.1769880558423842e-03	1.0542094979823016e-02
950	1.8643896919270927e-02	8.1467751905295854e-03	1.0547899992077019e-02
951	1.8510177190087244e-02	8.1173992044605379e-03	1.0553645390419433e-02
952	1.8375976131812754e-02	8.0888594154508373e-03	1.0559329297553590e-02
953	1.8241301018749982e-02	8.0611524578719836e-03	1.0564954090262021e-02
954	1.8106162255506240e-02	8.0342724988888021e-03	1.0570523792910609e-02
955	1.7970570841591958e-02	8.0082076695648305e-03	1.0576037553183841e-02
956	1.7834537625426448e-02	7.9829445096637804e-03	1.0581494125454352e-02
957	1.7698069824769787e-02	7.9584812532477889e-03	1.0586890340620795e-02
958	1.7561172331905763e-02	7.9348178421147914e-03	1.0592219006666721e-02
959	1.7423855151302767e-02	7.9119447703454374e-03	1.0597476145216356e-02
960	1.7286125194806452e-02	7.8898478687933187e-03	1.0602654862002960e-02
961	1.7147991463259588e-02	7.8685195427679409e-03	1.0607753138242082e-02
962	1.7009467411949517e-02	7.8479612909684495e-03	1.0612769634009082e-02
963	1.6870561870281783e-02	7.8281743982120781e-03	1.0617703027034846e-02
964	1.6731281328465089e-02	7.8091648189091700e-03	1.0622557890849243e-02
965	1.6591632374726169e-02	7.7909356672842345e-03	1.0627331462449024e-02
966	1.6451623664684559e-02	7.7734844414533832e-03	1.0632026546371924e-02
967	1.6311266821889370e-02	7.7568128884503281e-03	1.0636649155258566e-02
968	1.6170563752326533e-02	7.7409268222596054e-03	1.0641196724829216e-02
969	1.6029509992719921e-02	7.7258257444931724e-03	1.0645667507309126e-02
970	1.5888105825823201e-02	7.7115047100764387e-03	1.0650060988777115e-02
971	1.5746353997001847e-02	7.6979662796651457e-03	1.0654372843133737e-02
972	1.5604261033554745e-02	7.6852144604798367e-03	1.0658603018171153e-02
973	1.5461835237825699e-02	7.6732554763022142e-03	1.0662754334170006e-02
974	1.5319081622963873e-02	7.6620945004943035e-03	1.0666826978589805e-02
975	1.5176003159898550e-02	7.6517381292021003e-03	1.0670821030802670e-02
976	1.5032598662235875e-02	7.6421916851702595e-03	1.0674733778508718e-02
977	1.4888864529245330e-02	7.6334583958276216e-03	1.0678560983979162e-02
978	1.4744801247983450e-02	7.6255457192733744e-03	1.0682303152510149e-02
979	1.4600415436291238e-02	7.6184498177030409e-03	1.0685959731302709e-02
980	1.4455717591822927e-02	7.6121612400567740e-03	1.0689524666702577e-02
981	1.4310709399800897e-02	7.6066739499145077e-03	1.0692997050422396e-02
982	1.4165387803287341e-02	7.6019821506766484e-03	1.0696379904485891e-02
983	1.4019751732490562e-02	7.5980833647259424e-03	1.0699678667429045e-02
984	1.3873802431644228e-02	7.5949777978260892e-03	1.0702900171781757e-02
985	1.3727539646354495e-02	7.5926770182328128e-03	1.0706050551822784e-02
986	1.3580958286549396e-02	7.5911971174154151e-03	1.0709128892035770e-02
987	1.3434058740383050e-02	7.5905474737819282e-03	1.0712130827644146e-02
988	1.3286837680156805e-02	7.5907336045748942e-03	1.0715062967513195e-02
989	1.3139286120193857e-02	7.5917640686261863e-03	1.0717932059292758e-02
990	1.2991393973451339e-02	7.5936440486419387e-03	1.0720739288158410e-02
991	1.2843147067307627e-02	7.5963775412583000e-03	1.0723487851853897e-02
992	1.2694538119625431e-02	7.5999697626063867e-03	1.0726182864460894e-02
993	1.2545564281462560e-02	7.6044227292680925e-03	1.0728826334345090e-02
994	1.2396218686279705e-02	7.6097428890336983e-03	1.0731419710575653e-02
995	1.2246494975300786e-02	7.6159425975374073e-03	1.0733959801271618e-02
996	1.2096384606835904e-02	7.6230298194896419e-03	1.0736440666536033e-02
997	1.1945881662752506e-02	7.6310113030834577e-03	1.0738859787108130e-02
998	1.1794982531733394e-02	7.6398973250879458e-03	1.0741213322359822e-02
999	1.1643680017429436e-02	7.6496896412287943e-03	1.0743500409101450e-02
1000	1.1491964923116250e-02	7.6603853300452286e-03	1.0745726335036320e-02
Integral: 2.0290511808261241e-01
gravity: 8.8531883647019471e-18	7.1421818112482605e-18	-9.7693236741770111e+00
