0	-1.2493833575566816e-02	-4.1829485033776466e-03	-2.9583974700020171e-03
1	-1.2608810303880832e-02	-4.0938080947416130e-03	-2.8937692662111348e-03
2	-1.2725207182432986e-02	-4.0043858812705115e-03	-2.8285946496647224e-03
3	-1.2842903550353489e-02	-3.9150860954008477e-03	-2.7628506944673082e-03
4	-1.2961832947629464e-02	-3.8262633684616526e-03	-2.6965440170353770e-03
5	-1.3081965612507631e-02	-3.7381560071008814e-03	-2.6297210216793400e-03
6	-1.3203254955790627e-02	-3.6509147178155838e-03	-2.5624522270647305e-03
7	-1.3325608597787789e-02	-3.5646364218349502e-03	-2.4947678201204340e-03
8	-1.3448931311672263e-02	-3.4793926390522720e-03	-2.4266721894987569e-03
9	-1.3573184572781227e-02	-3.3952379203651267e-03	-2.3581842289193385e-03
10	-1.3698373850750668e-02	-3.3121934107930855e-03	-2.2893329222981253e-03
11	-1.3824480420957255e-02	-3.2302411252955864e-03	-2.2201139148168960e-03
12	-1.3951527772100149e-02	-3.1492901563506333e-03	-2.1505649814969365e-03
13	-1.4079502818639339e-02	-3.0692496513596711e-03	-2.0805669456398753e-03
14	-1.4208441903463582e-02	-2.9899874326639289e-03	-2.0100702715583536e-03
15	-1.4338407239985059e-02	-2.9113787526526720e-03	-1.9390264349316586e-03
16	-1.4469464640366718e-02	-2.8333080253914425e-03	-1.8673743927506894e-03
17	-1.4601627726173192e-02	-2.7556621183196001e-03	-1.7949748632542751e-03
18	-1.4735022968013805e-02	-2.6783130789841715e-03	-1.7219678379030146e-03
19	-1.4869654638031310e-02	-2.6012007775464839e-03	-1.6482832835868790e-03
20	-1.5005527753778438e-02	-2.5242800804173011e-03	-1.5738895032355849e-03
21	-1.5142702665522638e-02	-2.4475363019166967e-03	-1.4988393070002729e-03
22	-1.5281214538428508e-02	-2.3709823709444021e-03	-1.4232402001678910e-03
23	-1.5421012188329393e-02	-2.2946084083665681e-03	-1.3470992671910809e-03
24	-1.5562107409752564e-02	-2.2183861415069881e-03	-1.2705173146001327e-03
25	-1.5704483010777880e-02	-2.1422942397898814e-03	-1.1935224415745721e-03
26	-1.5848127882298425e-02	-2.0663357851191276e-03	-1.1161382106621258e-03
27	-1.5993024623357319e-02	-1.9905335849836653e-03	-1.0384075642402295e-03
28	-1.6139144912440683e-02	-1.9149081671109864e-03	-9.6041408889645003e-04
29	-1.6286460989508023e-02	-1.8394744599828498e-03	-8.8226105807776511e-04
30	-1.6434915125786480e-02	-1.7642472335888356e-03	-8.0405568691959621e-04
31	-1.6584434101114195e-02	-1.6892224326918407e-03	-7.2591629533466661e-04
32	-1.6734968937300122e-02	-1.6143819071591273e-03	-6.4796455330111218e-04
33	-1.6886465843217159e-02	-1.5397014897080544e-03	-5.7028710915450417e-04
34	-1.7038915477009659e-02	-1.4651647626185010e-03	-4.9303780578075916e-04
35	-1.7192271921113111e-02	-1.3907307657548701e-03	-4.1626960908144282e-04
36	-1.7346539288067876e-02	-1.3163828664059711e-03	-3.4005936844798147e-04
37	-1.7501723229444547e-02	-1.2421070311097353e-03	-2.6447133122307491e-04
38	-1.7657820121926893e-02	-1.1678932477648760e-03	-1.8958264661040331e-04
39	-1.7814773391699880e-02	-1.0937256951084305e-03	-1.1545056643764385e-04
40	-1.7972625116452444e-02	-1.0196286574351275e-03	-4.2145311044078966e-05
41	-1.8131380408518388e-02	-9.4562671421356966e-04	3.0307532977990595e-05
42	-1.8291014399000854e-02	-8.7173471835865271e-04	1.0190181751646311e-04
43	-1.8451573268754781e-02	-7.9796137124131842e-04	1.7265337658903937e-04
44	-1.8613047851602015e-02	-7.2429841874542783e-04	2.4258445357240767e-04
45	-1.8775446796233147e-02	-6.5074137564802325e-04	3.1173689228913577e-04
46	-1.8938825205603894e-02	-5.7730232672132894e-04	3.8018610084490851e-04
47	-1.9103225739884957e-02	-5.0400768235553091e-04	4.4797291600361968e-04
48	-1.9268694851074419e-02	-4.3088640473410166e-04	5.1512521288759564e-04
49	-1.9435277340753926e-02	-3.5796649834051434e-04	5.8167161901971512e-04
50	-1.9603020661613711e-02	-2.8525717115955828e-04	6.4764151529454544e-04
51	-1.9771981667888908e-02	-2.1277231277269022e-04	7.1306681725702219e-04
52	-1.9942234705548102e-02	-1.4052565463377266e-04	7.7795759918026033e-04
53	-2.0113857123685876e-02	-6.8536364037190945e-05	8.4231217338775403e-04
54	-2.0286906181029560e-02	3.1819427919932434e-06	9.0614068307615298e-04
55	-2.0461414389392345e-02	7.4631235503306375e-05	9.6940934594466209e-04
56	-2.0637364833704753e-02	1.4574433348504064e-04	1.0322209635984173e-03
57	-2.0814760939776144e-02	2.1646208154821298e-04	1.0944700838958665e-03
58	-2.0993600278491578e-02	2.8671828529775411e-04	1.1561544764806494e-03
59	-2.1173850786892798e-02	3.5642765619542431e-04	1.2174488935172826e-03
60	-2.1355502253052897e-02	4.2560317947882198e-04	1.2782553867495313e-03
61	-2.1538471275566795e-02	4.9431321949568326e-04	1.3385545412183514e-03
62	-2.1722658766931385e-02	5.6255426662647952e-04	1.3985640981403567e-03
63	-2.1908027788280614e-02	6.3035102322542183e-04	1.4581773920387920e-03
64	-2.2094570284931506e-02	6.9770541154429329e-04	1.5173380144216724e-03
65	-2.2282271633703225e-02	7.6459335143594105e-04	1.5761230992078030e-03
66	-2.2471113641574496e-02	8.3101530611978626e-04	1.6346398178350345e-03
67	-2.2661109465300453e-02	8.9706366629246903e-04	1.6928294351430254e-03
68	-2.2852314770061877e-02	9.6278261746845129e-04	1.7507893306024805e-03
69	-2.3044825841974263e-02	1.0282019279610778e-03	1.8085444662623649e-03
70	-2.3238779039969570e-02	1.0933007849563664e-03	1.8661207251056433e-03
71	-2.3434346798044247e-02	1.1580302226136367e-03	1.9235121421963407e-03
72	-2.3631690510974322e-02	1.2223171687727032e-03	1.9806793106431418e-03
73	-2.3830918250039718e-02	1.2860508920799227e-03	2.0375678747495433e-03
74	-2.4032121086299107e-02	1.3491113224607765e-03	2.0941296496581096e-03
75	-2.4235417030361639e-02	1.4113914829397807e-03	2.1503375488251754e-03
76	-2.4440909547329942e-02	1.4727997425020138e-03	2.2061659378937804e-03
77	-2.4648717559789000e-02	1.5332633138148207e-03	2.2615239800072543e-03
78	-2.4858829420488202e-02	1.5927145382614589e-03	2.3164376097139987e-03
79	-2.5071252264022726e-02	1.6511368695459245e-03	2.3708066276321529e-03
80	-2.5285798516683049e-02	1.7085320812316174e-03	2.4246653037007780e-03
81	-2.5502176239529713e-02	1.7649253482208411e-03	2.4780580766700444e-03
82	-2.5720052132029738e-02	1.8203766677964736e-03	2.5309866918300570e-03
83	-2.5938996560839835e-02	1.8749976489663791e-03	2.5834608533691779e-03
84	-2.6158589451496687e-02	1.9287884063774320e-03	2.6354832496321050e-03
85	-2.6378621317421479e-02	1.9816686130883694e-03	2.6869369385656805e-03
86	-2.6598975273260071e-02	2.0335694470151031e-03	2.7376817040411150e-03
87	-2.6819563140014296e-02	2.0844296491533791e-03	2.7875669946533462e-03
88	-2.7040242488994025e-02	2.1341718672813368e-03	2.8364330830992937e-03
89	-2.7260889834246238e-02	2.1828408249539577e-03	2.8840983088212944e-03
90	-2.7481399479935265e-02	2.2305467341188485e-03	2.9304122775310414e-03
91	-2.7701730833342469e-02	2.2773624518479759e-03	2.9752462342769307e-03
92	-2.7921932888587755e-02	2.3232418667005527e-03	3.0184504284191862e-03
93	-2.8142146619856947e-02	2.3680609330636593e-03	3.0598432501194963e-03
94	-2.8362568763339941e-02	2.4117100257322619e-03	3.0992717807887360e-03
95	-2.8583317337818440e-02	2.4541969640433209e-03	3.1366434986602396e-03
96	-2.8804386097322523e-02	2.4956565230620370e-03	3.1719571580738951e-03
97	-2.9025774825037806e-02	2.5362804417477713e-03	3.2053441830989099e-03
98	-2.9247567139397555e-02	2.5762663707991147e-03	3.2370483760082031e-03
99	-2.9469905135111114e-02	2.6157811608754351e-03	3.2674012012982798e-03
100	-2.9692916410741350e-02	2.6548723671596755e-03	3.2967248357389884e-03
101	-2.9916648521581678e-02	2.6934764164216127e-03	3.3253695928451982e-03
102	-3.0141062128114123e-02	2.7314757156019502e-03	3.3537269092508465e-03
103	-3.0366075200239099e-02	2.7687898592768465e-03	3.3821713379765359e-03
104	-3.0591622342866279e-02	2.8054302946078527e-03	3.4110718550689301e-03
105	-3.0817664194650797e-02	2.8414781823548510e-03	3.4407785618972538e-03
106	-3.1044158063700193e-02	2.8770345189587346e-03	3.4715470616882597e-03
107	-3.1271055872692854e-02	2.9121761634150261e-03	3.5035271956793553e-03
108	-3.1498312171858195e-02	2.9469542736415520e-03	3.5367491047023458e-03
109	-3.1725861540549689e-02	2.9814220349826857e-03	3.5711368079198195e-03
110	-3.1953608110325660e-02	3.0156336776896884e-03	3.6066132203076751e-03
111	-3.2181460584385188e-02	3.0496051988404271e-03	3.6431587312310476e-03
112	-3.2409368897301769e-02	3.0833009032498900e-03	3.6807666787450131e-03
113	-3.2637241883001863e-02	3.1166705665026978e-03	3.7194446560187317e-03
114	-3.2864989510015444e-02	3.1496238868565065e-03	3.7590922727532509e-03
115	-3.3092534775429457e-02	3.1820390200040104e-03	3.7995506258209455e-03
116	-3.3319818926470832e-02	3.2137953702546600e-03	3.8406569576043708e-03
117	-3.3546800081052798e-02	3.2447887362274889e-03	3.8822340032281934e-03
118	-3.3773431660399630e-02	3.2749604674839209e-03	3.9240927914451825e-03
119	-3.3999660556082910e-02	3.3042638722824529e-03	3.9660830606759777e-03
120	-3.4225443433982643e-02	3.3326696139802849e-03	4.0080882809155963e-03
121	-3.4450743291800111e-02	3.3601868365158295e-03	4.0500653784157417e-03
122	-3.4675639231919096e-02	3.3868647244529810e-03	4.0918247505727142e-03
123	-3.4900096778608614e-02	3.4127254452712497e-03	4.1334517447020143e-03
124	-3.5124206026950891e-02	3.4378201483832378e-03	4.1748816611428489e-03
125	-3.5348065661053765e-02	3.4621919803425427e-03	4.2160554502026328e-03
126	-3.5571723119414110e-02	3.4858931056347955e-03	4.2569537118649107e-03
127	-3.5795135951258543e-02	3.5090022459072791e-03	4.2977199184425201e-03
128	-3.6018463440487307e-02	3.5316300941850339e-03	4.3381886719711322e-03
129	-3.6241710269656703e-02	3.5538291893386074e-03	4.3784862974923320e-03
130	-3.6464907598335344e-02	3.5756779284999759e-03	4.4186923625807424e-03
131	-3.6688142100248726e-02	3.5972620942215905e-03	4.4588020483802187e-03
132	-3.6911420590097561e-02	3.6185989104725877e-03	4.4989507125469362e-03
133	-3.7134742151510976e-02	3.6397040823910060e-03	4.5392810866679029e-03
134	-3.7358151184702947e-02	3.6606166492605444e-03	4.5798733708845314e-03
135	-3.7581660141346965e-02	3.6813363939115925e-03	4.6208133669099760e-03
136	-3.7805258487294414e-02	3.7018445819974911e-03	4.6621601843093961e-03
137	-3.8028910835578980e-02	3.7221041799281357e-03	4.7039497317578668e-03
138	-3.8252566526113696e-02	3.7420423688905424e-03	4.7462239592894299e-03
139	-3.8476184313703886e-02	3.7615697687493664e-03	4.7890435064607585e-03
140	-3.8699738856593391e-02	3.7805694498277316e-03	4.8324733545780513e-03
141	-3.8923203719417439e-02	3.7989001809473435e-03	4.8765523251673402e-03
142	-3.9146545747625168e-02	3.8164274130531579e-03	4.9213116721062095e-03
143	-3.9369701608295664e-02	3.8330194476554422e-03	4.9667600918781984e-03
144	-3.9592672624028262e-02	3.8485695874939125e-03	5.0128876966744626e-03
145	-3.9815400078085476e-02	3.8629622068457421e-03	5.0596397917042719e-03
146	-4.0037918959084401e-02	3.8761620204048842e-03	5.1070056218285257e-03
147	-4.0260204424248984e-02	3.8881297000759141e-03	5.1549391602355799e-03
148	-4.0482238096361929e-02	3.8988377834602607e-03	5.2033988406255567e-03
149	-4.0703975139914736e-02	3.9082845615673028e-03	5.2523115004677965e-03
150	-4.0925412476203599e-02	3.9164996567601128e-03	5.3017228881645801e-03
151	-4.1146525275639612e-02	3.9234831587080894e-03	5.3515272516383066e-03
152	-4.1367313646288859e-02	3.9292972316483255e-03	5.4016299157250104e-03
153	-4.1587756199694140e-02	3.9340530307720618e-03	5.4520060985589654e-03
154	-4.1807803299070780e-02	3.9378555255210890e-03	5.5026431528890042e-03
155	-4.2027363620006981e-02	3.9407469600639825e-03	5.5533926336390508e-03
156	-4.2246310270445328e-02	3.9428478479257983e-03	5.6042678152689769e-03
157	-4.2464530607580458e-02	3.9442984609108127e-03	5.6552521545353094e-03
158	-4.2681976546524780e-02	3.9452382811701074e-03	5.7063042564000563e-03
159	-4.2898655747104622e-02	3.9458277440517966e-03	5.7573534012342253e-03
160	-4.3114590603248695e-02	3.9462446804409967e-03	5.8083351894236308e-03
161	-4.3329783096877642e-02	3.9466643124442743e-03	5.8592136757982718e-03
162	-4.3544215756853383e-02	3.9472520518976867e-03	5.9099726910070705e-03
163	-4.3757860376360182e-02	3.9481650126902005e-03	5.9606051255073570e-03
164	-4.3970663507731017e-02	3.9495602715284928e-03	6.0111335523251172e-03
165	-4.4182540129894060e-02	3.9515556522355085e-03	6.0615338268623330e-03
166	-4.4393413958539692e-02	3.9543256975396526e-03	6.1119418465412582e-03
167	-4.4603224410644335e-02	3.9579131585220856e-03	6.1622665054798477e-03
168	-4.4811967571243679e-02	3.9623982523603373e-03	6.2125458018014732e-03
169	-4.5019664403689055e-02	3.9678375504249705e-03	6.2627518573485242e-03
170	-4.5226339555171698e-02	3.9742327446663393e-03	6.3127465010227174e-03
171	-4.5432023676084586e-02	3.9815305668179238e-03	6.3624413890093559e-03
172	-4.5636671614289609e-02	3.9897288499897406e-03	6.4119018541044610e-03
173	-4.5840256315125512e-02	3.9986821880338592e-03	6.4610276916312291e-03
174	-4.6042781150139003e-02	4.0081807467283051e-03	6.5098036472240328e-03
175	-4.6244257909964323e-02	4.0179754747018560e-03	6.5582827727493648e-03
176	-4.6444741987536384e-02	4.0277612772809633e-03	6.6064984370940837e-03
177	-4.6644244026349445e-02	4.0372513692473492e-03	6.6545328856238463e-03
178	-4.6842760834654655e-02	4.0462165965785427e-03	6.7024961599091125e-03
179	-4.7040239208381997e-02	4.0545169460714636e-03	6.7505531846142903e-03
180	-4.7236503334500635e-02	4.0621053153657638e-03	6.7989475464033207e-03
181	-4.7431460384250827e-02	4.0689758406112428e-03	6.8479357064119171e-03
182	-4.7625137753531450e-02	4.0751420312191179e-03	6.8977726703099264e-03
183	-4.7817562863970625e-02	4.0806526872178474e-03	6.9487299251742435e-03
184	-4.8008734910815497e-02	4.0856044374161012e-03	7.0010684790325827e-03
185	-4.8198609859605439e-02	4.0901402355188509e-03	7.0549888123190166e-03
186	-4.8387113004693907e-02	4.0943810204499822e-03	7.1106341096372812e-03
187	-4.8574199294599919e-02	4.0983706790094264e-03	7.1681600322838481e-03
188	-4.8759800765434388e-02	4.1022257755080676e-03	7.2276327748617142e-03
189	-4.8943950862441216e-02	4.1060056510996770e-03	7.2890850220116701e-03
190	-4.9126748831539599e-02	4.1097518620840110e-03	7.3524624008406642e-03
191	-4.9308315106274779e-02	4.1135266100026562e-03	7.4176292093200138e-03
192	-4.9488765832792984e-02	4.1174469143164354e-03	7.4844153490903880e-03
193	-4.9668202490589307e-02	4.1215931361155951e-03	7.5526822150452843e-03
194	-4.9846771689895673e-02	4.1261167810793869e-03	7.6221876034720092e-03
195	-5.0024679325337773e-02	4.1310882639709213e-03	7.6927265055231212e-03
196	-5.0202062205840753e-02	4.1365456087485509e-03	7.7641176133726618e-03
197	-5.0378972746200325e-02	4.1424997452605772e-03	7.8362244987406765e-03
198	-5.0555420149974654e-02	4.1489393424261828e-03	7.9089722653954298e-03
199	-5.0731393079055179e-02	4.1558512709670703e-03	7.9823061818171306e-03
200	-5.0906931276689819e-02	4.1632521814646542e-03	8.0560564927481034e-03
201	-5.1082096848884699e-02	4.1711822764835069e-03	8.1300023312944700e-03
202	-5.1256931396304148e-02	4.1797187724754332e-03	8.2039274599712050e-03
203	-5.1431450382150586e-02	4.1889766821691403e-03	8.2776514903160764e-03
204	-5.1605676601774148e-02	4.1991162946161606e-03	8.3509879571918334e-03
205	-5.1779618266334634e-02	4.2103065893116546e-03	8.4237326418489661e-03
206	-5.1953276998745163e-02	4.2226900732698714e-03	8.4956800585857598e-03
207	-5.2126645955651370e-02	4.2364014096405948e-03	8.5666445529648874e-03
208	-5.2299706998758730e-02	4.2515595049538463e-03	8.6364726201450265e-03
209	-5.2472423965067155e-02	4.2682581747419601e-03	8.7050948693404157e-03
210	-5.2644823297202555e-02	4.2865879863307199e-03	8.7723843898337827e-03
211	-5.2816867145895605e-02	4.3066095614027952e-03	8.8383665433877708e-03
212	-5.2988584474250526e-02	4.3283667156153918e-03	8.9029774302763487e-03
213	-5.3159983370458574e-02	4.3518560534452633e-03	8.9661899996892128e-03
214	-5.3331031394017132e-02	4.3770584830362036e-03	9.0280440562630349e-03
215	-5.3501660562324534e-02	4.4039137047866715e-03	9.0887635918508597e-03
216	-5.3671950945244760e-02	4.4323979439081038e-03	9.1482900846660310e-03
217	-5.3841834447497475e-02	4.4624589315047491e-03	9.2068726070232559e-03
218	-5.4011312174175041e-02	4.4940559456052879e-03	9.2645252857603798e-03
219	-5.4180369258547668e-02	4.5271387383610633e-03	9.3212100386692691e-03
220	-5.4348964549910742e-02	4.5616403391132536e-03	9.3769601697931138e-03
221	-5.4517065218306952e-02	4.5974769262465617e-03	9.4318395549933143e-03
222	-5.4684684148390193e-02	4.6345420524537420e-03	9.4858604458729779e-03
223	-5.4851836241134919e-02	4.6726967971991796e-03	9.5390929791790060e-03
224	-5.5018541164031112e-02	4.7117688294904354e-03	9.5916099340979857e-03
225	-5.5184803561306818e-02	4.7515909138249436e-03	9.6434645633984226e-03
226	-5.5350613753684677e-02	4.7920213914324737e-03	9.6946915598718174e-03
227	-5.5515949777854685e-02	4.8329180648440228e-03	9.7453275296806290e-03
228	-5.5680788922040494e-02	4.8741602379867880e-03	9.7953884033279391e-03
229	-5.5845117230283223e-02	4.9156704220108451e-03	9.8448651867872623e-03
230	-5.6008912975007007e-02	4.9574055390522818e-03	9.8937673712117726e-03
231	-5.6172132341571097e-02	4.9993588841807240e-03	9.9421602411648921e-03
232	-5.6334784404061852e-02	5.0415386800384500e-03	9.9900834536825450e-03
233	-5.6496836518253386e-02	5.0839806273271400e-03	1.0037585011442489e-02
234	-5.6658272501084239e-02	5.1267059978036744e-03	1.0084700706516422e-02
235	-5.6819137487802499e-02	5.1697130786977370e-03	1.0131484505606582e-02
236	-5.6979436088914988e-02	5.2129992816845865e-03	1.0178005886436397e-02
237	-5.7139209973186694e-02	5.2565397992864410e-03	1.0224306341073911e-02
238	-5.7298582222006782e-02	5.3002910350267605e-03	1.0270422609153217e-02
239	-5.7457620847213682e-02	5.3442035393935277e-03	1.0316295653385474e-02
240	-5.7616428777314738e-02	5.3882329393764384e-03	1.0361885464797667e-02
241	-5.7775139286178730e-02	5.4323282840346414e-03	1.0407212292236583e-02
242	-5.7933866148514868e-02	5.4764370633508478e-03	1.0452317964857856e-02
243	-5.8092657358845681e-02	5.5205242761231944e-03	1.0497173608034602e-02
244	-5.8251546031024698e-02	5.5645304729286969e-03	1.0541856192722240e-02
245	-5.8410499336806074e-02	5.6083859688919073e-03	1.0586426792098537e-02
246	-5.8569453425829719e-02	5.6520434579247379e-03	1.0630932652210059e-02
247	-5.8728346221477337e-02	5.6954618592689127e-03	1.0675413345129170e-02
248	-5.8887105141822542e-02	5.7385786546357148e-03	1.0719907285928941e-02
249	-5.9045637099717281e-02	5.7813576084236283e-03	1.0764464666234694e-02
250	-5.9203848738563380e-02	5.8237913294917013e-03	1.0809161856038609e-02
251	-5.9361640261248849e-02	5.8658656265383651e-03	1.0854084130992980e-02
252	-5.9518908593759336e-02	5.9075558525054283e-03	1.0899285049674886e-02
253	-5.9675576047858385e-02	5.9488421033533434e-03	1.0944734072759742e-02
254	-5.9831615096707612e-02	5.9896466203422883e-03	1.0990564794614164e-02
255	-5.9987041934749484e-02	6.0299851723944285e-03	1.1036664369182755e-02
256	-6.0141867376466276e-02	6.0698597829374158e-03	1.1083101000930696e-02
257	-6.0296089670090529e-02	6.1092664929169559e-03	1.1129946854428816e-02
258	-6.0449702829259294e-02	6.1482252208769680e-03	1.1177213317612421e-02
259	-6.0602727427656759e-02	6.1868414024167208e-03	1.1224684432535841e-02
260	-6.0755133536664979e-02	6.2250800404226297e-03	1.1272560036859313e-02
261	-6.0906881973292880e-02	6.2630044196884315e-03	1.1320680756367782e-02
262	-6.1057922099735207e-02	6.3006559726004651e-03	1.1368953156227001e-02
263	-6.1208179254240838e-02	6.3380190619245760e-03	1.1417377531091663e-02
264	-6.1357567494231061e-02	6.3750653664337428e-03	1.1465921147665330e-02
265	-6.1506026554441928e-02	6.4118281406950091e-03	1.1514429427644772e-02
266	-6.1653485891890625e-02	6.4482879340523021e-03	1.1562942338596038e-02
267	-6.1799923533857340e-02	6.4844330266042149e-03	1.1611461120600512e-02
268	-6.1945351311146216e-02	6.5202247062687950e-03	1.1659991031542893e-02
269	-6.2089793242802740e-02	6.5556147135495549e-03	1.1708502285174106e-02
270	-6.2233286280931367e-02	6.5906048891020107e-03	1.1756932729081338e-02
271	-6.2375886868769367e-02	6.6252734645753956e-03	1.1805184768465248e-02
272	-6.2517642975881166e-02	6.6597472983013365e-03	1.1853134196123015e-02
273	-6.2658566956533601e-02	6.6941630265255634e-03	1.1900671480262576e-02
274	-6.2798643191979212e-02	6.7286500495043738e-03	1.1947725448425118e-02
275	-6.2937833324582540e-02	6.7633523257299450e-03	1.1994239497818228e-02
276	-6.3075890443482233e-02	6.7983684259637382e-03	1.2040302822246135e-02
277	-6.3212564968991497e-02	6.8338462697016883e-03	1.2086007203970052e-02
278	-6.3347628777646478e-02	6.8698789359607189e-03	1.2131489738216213e-02
279	-6.3480876515334420e-02	6.9063865229149670e-03	1.2176930729662614e-02
280	-6.3612154450203282e-02	6.9431557860717705e-03	1.2222519635179237e-02
281	-6.3741558081673116e-02	6.9800286871151591e-03	1.2268383513880404e-02
282	-6.3869054289238322e-02	7.0166997863987252e-03	1.2314651562085409e-02
283	-6.3994723664750661e-02	7.0529846008270738e-03	1.2361389989768184e-02
284	-6.4118668105371410e-02	7.0887450438205215e-03	1.2408659273358052e-02
285	-6.4240984254117395e-02	7.1237763262000089e-03	1.2456494295460665e-02
286	-6.4361855439307211e-02	7.1578126736202589e-03	1.2504884676743211e-02
287	-6.4481596262100149e-02	7.1906557378863655e-03	1.2553771002021905e-02
288	-6.4600571451914154e-02	7.2221068367520356e-03	1.2603016332110806e-02
289	-6.4719115152820708e-02	7.2521774099854009e-03	1.2652520813741687e-02
290	-6.4837362760549536e-02	7.2810920459496220e-03	1.2702236542293011e-02
291	-6.4955263374041824e-02	7.3091889348612833e-03	1.2752168742255956e-02
292	-6.5072671124723050e-02	7.3367592559535674e-03	1.2802337657699014e-02
293	-6.5189413969138063e-02	7.3639746377557108e-03	1.2852770262952954e-02
294	-6.5305343069479188e-02	7.3909237278974322e-03	1.2903466102750945e-02
295	-6.5420366930081325e-02	7.4175984213210016e-03	1.2954359377050344e-02
296	-6.5534443951324919e-02	7.4438998899972186e-03	1.3005352503091133e-02
297	-6.5647553108395693e-02	7.4696788518340091e-03	1.3056346233344299e-02
298	-6.5759675270954790e-02	7.4947607762730576e-03	1.3107273281821352e-02
299	-6.5870850238669260e-02	7.5189762294777468e-03	1.3158053065145990e-02
300	-6.5981154811501977e-02	7.5422361809319846e-03	1.3208615586577604e-02
301	-6.6090663859887669e-02	7.5645474883315484e-03	1.3258955004197888e-02
302	-6.6199481664937415e-02	7.5859716099421770e-03	1.3309107943604299e-02
303	-6.6307708907194479e-02	7.6066309216625038e-03	1.3359191034362337e-02
304	-6.6415547933440164e-02	7.6266403148849112e-03	1.3409117011974824e-02
305	-6.6523091936914247e-02	7.6461757947148771e-03	1.3459018609284485e-02
306	-6.6630449873752176e-02	7.6654100370643586e-03	1.3509155087676044e-02
307	-6.6737787892454825e-02	7.6845399787839035e-03	1.3559654311088624e-02
308	-6.6845195736225840e-02	7.7037848682246137e-03	1.3610618079258410e-02
309	-6.6952756052004486e-02	7.7233220748742391e-03	1.3662052414853267e-02
310	-6.7060594250724317e-02	7.7433210963643037e-03	1.3713840561373715e-02
311	-6.7168796297341252e-02	7.7639471298438338e-03	1.3765957153539907e-02
312	-6.7277420939346036e-02	7.7853671101831149e-03	1.3818353436613135e-02
313	-6.7386529782134136e-02	7.8077303012522676e-03	1.3870921575818224e-02
314	-6.7496174366988640e-02	7.8311343229919648e-03	1.3923521421820113e-02
315	-6.7606383145861926e-02	7.8556170024333630e-03	1.3976017059938683e-02
316	-6.7717174174049918e-02	7.8811634901227029e-03	1.4028277894100058e-02
317	-6.7828561536322968e-02	7.9077438450265679e-03	1.4080180290198660e-02
318	-6.7940547685349781e-02	7.9353234408789039e-03	1.4131613137073612e-02
319	-6.8053087429882891e-02	7.9638364225429071e-03	1.4182502750298439e-02
320	-6.8166219737723674e-02	7.9931937681987416e-03	1.4232613516925331e-02
321	-6.8279884302035285e-02	8.0232715184029215e-03	1.4281920840954178e-02
322	-6.8394103221402783e-02	8.0539714928033589e-03	1.4330266645640187e-02
323	-6.8508888772078391e-02	8.0851892205975415e-03	1.4377511443655998e-02
324	-6.8624213464347161e-02	8.1168073792736526e-03	1.4423587332999659e-02
325	-6.8740048717867985e-02	8.1487282458918616e-03	1.4468424211626217e-02
326	-6.8856521175911303e-02	8.1809045576573571e-03	1.4511798381206297e-02
327	-6.8973615311479122e-02	8.2132701715364621e-03	1.4553683495386679e-02
328	-6.9091410802455219e-02	8.2457825885423677e-03	1.4593974847047060e-02
329	-6.9209879056983600e-02	8.2783786775940619e-03	1.4632684729528354e-02
330	-6.9329209778717454e-02	8.3110195226724845e-03	1.4669649218002711e-02
331	-6.9449431168235404e-02	8.3436790158322085e-03	1.4704849661372666e-02
332	-6.9570650060652411e-02	8.3763499284000269e-03	1.4738220127171815e-02
333	-6.9692964531526444e-02	8.4090362905667581e-03	1.4769739817574462e-02
334	-6.9816482865752982e-02	8.4417492655953202e-03	1.4799379266197584e-02
335	-6.9941291643517089e-02	8.4744923119383642e-03	1.4827110977499679e-02
336	-7.0067461216929375e-02	8.5072317888290842e-03	1.4852911356587615e-02
337	-7.0195047312689302e-02	8.5398902988342729e-03	1.4876743710468265e-02
338	-7.0324094740116333e-02	8.5723915755933026e-03	1.4898582874750061e-02
339	-7.0454651075269187e-02	8.6046565465056225e-03	1.4918401300593929e-02
340	-7.0586779211381956e-02	8.6366064148635131e-03	1.4936141854915975e-02
341	-7.0720544951421146e-02	8.6681703649451828e-03	1.4951729596943072e-02
342	-7.0856056976894510e-02	8.6992909174431979e-03	1.4965168279600972e-02
343	-7.0993378683061090e-02	8.7298886252267765e-03	1.4976342151153546e-02
344	-7.1132586246482069e-02	8.7598898233281867e-03	1.4985234291923021e-02
345	-7.1273704722936843e-02	8.7892074551206741e-03	1.4991850374962985e-02
346	-7.1416695342125885e-02	8.8177403065356503e-03	1.4996191275578555e-02
347	-7.1561416154557175e-02	8.8453708145326149e-03	1.4998203603755551e-02
348	-7.1707732644403457e-02	8.8720665346774859e-03	1.4998071863508891e-02
349	-7.1855450150954306e-02	8.8977106980410673e-03	1.4995854276072099e-02
350	-7.2004318289836722e-02	8.9221430178633362e-03	1.4991602224137812e-02
351	-7.2154045408880582e-02	8.9451944286997685e-03	1.4985398891989717e-02
352	-7.2304374428019430e-02	8.9667262312002772e-03	1.4977427118211742e-02
353	-7.2455165178232014e-02	8.9866447357025668e-03	1.4967804269387255e-02
354	-7.2606366169412934e-02	9.0049591926013948e-03	1.4956632753457407e-02
355	-7.2757957432864312e-02	9.0217716734916961e-03	1.4944034746790697e-02
356	-7.2909941395893699e-02	9.0372312491700125e-03	1.4930168281986162e-02
357	-7.3062330799369177e-02	9.0514680093309839e-03	1.4915233159108827e-02
358	-7.3215112628403731e-02	9.0645872970730994e-03	1.4899487757617758e-02
359	-7.3368252572984335e-02	9.0766897303387415e-03	1.4883250317308794e-02
360	-7.3521692413495682e-02	9.0878882552132348e-03	1.4866880707788082e-02
361	-7.3675400826312840e-02	9.0982937806897441e-03	1.4850779639472546e-02
362	-7.3829458143809548e-02	9.1080039195263040e-03	1.4835346009616905e-02
363	-7.3984078839829395e-02	9.1170911030308641e-03	1.4820878036181062e-02
364	-7.4139549373746158e-02	9.1257177514279565e-03	1.4807706300882498e-02
365	-7.4296224146895171e-02	9.1339637280356233e-03	1.4795915260916885e-02
366	-7.4454397040142770e-02	9.1419739327259306e-03	1.4785638535580813e-02
367	-7.4614252631720626e-02	9.1499050790785803e-03	1.4776979745282427e-02
368	-7.4775925755195691e-02	9.1578814243122812e-03	1.4770010424803153e-02
369	-7.4939579508089951e-02	9.1659550536803396e-03	1.4764696201544976e-02
370	-7.5105411174396744e-02	9.1741009520983630e-03	1.4761027727637785e-02
371	-7.5273595933103413e-02	9.1821274410946452e-03	1.4758865239852436e-02
372	-7.5444192655887893e-02	9.1897522112819527e-03	1.4758015845093134e-02
373	-7.5617029232601649e-02	9.1966689854995915e-03	1.4758293222286565e-02
374	-7.5791657024209286e-02	9.2025931645672108e-03	1.4759498875016343e-02
375	-7.5967445271328080e-02	9.2073002640917691e-03	1.4761496495239923e-02
376	-7.6143746974105489e-02	9.2106467056779825e-03	1.4764180075444219e-02
377	-7.6320041265622890e-02	9.2125674948328219e-03	1.4767435971902883e-02
378	-7.6495847524926941e-02	9.2130971047665253e-03	1.4771168071042097e-02
379	-7.6670711760413998e-02	9.2123933022063547e-03	1.4775241965031572e-02
380	-7.6844223600276665e-02	9.2106846541117216e-03	1.4779446721765748e-02
381	-7.7015995664850179e-02	9.2081682740940470e-03	1.4783550174819674e-02
382	-7.7185658168827706e-02	9.2049733144980630e-03	1.4787369060379274e-02
383	-7.7352888276476489e-02	9.2011872526058039e-03	1.4790765715340520e-02
384	-7.7517489470568329e-02	9.1968763828278160e-03	1.4793571296250096e-02
385	-7.7679494430403576e-02	9.1920675223634042e-03	1.4795571958027704e-02
386	-7.7839129934894127e-02	9.1868752998412132e-03	1.4796530132904585e-02
387	-7.7996658017453507e-02	9.1814047555501804e-03	1.4796320083113950e-02
388	-7.8152221008956316e-02	9.1757820492738510e-03	1.4794875989835032e-02
389	-7.8305878384560809e-02	9.1700245947033323e-03	1.4792269453851332e-02
390	-7.8457647953450144e-02	9.1639300034753041e-03	1.4788688536826395e-02
391	-7.8607587780527552e-02	9.1571160998767526e-03	1.4784426027946955e-02
392	-7.8755778873551383e-02	9.1491846388065956e-03	1.4779776783072280e-02
393	-7.8902242528893038e-02	9.1398157135855890e-03	1.4775259626282528e-02
394	-7.9046950350144363e-02	9.1288162094390751e-03	1.4771455860484244e-02
395	-7.9189902905311971e-02	9.1160329543345103e-03	1.4768887700871180e-02
396	-7.9331231370251984e-02	9.1012634003173644e-03	1.4767985528100051e-02
397	-7.9471183575442847e-02	9.0842637194541651e-03	1.4769087992865859e-02
398	-7.9610077959550107e-02	9.0648034450232957e-03	1.4772355241701691e-02
399	-7.9748183624225533e-02	9.0427464819465529e-03	1.4777858476724786e-02
400	-7.9885696175726023e-02	9.0180665378782870e-03	1.4785604846764219e-02
401	-8.0022744011643693e-02	8.9908323580427368e-03	1.4795563117863546e-02
402	-8.0159408005845173e-02	8.9611856006807031e-03	1.4807671255973421e-02
403	-8.0295749111543177e-02	8.9292994547347428e-03	1.4821842451184277e-02
404	-8.0431824439684066e-02	8.8953424654852186e-03	1.4837952472382950e-02
405	-8.0567690369522438e-02	8.8594679984309241e-03	1.4855806214596349e-02
406	-8.0703394716249141e-02	8.8218043394106115e-03	1.4875122358906400e-02
407	-8.0838946729262590e-02	8.7824551179253151e-03	1.4895598409289720e-02
408	-8.0974397684218408e-02	8.7415410523002200e-03	1.4916742637460576e-02
409	-8.1109722375452220e-02	8.6991069532614245e-03	1.4938250242263994e-02
410	-8.1244965787533971e-02	8.6552032473465948e-03	1.4959663311554733e-02
411	-8.1380112703766785e-02	8.6098454855326224e-03	1.4980747068900091e-02
412	-8.1515170090605590e-02	8.5630401239750430e-03	1.5001304402535914e-02
413	-8.1650119178361846e-02	8.5148347249152795e-03	1.5021259262164894e-02
414	-8.1785009055952401e-02	8.4652375121737015e-03	1.5040352145839589e-02
415	-8.1919785128711550e-02	8.4142412180782528e-03	1.5058540359582246e-02
416	-8.2054382941203277e-02	8.3618340100576269e-03	1.5075711943069423e-02
417	-8.2188766243272093e-02	8.3079786069407829e-03	1.5091634863511691e-02
418	-8.2322898392301391e-02	8.2526050268426909e-03	1.5106072972295327e-02
419	-8.2456710311505324e-02	8.1956724476442457e-03	1.5118941816984637e-02
420	-8.2590195520315601e-02	8.1371226435693837e-03	1.5130041106490693e-02
421	-8.2723342600553987e-02	8.0769292062314296e-03	1.5139254600274356e-02
422	-8.2856142724310383e-02	8.0150769652892299e-03	1.5146516448761497e-02
423	-8.2988581713240805e-02	7.9515639926342422e-03	1.5151775634892875e-02
424	-8.3120639641935695e-02	7.8863971331903406e-03	1.5154939995077497e-02
425	-8.3252317470182857e-02	7.8195869388971197e-03	1.5155907974562746e-02
426	-8.3383623777144644e-02	7.7511697155144988e-03	1.5154628926994986e-02
427	-8.3514557804275316e-02	7.6812236536987237e-03	1.5151096411867859e-02
428	-8.3645127399595301e-02	7.6098624678646257e-03	1.5145342856010543e-02
429	-8.3775335319355757e-02	7.5372404104342237e-03	1.5137416037694907e-02
430	-8.3905231476060188e-02	7.4635317573519735e-03	1.5127378653452475e-02
431	-8.4034804808549024e-02	7.3889064981280074e-03	1.5115254191119483e-02
432	-8.4164078209658516e-02	7.3135515221775206e-03	1.5101151495213306e-02
433	-8.4293061695943847e-02	7.2376836476121306e-03	1.5085225716595756e-02
434	-8.4421736921057255e-02	7.1615119357501065e-03	1.5067596152372719e-02
435	-8.4550073453018959e-02	7.0852225992264163e-03	1.5048330263278746e-02
436	-8.4678082523643838e-02	7.0089631705555896e-03	1.5027556993965263e-02
437	-8.4805762356839731e-02	6.9328838509035932e-03	1.5005364770491560e-02
438	-8.4933105782098423e-02	6.8571599376080440e-03	1.4981771144260912e-02
439	-8.5060103621264732e-02	6.7819725391174562e-03	1.4956777115690599e-02
440	-8.5186732344995603e-02	6.7074974410072990e-03	1.4930449815646890e-02
441	-8.5312949421210843e-02	6.6339006932066586e-03	1.4902816284225262e-02
442	-8.5438698826960938e-02	6.5613168594674757e-03	1.4873886192109040e-02
443	-8.5563889893579395e-02	6.4898284428408634e-03	1.4843627709564508e-02
444	-8.5688385646401063e-02	6.4194686615765533e-03	1.4812008190845962e-02
445	-8.5812029420532246e-02	6.3502308435714342e-03	1.4779060858927447e-02
446	-8.5934669588532575e-02	6.2820324180716180e-03	1.4744861062773503e-02
447	-8.6056153952547260e-02	6.2147101537768992e-03	1.4709494613821388e-02
448	-8.6176340322773826e-02	6.1480516013536378e-03	1.4673091585042016e-02
449	-8.6295114904925155e-02	6.0818268334986002e-03	1.4635844091904873e-02
450	-8.6412401987518012e-02	6.0157851117893816e-03	1.4597984351936459e-02
451	-8.6528189932336394e-02	5.9496900169392040e-03	1.4559711265405598e-02
452	-8.6642504869576864e-02	5.8832390999431017e-03	1.4521457208097034e-02
453	-8.6755445476320012e-02	5.8162464953397698e-03	1.4483425699824259e-02
454	-8.6867123973136173e-02	5.7485391538927818e-03	1.4446003091249099e-02
455	-8.6977647125528620e-02	5.6800148687179558e-03	1.4409559952335211e-02
456	-8.7087125654036188e-02	5.6106621469699958e-03	1.4374409366847035e-02
457	-8.7195748768671644e-02	5.5405906637595566e-03	1.4340658437800973e-02
458	-8.7303682654635437e-02	5.4697740817552893e-03	1.4308755724521902e-02
459	-8.7411186298537974e-02	5.3982848073540323e-03	1.4278782051937545e-02
460	-8.7518527441754007e-02	5.3262356432140093e-03	1.4250649356040843e-02
461	-8.7625855519719409e-02	5.2536144373570223e-03	1.4224601784653448e-02
462	-8.7733373131590214e-02	5.1805044384210753e-03	1.4200675495591196e-02
463	-8.7841319897030465e-02	5.1070084117795936e-03	1.4178903144237408e-02
464	-8.7949950578140548e-02	5.0332270096736416e-03	1.4159353155144104e-02
465	-8.8059545584329879e-02	4.9593431444748693e-03	1.4141947230900766e-02
466	-8.8170323240242501e-02	4.8856333762763889e-03	1.4126514997429652e-02
467	-8.8282384814271669e-02	4.8124303746152741e-03	1.4112853659837830e-02
468	-8.8395713445748592e-02	4.7400656344112084e-03	1.4100789464901384e-02
469	-8.8510175056617818e-02	4.6688056836708229e-03	1.4090194721262656e-02
470	-8.8625520562763058e-02	4.5988506299630433e-03	1.4080970531983868e-02
471	-8.8741475040650497e-02	4.5303177886331352e-03	1.4072993687217098e-02
472	-8.8857858763229033e-02	4.4632045091400436e-03	1.4066062379243835e-02
473	-8.8974576109014575e-02	4.3974799751311166e-03	1.4059918173581716e-02
474	-8.9091328262635605e-02	4.3330686264318238e-03	1.4054338121410093e-02
475	-8.9207890892584116e-02	4.2700398329646111e-03	1.4049084044235664e-02
476	-8.9323916282181726e-02	4.2084029579203663e-03	1.4043937871101702e-02
477	-8.9439070889854047e-02	4.1481861297878765e-03	1.4038654273915077e-02
478	-8.9553083546469472e-02	4.0894927567349578e-03	1.4032978760000397e-02
479	-8.9665740417024672e-02	4.0324764520331532e-03	1.4026707608231615e-02
480	-8.9776655659710242e-02	3.9770603850954661e-03	1.4019623166589140e-02
481	-8.9885459108079338e-02	3.9230658318186390e-03	1.4011524745861830e-02
482	-8.9991882266128406e-02	3.8701363701398395e-03	1.4002222989375935e-02
483	-9.0095744043651060e-02	3.8178129770184001e-03	1.3991550821196616e-02
484	-9.0196891524464556e-02	3.7656306199177997e-03	1.3979362344721680e-02
485	-9.0295245968747842e-02	3.7133061021875700e-03	1.3965662066333371e-02
486	-9.0390824489560262e-02	3.6607584156861310e-03	1.3950589401416413e-02
487	-9.0483783990388755e-02	3.6079890103057305e-03	1.3934394537654935e-02
488	-9.0574351380115686e-02	3.5549654113591414e-03	1.3917403637890867e-02
489	-9.0662714341802592e-02	3.5015647024404959e-03	1.3899984301747060e-02
490	-9.0748966805413875e-02	3.4476109696163909e-03	1.3882547352517696e-02
491	-9.0833130751414470e-02	3.3929988962262633e-03	1.3865549607725335e-02
492	-9.0915229016217000e-02	3.3377078184581429e-03	1.3849456123944705e-02
493	-9.0995311208646151e-02	3.2817645652380018e-03	1.3834698232144635e-02
494	-9.1073422992272252e-02	3.2252283155033926e-03	1.3821620137424058e-02
495	-9.1149579261342623e-02	3.1681752014927362e-03	1.3810464716243089e-02
496	-9.1223841452146195e-02	3.1106317697181282e-03	1.3801247699873486e-02
497	-9.1296181011849165e-02	3.0526399248393741e-03	1.3794068819660605e-02
498	-9.1366618884026501e-02	2.9941791039490074e-03	1.3788808519870414e-02
499	-9.1435172542261120e-02	2.9351961166362412e-03	1.3785212100217544e-02
500	-9.1501798008133559e-02	2.8756227010102598e-03	1.3783187369876146e-02
501	-9.1566471193471194e-02	2.8154150874170974e-03	1.3782777044206000e-02
502	-9.1629225801549807e-02	2.7545464800841682e-03	1.3783899830294504e-02
503	-9.1689990145183878e-02	2.6930008984668210e-03	1.3786740591618827e-02
504	-9.1748717828402229e-02	2.6307361996231507e-03	1.3791496783542622e-02
505	-9.1805399335911780e-02	2.5677134095890767e-03	1.3798191404258529e-02
506	-9.1860035122774866e-02	2.5039220379829046e-03	1.3806625424247359e-02
507	-9.1912600922591695e-02	2.4393704362069986e-03	1.3816626013661022e-02
508	-9.1963109252784864e-02	2.3741416596603660e-03	1.3827823531526442e-02
509	-9.2011527537295135e-02	2.3083739830941047e-03	1.3839899746529594e-02
510	-9.2057811363634778e-02	2.2422345001152730e-03	1.3852569613466099e-02
511	-9.2101914451370906e-02	2.1758905495380915e-03	1.3865578620607133e-02
512	-9.2143814443524333e-02	2.1094972246702517e-03	1.3878725762854290e-02
513	-9.2183489016466544e-02	2.0432149382725862e-03	1.3891840011588264e-02
514	-9.2220902409775055e-02	1.9772031124935981e-03	1.3904774047564961e-02
515	-9.2256023763312336e-02	1.9115905686522786e-03	1.3917415141345790e-02
516	-9.2288821498207357e-02	1.8464871703778531e-03	1.3929664621452007e-02
517	-9.2319229762956312e-02	1.7819989502796891e-03	1.3941468894697592e-02
518	-9.2347282866322142e-02	1.7182647255124402e-03	1.3952646477946975e-02
519	-9.2372863399589111e-02	1.6553746755396152e-03	1.3963164102798881e-02
520	-9.2395936140398441e-02	1.5934209571413732e-03	1.3972875756034085e-02
521	-9.2416409840300417e-02	1.5324998488980333e-03	1.3981761864405176e-02
522	-9.2434366824443573e-02	1.4727450576642049e-03	1.3989675424125934e-02
523	-9.2449628317789662e-02	1.4141986348454238e-03	1.3996871274001446e-02
524	-9.2462301728387569e-02	1.3569643678990307e-03	1.4003246502041192e-02
525	-9.2472339777142296e-02	1.3010365657655299e-03	1.4008863427726713e-02
526	-9.2479712951361814e-02	1.2463629681315632e-03	1.4013737451718244e-02
527	-9.2484437711252240e-02	1.1928860591569183e-03	1.4017851705567788e-02
528	-9.2486501822511349e-02	1.1405073678857670e-03	1.4021286735605589e-02
529	-9.2485876605793549e-02	1.0891257862322811e-03	1.4024126857612599e-02
530	-9.2482566265884775e-02	1.0386557547932475e-03	1.4026452064759396e-02
531	-9.2476581463665899e-02	9.8899013791095298e-04	1.4028368097676359e-02
532	-9.2467933695419419e-02	9.4001722652087857e-04	1.4029985503589434e-02
533	-9.2456633068432770e-02	8.9164487912096713e-04	1.4031408600775048e-02
534	-9.2442685630433785e-02	8.4378980285293177e-04	1.4032729085375591e-02
535	-9.2426090165750055e-02	7.9637299060579395e-04	1.4034044717356356e-02
536	-9.2406827489618079e-02	7.4931735199645260e-04	1.4035480509790916e-02
537	-9.2384876583168601e-02	7.0256786687815311e-04	1.4037183839084831e-02
538	-9.2360227702487113e-02	6.5609551919381445e-04	1.4039294101188735e-02
539	-9.2332851419883566e-02	6.0989499694699440e-04	1.4041881011182500e-02
540	-9.2302761245809842e-02	5.6403758360389934e-04	1.4045069322110942e-02
541	-9.2269950579694934e-02	5.1861164115954525e-04	1.4048914571639318e-02
542	-9.2234459398257376e-02	4.7377700490226548e-04	1.4053478961602178e-02
543	-9.2196384372096790e-02	4.2978115493170951e-04	1.4058877763337193e-02
544	-9.2155870759254715e-02	3.8692426109112796e-04	1.4065259775489577e-02
545	-9.2113097804829944e-02	3.4541543116500649e-04	1.4072533165409675e-02
546	-9.2068182014251293e-02	3.0549030244307460e-04	1.4080815666855331e-02
547	-9.2021262343816621e-02	2.6732272259255129e-04	1.4090251132034971e-02
548	-9.1972522369579562e-02	2.3095088427741337e-04	1.4100836066298828e-02
549	-9.1922072329220422e-02	1.9649213110767605e-04	1.4112769090643150e-02
550	-9.1869977571568479e-02	1.6408180130920969e-04	1.4126260733431357e-02
551	-9.1816332465656264e-02	1.3375861380197590e-04	1.4141312558978504e-02
552	-9.1761212358756075e-02	1.0567289941859870e-04	1.4158073713289710e-02
553	-9.1704712997421209e-02	7.9909552273597930e-05	1.4176585385344668e-02
554	-9.1646950270163105e-02	5.6544206953119727e-05	1.4196837296841257e-02
555	-9.1588010580035406e-02	3.5662014564838253e-05	1.4218775128919250e-02
556	-9.1527924962349461e-02	1.7320800735092060e-05	1.4242318714745445e-02
557	-9.1466694843420834e-02	1.5007746112723338e-06	1.4267387741558472e-02
558	-9.1404276524349778e-02	-1.1885080442408098e-05	1.4293948006043425e-02
559	-9.1340573999602895e-02	-2.2975358774074986e-05	1.4322007290062019e-02
560	-9.1275461651906517e-02	-3.1973028010170796e-05	1.4351560752164995e-02
561	-9.1208813692295873e-02	-3.9118272531190846e-05	1.4382534558306575e-02
562	-9.1140453609017041e-02	-4.4599423073276253e-05	1.4414925433394258e-02
563	-9.1070211032329859e-02	-4.8590547689589360e-05	1.4448572745612049e-02
564	-9.0997894743349850e-02	-5.1154206977498283e-05	1.4483336168391734e-02
565	-9.0923359802598844e-02	-5.2300919089963632e-05	1.4519032883911992e-02
566	-9.0846642254846455e-02	-5.2018888104790306e-05	1.4555413475290159e-02
567	-9.0768114084783261e-02	-5.0298879121522499e-05	1.4592171916600470e-02
568	-9.0688138830059550e-02	-4.7062683117397770e-05	1.4628982079747889e-02
569	-9.0607134533598477e-02	-4.2408471763746074e-05	1.4665457057319392e-02
570	-9.0525356502741738e-02	-3.6596183155509402e-05	1.4701248984895972e-02
571	-9.0442989777052840e-02	-2.9984211463978946e-05	1.4736024307829653e-02
572	-9.0360277138529163e-02	-2.3055129946995390e-05	1.4769473359282756e-02
573	-9.0277606458091186e-02	-1.6372169973277632e-05	1.4801356502875564e-02
574	-9.0195261572558735e-02	-1.0335032055535028e-05	1.4831389459670755e-02
575	-9.0113465727265391e-02	-5.1853978417731679e-06	1.4859289225029809e-02
576	-9.0032320497737586e-02	-1.0012288847184853e-06	1.4884781996845354e-02
577	-8.9951831173509564e-02	2.2774430716804462e-06	1.4907666654094294e-02
578	-8.9871899849915879e-02	4.7963932206921249e-06	1.4927806807451083e-02
579	-8.9792314265047968e-02	6.7106606258409078e-06	1.4945088017239830e-02
580	-8.9712758605373893e-02	8.2009908314859786e-06	1.4959404149985199e-02
581	-8.9632898545957018e-02	9.5426346733034544e-06	1.4970685068406299e-02
582	-8.9552491279083393e-02	1.1146573019296629e-05	1.4978867297549586e-02
583	-8.9471463157868733e-02	1.3619289059762789e-05	1.4983857550927517e-02
584	-8.9389803612148530e-02	1.7707157054236890e-05	1.4985523909672494e-02
585	-8.9307525881299754e-02	2.4172544233957679e-05	1.4983807368447686e-02
586	-8.9224674052682418e-02	3.3658975776895335e-05	1.4978595944251756e-02
587	-8.9141347978272598e-02	4.6581848735337931e-05	1.4969816533597358e-02
588	-8.9057672182678252e-02	6.3188680591459267e-05	1.4957446528684862e-02
589	-8.8973709954272825e-02	8.3574697262398654e-05	1.4941618820077048e-02
590	-8.8889455553834776e-02	1.0779303559201951e-04	1.4922382397602746e-02
591	-8.8804819316454384e-02	1.3580132801566997e-04	1.4899861509089174e-02
592	-8.8719676899038424e-02	1.6742815688432149e-04	1.4874264811238703e-02
593	-8.8633929120201002e-02	2.0241357019292180e-04	1.4845795765412267e-02
594	-8.8547549317536514e-02	2.4046447266336474e-04	1.4814551804041832e-02
595	-8.8460527849162252e-02	2.8122515884366377e-04	1.4780671211468491e-02
596	-8.8372858919771743e-02	3.2430403086816369e-04	1.4744287758179741e-02
597	-8.8284512726271025e-02	3.6930735115108768e-04	1.4705542860393583e-02
598	-8.8195449758607644e-02	4.1587317426586051e-04	1.4664611733387369e-02
599	-8.8105651269865901e-02	4.6369962097217888e-04	1.4621685812576403e-02
600	-8.8015109583142750e-02	5.1255145490737065e-04	1.4576980215872575e-02
601	-8.7923827792217982e-02	5.6226009358505472e-04	1.4530720927400683e-02
602	-8.7831828916454094e-02	6.1271133995691673e-04	1.4483118901703200e-02
603	-8.7739146543672722e-02	6.6381560624537335e-04	1.4434390242455242e-02
604	-8.7645826228140822e-02	7.1552135467691609e-04	1.4384746750832183e-02
605	-8.7551891848729205e-02	7.6780936606563347e-04	1.4334428468772980e-02
606	-8.7457415446372200e-02	8.2064388515389085e-04	1.4283497750714309e-02
607	-8.7362414321134077e-02	8.7406382662680228e-04	1.4232206421600502e-02
608	-8.7266972712918792e-02	9.2814676140464368e-04	1.4180655729069697e-02
609	-8.7171176461884797e-02	9.8299103853329668e-04	1.4128938356044373e-02
610	-8.7075069349952780e-02	1.0387206290732656e-03	1.4077196000454810e-02
611	-8.6978639618748771e-02	1.0954861255451538e-03	1.4025695791546290e-02
612	-8.6881961867671165e-02	1.1533636325154640e-03	1.3974368132816816e-02
613	-8.6785037862465622e-02	1.2124641210690291e-03	1.3923390008531404e-02
614	-8.6687882754058532e-02	1.2728649048721972e-03	1.3872877464614410e-02
615	-8.6590517701352565e-02	1.3346195269415000e-03	1.3822834766068878e-02
616	-8.6492955179433673e-02	1.3977632060651463e-03	1.3773256642824793e-02
617	-8.6395155760296646e-02	1.4623318395246307e-03	1.3724245371335373e-02
618	-8.6297098920253348e-02	1.5283340403614827e-03	1.3675828141069475e-02
619	-8.6198755432940616e-02	1.5957689025907164e-03	1.3628037262383428e-02
620	-8.6100115478255662e-02	1.6646323687808634e-03	1.3580892228468904e-02
621	-8.6001167072874862e-02	1.7349018457240711e-03	1.3534397236874222e-02
622	-8.5901888618432329e-02	1.8065088560706600e-03	1.3488543474997372e-02
623	-8.5802261853529654e-02	1.8793623327026396e-03	1.3443337486565675e-02
624	-8.5702243745468254e-02	1.9533578931161789e-03	1.3398811501896883e-02
625	-8.5601763099291808e-02	2.0283610652439858e-03	1.3354975376744052e-02
626	-8.5500768295018723e-02	2.1042084177575024e-03	1.3311784519542342e-02
627	-8.5399219030786608e-02	2.1807535615165235e-03	1.3269166089039101e-02
628	-8.5297093383941189e-02	2.2578677136579511e-03	1.3227101410411468e-02
629	-8.5194374094116398e-02	2.3354240364258441e-03	1.3185620371415286e-02
630	-8.5091041858005728e-02	2.4133100714169727e-03	1.3144723405502870e-02
631	-8.4987121189244702e-02	2.4913961013671945e-03	1.3104507701284372e-02
632	-8.4882642452063020e-02	2.5695445084930792e-03	1.3065122125735141e-02
633	-8.4777621940867645e-02	2.6476481951215884e-03	1.3026524039524199e-02
634	-8.4672052039084011e-02	2.7256189624264831e-03	1.2988807128629104e-02
635	-8.4565901330020746e-02	2.8033961964182563e-03	1.2952088149793203e-02
636	-8.4459138421539404e-02	2.8809525330581124e-03	1.2916418844701197e-02
637	-8.4351726020106002e-02	2.9582827533198796e-03	1.2881845264909202e-02
638	-8.4243573751689449e-02	3.0353482770392802e-03	1.2848539123146843e-02
639	-8.4134631106264068e-02	3.1121779626577181e-03	1.2816423023605599e-02
640	-8.4024780014990960e-02	3.1888028079615723e-03	1.2785579605962504e-02
641	-8.3913910561794786e-02	3.2653041296102389e-03	1.2755983697208723e-02
642	-8.3801924803358255e-02	3.3417758243925455e-03	1.2727560540894904e-02
643	-8.3688748252317924e-02	3.4182947730800931e-03	1.2700201536982285e-02
644	-8.3574318030611161e-02	3.4948938518615550e-03	1.2673764294082991e-02
645	-8.3458556534229691e-02	3.5715654157251081e-03	1.2648078620130771e-02
646	-8.3341338382435168e-02	3.6482656075327580e-03	1.2622962649803332e-02
647	-8.3222510265161365e-02	3.7249271817648773e-03	1.2598238224093344e-02
648	-8.3101928487777449e-02	3.8014452671148720e-03	1.2573734049287971e-02
649	-8.2979476603063110e-02	3.8777042206428647e-03	1.2549228015125142e-02
650	-8.2854990589076055e-02	3.9534948856782531e-03	1.2524706677149547e-02
651	-8.2728331954939602e-02	4.0287039792834180e-03	1.2499892115831343e-02
652	-8.2599330805045917e-02	4.1032009352358787e-03	1.2474641815570824e-02
653	-8.2467802341489371e-02	4.1768238487923399e-03	1.2449013026404984e-02
654	-8.2333641681992004e-02	4.2495721533586722e-03	1.2422773458286022e-02
655	-8.2196813706130800e-02	4.3214814573259517e-03	1.2395787654016740e-02
656	-8.2057191912789679e-02	4.3925165460488606e-03	1.2368087635452031e-02
657	-8.1914647697098483e-02	4.4626597206540832e-03	1.2339596774608289e-02
658	-8.1769092881653530e-02	4.5318994233648604e-03	1.2310218778849764e-02
659	-8.1620468928903969e-02	4.6001914191576296e-03	1.2279894430889718e-02
660	-8.1468677865369432e-02	4.6674473431366666e-03	1.2248638124051716e-02
661	-8.1313731735726466e-02	4.7335925269137514e-03	1.2216406781656017e-02
662	-8.1155753270632083e-02	4.7985437681557991e-03	1.2183131637643604e-02
663	-8.0994994594098688e-02	4.8622121748529727e-03	1.2148719993724112e-02
664	-8.0831837601005305e-02	4.9245322508267401e-03	1.2113094851014463e-02
665	-8.0666659079779990e-02	4.9854875123543519e-03	1.2076275140660854e-02
666	-8.0499697775884574e-02	5.0451073166063740e-03	1.2038406475663059e-02
667	-8.0331207833686330e-02	5.1034374632822699e-03	1.1999701295286151e-02
668	-8.0161526354624632e-02	5.1604930285240784e-03	1.1960407208732740e-02
669	-7.9991042883809205e-02	5.2162853070838698e-03	1.1920821066435973e-02
670	-7.9820159197209153e-02	5.2708573744880910e-03	1.1881257507873973e-02
671	-7.9649194183777874e-02	5.3242858368082865e-03	1.1842050580553766e-02
672	-7.9478298230069799e-02	5.3765875065161124e-03	1.1803506778829031e-02
673	-7.9307670465740096e-02	5.4278179810941535e-03	1.1765924183029087e-02
674	-7.9137461849991486e-02	5.4780948212867931e-03	1.1729569546342834e-02
675	-7.8967736436824545e-02	5.5276125272886185e-03	1.1694616243138944e-02
676	-7.8798527428904058e-02	5.5765902881606379e-03	1.1661160936957649e-02
677	-7.8629939487040681e-02	5.6252843321202544e-03	1.1629284456231466e-02
678	-7.8462010043786723e-02	5.6737948253468415e-03	1.1598908738681813e-02
679	-7.8294704944621693e-02	5.7221239543920523e-03	1.1569865300259453e-02
680	-7.8127877315003633e-02	5.7702389973479217e-03	1.1541934235351188e-02
681	-7.7961308058811837e-02	5.8181092129619737e-03	1.1514891191468446e-02
682	-7.7794812194790411e-02	5.8657096357209327e-03	1.1488481079369447e-02
683	-7.7628327703642488e-02	5.9130733406613060e-03	1.1462417981751117e-02
684	-7.7461856131874882e-02	5.9602303096118574e-03	1.1436367481360170e-02
685	-7.7295394026539316e-02	6.0071849082674713e-03	1.1409952268858629e-02
686	-7.7128899498061190e-02	6.0539094380091269e-03	1.1382791425869497e-02
687	-7.6962326071550707e-02	6.1003601901521510e-03	1.1354530830239760e-02
688	-7.6795655239313088e-02	6.1465209046365418e-03	1.1324865672705242e-02
689	-7.6628862694450836e-02	6.1924158250998042e-03	1.1293568270413726e-02
690	-7.6461912581877331e-02	6.2381071563680944e-03	1.1260473229829239e-02
691	-7.6294776603437392e-02	6.2836827138062264e-03	1.1225475933706213e-02
692	-7.6127443161062722e-02	6.3292164233307224e-03	1.1188549440831506e-02
693	-7.5959892755883510e-02	6.3747366404862602e-03	1.1149759882677449e-02
694	-7.5792134037518027e-02	6.4201926916882084e-03	1.1109110829194618e-02
695	-7.5624116933503405e-02	6.4654999703756396e-03	1.1066812706673156e-02
696	-7.5455851249055114e-02	6.5105311725042712e-03	1.1022861349042026e-02
697	-7.5287348351430958e-02	6.5551682827594661e-03	1.0977074846406388e-02
698	-7.5118610981108197e-02	6.5993072143338480e-03	1.0929347051036277e-02
699	-7.4949594709135689e-02	6.6428722243303861e-03	1.0879961022036201e-02
700	-7.4780345008014670e-02	6.6858238307789704e-03	1.0828894582381015e-02
701	-7.4610810240646974e-02	6.7280985584305310e-03	1.0776461997555525e-02
702	-7.4440997704918840e-02	6.7696241881865888e-03	1.0722792510370175e-02
703	-7.4270843445669907e-02	6.8102983421084642e-03	1.0668243653469359e-02
704	-7.4100381378958066e-02	6.8500257968863885e-03	1.0612777954631163e-02
705	-7.3929547146800487e-02	6.8887036487196417e-03	1.0556652255248614e-02
706	-7.3758343999834677e-02	6.9262542601316599e-03	1.0499922636673733e-02
707	-7.3586772528726918e-02	6.9626304473784945e-03	1.0442673329740412e-02
708	-7.3414827110879211e-02	6.9978171313833416e-03	1.0384974228976553e-02
709	-7.3242507107365767e-02	7.0318000420614511e-03	1.0326904368415058e-02
710	-7.3069803898027030e-02	7.0645638212537363e-03	1.0268562548693022e-02
711	-7.2896702693467375e-02	7.0961025609521848e-03	1.0210079571284780e-02
712	-7.2723196399571630e-02	7.1264165956257987e-03	1.0151616123328214e-02
713	-7.2549292766052445e-02	7.1554962574228165e-03	1.0093302537113647e-02
714	-7.2375004789665631e-02	7.1833129007973975e-03	1.0035194612746467e-02
715	-7.2200307526342114e-02	7.2098167568623158e-03	9.9773587981482753e-03
716	-7.2025235617950795e-02	7.2350165792704254e-03	9.9196509222087975e-03
717	-7.1849705968995717e-02	7.2588482298459461e-03	9.8621465953669957e-03
718	-7.1673720154347337e-02	7.2813277500410742e-03	9.8048073336963141e-03
719	-7.1497279281779430e-02	7.3025012710541265e-03	9.7476179785927330e-03
720	-7.1320341326606043e-02	7.3223979358822853e-03	9.6906111764182654e-03
721	-7.1142868162989939e-02	7.3410794839789293e-03	9.6337753267555382e-03
722	-7.0964868656398630e-02	7.3586295503597268e-03	9.5770866930466464e-03
723	-7.0786343708089242e-02	7.3751488860500690e-03	9.5205734957296145e-03
724	-7.0607298986018155e-02	7.3907488567301113e-03	9.4642586378124189e-03
725	-7.0427753893006831e-02	7.4055136207209138e-03	9.4081533667021780e-03
726	-7.0247749129817613e-02	7.4194989280340056e-03	9.3522866836300584e-03
727	-7.0067293525527125e-02	7.4327505566566124e-03	9.2966426932138725e-03
728	-6.9886419445459008e-02	7.4453060086870004e-03	9.2412303247651068e-03
729	-6.9705168998098130e-02	7.4572036593785378e-03	9.1860278417687288e-03
730	-6.9523560760328187e-02	7.4684899760434241e-03	9.1309870293790184e-03
731	-6.9341593349598857e-02	7.4792058816773779e-03	9.0760636682237772e-03
732	-6.9159290727501113e-02	7.4893772875533624e-03	9.0212384363255356e-03
733	-6.8976685461870718e-02	7.4989970517316618e-03	8.9664860785741221e-03
734	-6.8793801941879604e-02	7.5080091090967364e-03	8.9117513214773628e-03
735	-6.8610647062911326e-02	7.5162970333020971e-03	8.8569795202766578e-03
736	-6.8427182150899046e-02	7.5236794672879073e-03	8.8021370942564237e-03
737	-6.8243323584947529e-02	7.5298906265795426e-03	8.7471751202690042e-03
738	-6.8058966593459266e-02	7.5347239567111427e-03	8.6922149667475815e-03
739	-6.7874081394526387e-02	7.5379548837738409e-03	8.6372036105541224e-03
740	-6.7688618532267944e-02	7.5393904600421424e-03	8.5820560637036823e-03
741	-6.7502496228279918e-02	7.5389434852778494e-03	8.5268482908589342e-03
742	-6.7315665044292122e-02	7.5364523296174747e-03	8.4715483693440109e-03
743	-6.7128123237637685e-02	7.5316814237761393e-03	8.4159603359136876e-03
744	-6.6939832390628048e-02	7.5245710011328905e-03	8.3602716983180291e-03
745	-6.6750796522309058e-02	7.5149462690286082e-03	8.3045005068835814e-03
746	-6.6561039429889127e-02	7.5026025451715769e-03	8.2486002410648868e-03
747	-6.6370568141098318e-02	7.4873270926539498e-03	8.1925194873040015e-03
748	-6.6179375715785319e-02	7.4689563843582775e-03	8.1363392744051750e-03
749	-6.5987503621269927e-02	7.4473216009432472e-03	8.0800906354744264e-03
750	-6.5794980200684361e-02	7.4222749115856251e-03	8.0238012988823344e-03
751	-6.5601815270564190e-02	7.3937017156263385e-03	7.9674681255987416e-03
752	-6.5408025555151753e-02	7.3615334845052605e-03	7.9110639892342027e-03
753	-6.5213646147132792e-02	7.3257455939145536e-03	7.8545516545618730e-03
754	-6.5018729781938275e-02	7.2863551340594706e-03	7.7979080442661386e-03
755	-6.4823340295674173e-02	7.2433896976357237e-03	7.7411491048003985e-03
756	-6.4627540397264580e-02	7.1968349096850938e-03	7.6843219977549412e-03
757	-6.4431379544084330e-02	7.1466285278213746e-03	7.6274905633419206e-03
758	-6.4234928111918999e-02	7.0927146859402932e-03	7.5707467972681583e-03
759	-6.4038292858740700e-02	7.0350482092259355e-03	7.5141845848296441e-03
760	-6.3841388892714276e-02	6.9736387734570327e-03	7.4579364180062209e-03
761	-6.3644244719426965e-02	6.9085083716084478e-03	7.4020766013604732e-03
762	-6.3446786097150418e-02	6.8398601809308351e-03	7.3467283066954358e-03
763	-6.3248929002350102e-02	6.7679779765126187e-03	7.2920312080594473e-03
764	-6.3050657794725046e-02	6.6931553044566180e-03	7.2381360364624303e-03
765	-6.2852124118746994e-02	6.6157602094609469e-03	7.1851922057960885e-03
766	-6.2653216122925154e-02	6.5362129566162875e-03	7.1332439608073920e-03
767	-6.2454007628745381e-02	6.4547563967256114e-03	7.0823764694255822e-03
768	-6.2254472940352384e-02	6.3715103098126065e-03	7.0325844195386657e-03
769	-6.2054704326981763e-02	6.2864974276446326e-03	6.9839391398283986e-03
770	-6.1854687092723473e-02	6.1996683103980165e-03	6.9364105729043711e-03
771	-6.1654408942513124e-02	6.1109520360210509e-03	6.8900451381396803e-03
772	-6.1453833315049305e-02	6.0202879429627045e-03	6.8449517762347294e-03
773	-6.1252975750678645e-02	5.9275966053504645e-03	6.8012578558151703e-03
774	-6.1051888537801149e-02	5.8327367652646275e-03	6.7590060633261426e-03
775	-6.0850618151756929e-02	5.7355034693652917e-03	6.7181705715156819e-03
776	-6.0649140839343481e-02	5.6356452032148945e-03	6.6787424947997260e-03
777	-6.0447392681835840e-02	5.5329170689851050e-03	6.6407310541831237e-03
778	-6.0245343386441864e-02	5.4271267740388426e-03	6.6041092160586141e-03
779	-6.0042989953601723e-02	5.3181348339994749e-03	6.5687806115299436e-03
780	-5.9840350502960091e-02	5.2058234187876192e-03	6.5346141948558756e-03
781	-5.9637432356476221e-02	5.0900821424505159e-03	6.5014878448159804e-03
782	-5.9434237575312111e-02	4.9708908220293651e-03	6.4691204232911982e-03
783	-5.9230758212902059e-02	4.8482209443952238e-03	6.4372854515361176e-03
784	-5.9026964545126410e-02	4.7221173600160010e-03	6.4057579042837605e-03
785	-5.8822831694051898e-02	4.5927117531439753e-03	6.3742508516054074e-03
786	-5.8618347351088146e-02	4.4601729473073073e-03	6.3424349231660957e-03
787	-5.8413482859035158e-02	4.3246573401045591e-03	6.3102182019764766e-03
788	-5.8208250753543612e-02	4.1863494502919216e-03	6.2773409263645425e-03
789	-5.8002655229348554e-02	4.0454567915032026e-03	6.2435457378607019e-03
790	-5.7796658503853390e-02	3.9021941653218065e-03	6.2087783926366592e-03
791	-5.7590235731427672e-02	3.7567566878720059e-03	6.1728440810934959e-03
792	-5.7383363242677725e-02	3.6093178934726057e-03	6.1355675392465491e-03
793	-5.7175993759025781e-02	3.4600335001310121e-03	6.0969834299856801e-03
794	-5.6968088861928168e-02	3.3089932201866784e-03	6.0569652307582910e-03
795	-5.6759565844581278e-02	3.1562560612867652e-03	6.0154784410819361e-03
796	-5.6550344454955569e-02	3.0018765388807505e-03	5.9724998797103593e-03
797	-5.6340347522240937e-02	2.8458875698890388e-03	5.9280213895602290e-03
798	-5.6129516119588649e-02	2.6883125675541747e-03	5.8820431822147598e-03
799	-5.5917809338790841e-02	2.5291792112947689e-03	5.8345607480329948e-03
800	-5.5705176676137738e-02	2.3685021775555551e-03	5.7855477444123940e-03
801	-5.5491570951040257e-02	2.2063050726002799e-03	5.7349702408542556e-03
802	-5.5276956824415177e-02	2.0426534782010154e-03	5.6828323256114914e-03
803	-5.5061307219186048e-02	1.8776413229243973e-03	5.6292372710670911e-03
804	-5.4844675984262105e-02	1.7113467104145949e-03	5.5741955737956487e-03
805	-5.4627078980621115e-02	1.5438728870614737e-03	5.5179096294708770e-03
806	-5.4408568779399626e-02	1.3753011521518269e-03	5.4604899435184533e-03
807	-5.4189214512986458e-02	1.2056987546193360e-03	5.4021305058515314e-03
808	-5.3969061517649644e-02	1.0351259060987802e-03	5.3430583293900286e-03
809	-5.3748157005022716e-02	8.6366587153412330e-04	5.2835396359252147e-03
810	-5.3526637555655267e-02	6.9131797436262302e-04	5.2236434534575250e-03
811	-5.3304589340980958e-02	5.1806748834432514e-04	5.1635308230998005e-03
812	-5.3082076156978623e-02	3.4391215498704439e-04	5.1033824702386953e-03
813	-5.2859139573245985e-02	1.6883217821897148e-04	5.0433492211222099e-03
814	-5.2635845197580133e-02	-7.2405735912416748e-06	4.9835125149458636e-03
815	-5.2412235159395325e-02	-1.8436982000886903e-04	4.9239270674132580e-03
816	-5.2188358254806229e-02	-3.6267663629626501e-04	4.8645995930821362e-03
817	-5.1964256516519869e-02	-5.4226361859767219e-04	4.8055082860739068e-03
818	-5.1740009520732107e-02	-7.2320504309503751e-04	4.7466268543086276e-03
819	-5.1515692147675381e-02	-9.0557745187906582e-04	4.6879578182942548e-03
820	-5.1291356371333599e-02	-1.0894634139143830e-03	4.6295136342508914e-03
821	-5.1067057846040466e-02	-1.2749253480031498e-03	4.5712969390584854e-03
822	-5.0842861438241745e-02	-1.4619978703580246e-03	4.5132918783685298e-03
823	-5.0618834469233188e-02	-1.6507268803293207e-03	4.4554494434934575e-03
824	-5.0395010393576953e-02	-1.8411605065130755e-03	4.3977026665001778e-03
825	-5.0171381177521492e-02	-2.0333173796174158e-03	4.3399446683016121e-03
826	-4.9947921201003428e-02	-2.2272108815780465e-03	4.2821793379635769e-03
827	-4.9724613051115668e-02	-2.4228258522346895e-03	4.2242741311952414e-03
828	-4.9501449304936343e-02	-2.6201289864704550e-03	4.1660365391348779e-03
829	-4.9278415510410380e-02	-2.8190810580638395e-03	4.1073493555017111e-03
830	-4.9055498179366379e-02	-3.0196835508651408e-03	4.0481490920748426e-03
831	-4.8832782467504637e-02	-3.2218675876063319e-03	3.9880558688996067e-03
832	-4.8610260867589440e-02	-3.4256702088923843e-03	3.9270762739765947e-03
833	-4.8387966630082387e-02	-3.6310848023839472e-03	3.8650519986711263e-03
834	-4.8165957735062166e-02	-3.8380619366443578e-03	3.8017851389196390e-03
835	-4.7944273722670620e-02	-4.0465310530906342e-03	3.7371060029824281e-03
836	-4.7722872020798127e-02	-4.2564424570761426e-03	3.6709896658272752e-03
837	-4.7501697556112756e-02	-4.4676724812418135e-03	3.6033912793785785e-03
838	-4.7280691004683698e-02	-4.6800398545432725e-03	3.5342936802750286e-03
839	-4.7059829635145906e-02	-4.8933059872592749e-03	3.4636838517070299e-03
840	-4.6839115413065534e-02	-5.1072013251728457e-03	3.3915614023963519e-03
841	-4.6618534991362655e-02	-5.3214211438720347e-03	3.3179553859039573e-03
842	-4.6398054776214920e-02	-5.5356593310635777e-03	3.2429140803657071e-03
843	-4.6177624800018018e-02	-5.7496314900220349e-03	3.1664828401338592e-03
844	-4.5957175576354134e-02	-5.9630921383480176e-03	3.0887282138914824e-03
845	-4.5736621046723665e-02	-6.1758782695870125e-03	3.0097255068912256e-03
846	-4.5515866449469436e-02	-6.3879254287956821e-03	2.9295590297838976e-03
847	-4.5294827737599734e-02	-6.5992622548035245e-03	2.8483050083241922e-03
848	-4.5073351639262918e-02	-6.8100633878606714e-03	2.7662519698388112e-03
849	-4.4851428855920326e-02	-7.0204388874145936e-03	2.6836202346690336e-03
850	-4.4629094257021600e-02	-7.2304595916807789e-03	2.6007016703742283e-03
851	-4.4406346792248877e-02	-7.4401584089403144e-03	2.5178670625481681e-03
852	-4.4183206216244546e-02	-7.6494951239434728e-03	2.4354549839264977e-03
853	-4.3959803961849044e-02	-7.8583467073133524e-03	2.3537356637170124e-03
854	-4.3736232798771146e-02	-8.0665683272141044e-03	2.2729952884961357e-03
855	-4.3512499027107104e-02	-8.2739988499044050e-03	2.1935171478891526e-03
856	-4.3288650644460462e-02	-8.4804757943474796e-03	2.1155122545510534e-03
857	-4.3064678719776338e-02	-8.6859229464598710e-03	2.0391623314579685e-03
858	-4.2840419910450844e-02	-8.8904255558933352e-03	1.9646536812963915e-03
859	-4.2615962655420517e-02	-9.0940985919417371e-03	1.8919916581651472e-03
860	-4.2391267191548919e-02	-9.2971314457655860e-03	1.8211809759392963e-03
861	-4.2166341847034390e-02	-9.4996574301184321e-03	1.7521299235742046e-03
862	-4.1941174808879760e-02	-9.7017723043421010e-03	1.6846601490050235e-03
863	-4.1715714905223182e-02	-9.9035630591299065e-03	1.6185777174112517e-03
864	-4.1489937619223163e-02	-1.0105126456395207e-02	1.5536816806776305e-03
865	-4.1263839532419397e-02	-1.0306519428553899e-02	1.4897416983146623e-03
866	-4.1037401733545573e-02	-1.0507678606955352e-02	1.4265303360968408e-03
867	-4.0810598253285951e-02	-1.0708438294576463e-02	1.3638684586483995e-03
868	-4.0583361450823516e-02	-1.0908615067192796e-02	1.3016297043622375e-03
869	-4.0355625760580230e-02	-1.1108044793804729e-02	1.2397275381950197e-03
870	-4.0127350973194448e-02	-1.1306701478287209e-02	1.1780737781216686e-03
871	-3.9898578366931149e-02	-1.1504613398908155e-02	1.1165829556399828e-03
872	-3.9669375563558304e-02	-1.1701872359493931e-02	1.0551043324096242e-03
873	-3.9439840798209301e-02	-1.1898588531437071e-02	9.9343358750941520e-04
874	-3.9210086305789371e-02	-1.2094828679714462e-02	9.3132707604388746e-04
875	-3.8980259140061889e-02	-1.2290499459408384e-02	8.6864657257498736e-04
876	-3.8750481160988309e-02	-1.2485508409056984e-02	8.0521833116146697e-04
877	-3.8520894415427588e-02	-1.2679759331253553e-02	7.4084141696588630e-04
878	-3.8291628493889632e-02	-1.2873166359606348e-02	6.7539213881983033e-04
879	-3.8062792423783576e-02	-1.3065733903419799e-02	6.0869012111146922e-04
880	-3.7834472137223858e-02	-1.3257488094097424e-02	5.4059420103380964e-04
881	-3.7606696655341276e-02	-1.3448470389284773e-02	4.7113288093762084e-04
882	-3.7379500540597993e-02	-1.3638786910161004e-02	4.0023378951750129e-04
883	-3.7152899048582752e-02	-1.3828538229581570e-02	3.2787014293601233e-04
884	-3.6926903486029575e-02	-1.4017822133065360e-02	2.5404665221265266e-04
885	-3.6701513451405633e-02	-1.4206697240522053e-02	1.7874419105428242e-04
886	-3.6476713397456714e-02	-1.4395171014408976e-02	1.0186920018998520e-04
887	-3.6252495911799819e-02	-1.4583162077128925e-02	2.3257634557956214e-05
888	-3.6028859837427755e-02	-1.4770528233053115e-02	-5.7297192975511869e-05
889	-3.5805794507068604e-02	-1.4957110635014986e-02	-1.3992652270532904e-04
890	-3.5583304058701852e-02	-1.5142731622060117e-02	-2.2466676889372968e-04
891	-3.5361388076401927e-02	-1.5327212231605396e-02	-3.1145912834269844e-04
892	-3.5140070201530607e-02	-1.5510388147617965e-02	-4.0035346177452015e-04
893	-3.4919297487363894e-02	-1.5692124816703810e-02	-4.9107973018545318e-04
894	-3.4699089958644812e-02	-1.5872330500147296e-02	-5.8351418786655633e-04
895	-3.4479464934256847e-02	-1.6050964369915034e-02	-6.7742190582707653e-04
896	-3.4260520247197300e-02	-1.6227976978062577e-02	-7.7289101013930947e-04
897	-3.4042183390257719e-02	-1.6403380134670711e-02	-8.6942267126382958e-04
898	-3.3824535459688922e-02	-1.6577144074717946e-02	-9.6708376890448228e-04
899	-3.3607594905380143e-02	-1.6749272797704311e-02	-1.0657751785055865e-03
900	-3.3391337541286266e-02	-1.6919837432849326e-02	-1.1652369247273507e-03
901	-3.3175829216210102e-02	-1.7088868633244225e-02	-1.2653915966172587e-03
902	-3.2961125109598088e-02	-1.7256379898890759e-02	-1.3661384552069507e-03
903	-3.2747280153117717e-02	-1.7422374035405124e-02	-1.4674025517801290e-03
904	-3.2534358182563117e-02	-1.7586849872594457e-02	-1.5691393049248024e-03
905	-3.2322435133465624e-02	-1.7749798398880145e-02	-1.6713329718481191e-03
906	-3.2111562927559283e-02	-1.7911215129407097e-02	-1.7739547209968025e-03
907	-3.1901761284061185e-02	-1.8071089826095389e-02	-1.8769405771663454e-03
908	-3.1693041391757784e-02	-1.8229419747992161e-02	-1.9802044082348727e-03
909	-3.1485422841623888e-02	-1.8386208265041691e-02	-2.0836601825435373e-03
910	-3.1278919417625915e-02	-1.8541463351981865e-02	-2.1872079111223265e-03
911	-3.1073535066992588e-02	-1.8695201190746288e-02	-2.2907463584157296e-03
912	-3.0869290777523397e-02	-1.8847444475203780e-02	-2.3941945664749595e-03
913	-3.0666197154283412e-02	-1.8998195494546836e-02	-2.4974718763319057e-03
914	-3.0464266447808485e-02	-1.9147426667323358e-02	-2.6005280497163048e-03
915	-3.0263460970338725e-02	-1.9295094356662428e-02	-2.7033034647205860e-03
916	-3.0063720938490992e-02	-1.9441153635802219e-02	-2.8057771440478628e-03
917	-2.9864985553818890e-02	-1.9585560671523065e-02	-2.9079566599898143e-03
918	-2.9667195856202810e-02	-1.9728237260832233e-02	-3.0098330311020540e-03
919	-2.9470236750309700e-02	-1.9869126417137294e-02	-3.1114131857414057e-03
920	-2.9274041455763421e-02	-2.0008139146820696e-02	-3.2126220003980709e-03
921	-2.9078505314716546e-02	-2.0145167700987111e-02	-3.3133954978786305e-03
922	-2.8883513526267706e-02	-2.0280135362325528e-02	-3.4136934323679103e-03
923	-2.8688998992777704e-02	-2.0412966247109948e-02	-3.5134916734427210e-03
924	-2.8494937169454594e-02	-2.0543544324590979e-02	-3.6127311139628644e-03
925	-2.8301316139450909e-02	-2.0671795741993050e-02	-3.7113973259818777e-03
926	-2.8108175163131098e-02	-2.0797693614069392e-02	-3.8094588450144976e-03
927	-2.7915570372423829e-02	-2.0921232595585034e-02	-3.9068658306533376e-03
928	-2.7723612351123129e-02	-2.1042373286422385e-02	-4.0035406410422669e-03
929	-2.7532537960165686e-02	-2.1161113810351517e-02	-4.0995899017170724e-03
930	-2.7342612589937879e-02	-2.1277290500662849e-02	-4.1950421354482355e-03
931	-2.7154040857645313e-02	-2.1390756872733969e-02	-4.2899927307678250e-03
932	-2.6966889019395854e-02	-2.1501439063780929e-02	-4.3844868350650353e-03
933	-2.6781111350562454e-02	-2.1609333444514052e-02	-4.4784811274864991e-03
934	-2.6596587409275702e-02	-2.1714500446745472e-02	-4.5718913046043546e-03
935	-2.6413203928005464e-02	-2.1817040211612491e-02	-4.6647560845180002e-03
936	-2.6230865934920699e-02	-2.1916984623354892e-02	-4.7570304901918834e-03
937	-2.6049577500613565e-02	-2.2014442485812746e-02	-4.8489261172011810e-03
938	-2.5869379141457521e-02	-2.2109496275519003e-02	-4.9407012984764992e-03
939	-2.5690286102548317e-02	-2.2202124477428913e-02	-5.0324943303056363e-03
940	-2.5512304161600257e-02	-2.2292219238133629e-02	-5.1243579554256843e-03
941	-2.5335423395270062e-02	-2.2379793648185632e-02	-5.2165944961034367e-03
942	-2.5159488874016523e-02	-2.2464685228651117e-02	-5.3091558736807765e-03
943	-2.4984290439539661e-02	-2.2546812164410766e-02	-5.4021022086766859e-03
944	-2.4809588957238220e-02	-2.2626072849554157e-02	-5.4954031761601969e-03
945	-2.4635144605011882e-02	-2.2702283580640099e-02	-5.5889029350620241e-03
946	-2.4460815846343197e-02	-2.2775278532295905e-02	-5.6825233630888646e-03
947	-2.4286529690309953e-02	-2.2844908509132785e-02	-5.7762428705077197e-03
948	-2.4112205084979351e-02	-2.2911035728568074e-02	-5.8701243470050879e-03
949	-2.3937731298729625e-02	-2.2973495152281028e-02	-5.9642445900642766e-03
950	-2.3762962337562064e-02	-2.3032081598333032e-02	-6.0586293741319887e-03
951	-2.3587725636170787e-02	-2.3086589615216823e-02	-6.1532738575806019e-03
952	-2.3411918258050998e-02	-2.3136818939667576e-02	-6.2481508941858062e-03
953	-2.3235557678647028e-02	-2.3182609085895201e-02	-6.3431986924774282e-03
954	-2.3058781341133924e-02	-2.3223927501302599e-02	-6.4383577058585483e-03
955	-2.2881824432468039e-02	-2.3260873372863779e-02	-6.5336303996796448e-03
956	-2.2704969942609156e-02	-2.3293591222229505e-02	-6.6290798707103445e-03
957	-2.2528487243361161e-02	-2.3322265869655551e-02	-6.7248046068177801e-03
958	-2.2352434168871133e-02	-2.3347140551726337e-02	-6.8208820154861986e-03
959	-2.2176973262782704e-02	-2.3368446080507806e-02	-6.9172912684952303e-03
960	-2.2002171145865446e-02	-2.3386351880023717e-02	-7.0139944097399329e-03
961	-2.1828229295278587e-02	-2.3400975223846772e-02	-7.1108841738715175e-03
962	-2.1655256683518642e-02	-2.3412393446996534e-02	-7.2079535527551017e-03
963	-2.1483471967745443e-02	-2.3420748331810105e-02	-7.3049972077567716e-03
964	-2.1312934411712853e-02	-2.3426189336960369e-02	-7.4019196569486394e-03
965	-2.1143616042173078e-02	-2.3428894027759200e-02	-7.4986338102524140e-03
966	-2.0975406636022317e-02	-2.3429038137042002e-02	-7.5949952844867677e-03
967	-2.0808213967007591e-02	-2.3426756976856065e-02	-7.6908388784482076e-03
Integral: 4.1923479679941940e+00
gravity: -4.7401318981066254e-16	4.1917966493720815e-17	-9.7478272309719678e+00
