0	-0.038650	0.546854	-9.330507	3.082013E-01	-3.655333E-01	6.359926E-02	
160	-0.067352	0.521236	-9.353030	3.360886E-01	-3.372431E-01	9.398633E-02	
320	0.034976	0.571697	-9.335351	3.665884E-01	-3.095536E-01	1.255109E-01	
480	0.155948	0.512084	-9.311026	3.976636E-01	-2.761357E-01	1.560586E-01	
640	0.077082	0.660796	-9.280238	4.251097E-01	-2.487596E-01	1.866807E-01	
800	0.147280	0.604319	-9.204457	4.506018E-01	-2.143962E-01	2.170121E-01	
960	0.170741	0.721797	-9.254485	4.807823E-01	-1.853828E-01	2.489214E-01	
1120	0.175600	0.787699	-9.161419	5.081678E-01	-1.547567E-01	2.766250E-01	
1280	0.237820	0.755908	-9.153284	5.331482E-01	-1.219059E-01	3.092632E-01	
1440	0.234461	0.736525	-9.164057	5.615892E-01	-9.294002E-02	3.389594E-01	
1600	0.301422	0.715449	-9.086350	5.859070E-01	-5.904185E-02	3.690091E-01	
1760	0.348865	0.757404	-9.089971	6.117022E-01	-2.847193E-02	3.989322E-01	
1920	0.383495	0.850304	-9.064106	6.356310E-01	3.211723E-03	4.255513E-01	
2080	0.366343	0.838607	-9.059497	6.587477E-01	3.465848E-02	4.545118E-01	
2240	0.409901	0.765800	-9.003545	6.829552E-01	6.444456E-02	4.800439E-01	
2400	0.532111	0.911593	-9.042060	7.062182E-01	9.684908E-02	5.100067E-01	
2560	0.463244	0.926420	-9.014228	7.271216E-01	1.280637E-01	5.342841E-01	
2720	0.482700	0.966835	-8.930470	7.487842E-01	1.559981E-01	5.627687E-01	
2880	0.563659	0.882694	-8.961737	7.704118E-01	1.884088E-01	5.891815E-01	
3040	0.594277	0.822141	-9.009809	7.886581E-01	2.236992E-01	6.110260E-01	
3200	0.612929	0.980272	-8.922002	8.082351E-01	2.498625E-01	6.385901E-01	
3360	0.626329	0.905346	-8.940796	8.258862E-01	2.798432E-01	6.601515E-01	
3520	0.641112	0.839268	-8.903387	8.439179E-01	3.125592E-01	6.859643E-01	
3680	0.628092	0.984114	-8.862449	8.599513E-01	3.405116E-01	7.076759E-01	
3840	0.686517	1.028384	-8.913186	8.773029E-01	3.705776E-01	7.267693E-01	
4000	0.715933	0.983621	-8.914365	8.903259E-01	3.997448E-01	7.508427E-01	
4160	0.773628	0.971000	-8.880825	9.044792E-01	4.268997E-01	7.705306E-01	
4320	0.823248	0.982051	-8.847970	9.174157E-01	4.543662E-01	7.898971E-01	
4480	0.816758	0.945192	-8.843638	9.280391E-01	4.836675E-01	8.091717E-01	
4640	0.833244	1.033645	-8.803285	9.408154E-01	5.097333E-01	8.244368E-01	
4800	0.803876	1.038917	-8.826676	9.488006E-01	5.378106E-01	8.449470E-01	
4960	0.855849	0.946353	-8.772159	9.604994E-01	5.626533E-01	8.618159E-01	
5120	0.879163	0.988017	-8.790808	9.668795E-01	5.886839E-01	8.756752E-01	
5280	0.821048	1.013573	-8.836426	9.744324E-01	6.149338E-01	8.911386E-01	
5440	0.882178	0.985486	-8.778681	9.831731E-01	6.385553E-01	9.043024E-01	
5600	0.852686	0.959228	-8.782515	9.870308E-01	6.640349E-01	9.183146E-01	
5760	0.966256	1.025693	-8.802455	9.921638E-01	6.861914E-01	9.289676E-01	
5920	0.863081	1.055052	-8.769666	9.952711E-01	7.070486E-01	9.407259E-01	
6080	0.998515	1.074231	-8.816640	9.990843E-01	7.297369E-01	9.506063E-01	
6240	0.960444	0.980919	-8.778925	1.000245E+00	7.509251E-01	9.598167E-01	
6400	0.957419	0.976026	-8.819342	1.000787E+00	7.719397E-01	9.694447E-01	
6560	0.848539	0.972845	-8.823156	1.000700E+00	7.882380E-01	9.775254E-01	
6720	0.976176	0.915798	-8.845298	9.972146E-01	8.095433E-01	9.822231E-01	
6880	0.949961	1.025237	-8.776019	9.957868E-01	8.287208E-01	9.899004E-01	
7040	0.962001	0.955548	-8.874687	9.923936E-01	8.443036E-01	9.920574E-01	
7200	0.978536	0.906176	-8.806696	9.869232E-01	8.625164E-01	9.941769E-01	
7360	0.991749	0.934308	-8.856156	9.827500E-01	8.756007E-01	9.982528E-01	
7520	0.979270	0.930669	-8.795182	9.777020E-01	8.917426E-01	9.993493E-01	
7680	0.989289	0.878551	-8.875653	9.683643E-01	9.059904E-01	1.002738E+00	
7840	0.951942	0.862993	-8.915314	9.611103E-01	9.193863E-01	9.996734E-01	
8000	0.992543	0.834405	-8.979723	9.510360E-01	9.313818E-01	9.989348E-01	
8160	1.030097	0.879728	-8.983250	9.417464E-01	9.412757E-01	9.967917E-01	
8320	1.056583	0.810354	-8.910885	9.291928E-01	9.525350E-01	9.912753E-01	
8480	0.978684	0.758391	-8.964045	9.190261E-01	9.597037E-01	9.858748E-01	
8640	1.065753	0.750800	-8.950452	9.050900E-01	9.685704E-01	9.815869E-01	
8800	1.014748	0.742199	-9.007610	8.929269E-01	9.787550E-01	9.762639E-01	
8960	0.947188	0.714562	-9.005280	8.774401E-01	9.821106E-01	9.691778E-01	
9120	0.948708	0.728204	-8.980263	8.614649E-01	9.890303E-01	9.609406E-01	
9280	0.945637	0.669795	-8.990603	8.440807E-01	9.925301E-01	9.507347E-01	
9440	0.952417	0.631327	-9.083578	8.291888E-01	9.962492E-01	9.419713E-01	
9600	0.866929	0.723667	-9.140263	8.083062E-01	9.970893E-01	9.291029E-01	
9760	0.930083	0.615605	-9.083550	7.922663E-01	9.991736E-01	9.191824E-01	
9920	0.843015	0.560148	-9.119188	7.718812E-01	9.971497E-01	9.038013E-01	
10080	0.973761	0.557233	-9.151357	7.524444E-01	9.983507E-01	8.896545E-01	
10240	0.945731	0.564521	-9.126615	7.302453E-01	9.972359E-01	8.777830E-01	
10400	0.921379	0.590338	-9.167320	7.078679E-01	9.951340E-01	8.603644E-01	
10560	0.839881	0.463989	-9.173591	6.853176E-01	9.912439E-01	8.450284E-01	
10720	0.924453	0.482597	-9.247699	6.613792E-01	9.865568E-01	8.270094E-01	
10880	0.864392	0.412371	-9.280616	6.405524E-01	9.814678E-01	8.089740E-01	
11040	0.774583	0.397388	-9.254584	6.148208E-01	9.742394E-01	7.915587E-01	
11200	0.815762	0.367760	-9.291025	5.893990E-01	9.685296E-01	7.713318E-01	
11360	0.818978	0.320158	-9.352915	5.622497E-01	9.585495E-01	7.507171E-01	
11520	0.775353	0.247783	-9.284179	5.359263E-01	9.504297E-01	7.309081E-01	
11680	0.731741	0.202490	-9.374714	5.120868E-01	9.391149E-01	7.069871E-01	
11840	0.752895	0.200466	-9.408916	4.823988E-01	9.284241E-01	6.833204E-01	
12000	0.690031	0.257153	-9.442920	4.573072E-01	9.184826E-01	6.587354E-01	
12160	0.668036	0.229276	-9.482349	4.278757E-01	9.036034E-01	6.397682E-01	
12320	0.701373	0.147774	-9.505433	3.980785E-01	8.899665E-01	6.141616E-01	
12480	0.681112	0.008473	-9.555246	3.702946E-01	8.774227E-01	5.883611E-01	
12640	0.574052	0.074372	-9.615130	3.387906E-01	8.602055E-01	5.634624E-01	
12800	0.633555	0.093866	-9.598193	3.095890E-01	8.436268E-01	5.381009E-01	
12960	0.536306	-0.016555	-9.605750	2.805867E-01	8.250679E-01	5.095611E-01	
13120	0.527855	0.024995	-9.691922	2.502976E-01	8.083563E-01	4.826801E-01	
13280	0.533668	-0.083927	-9.721915	2.192894E-01	7.893328E-01	4.564299E-01	
13440	0.503200	-0.064224	-9.806578	1.899877E-01	7.685091E-01	4.266722E-01	
13600	0.421430	-0.077029	-9.786275	1.591172E-01	7.485395E-01	3.980065E-01	
13760	0.442974	-0.116291	-9.783331	1.289632E-01	7.279878E-01	3.691720E-01	
13920	0.445493	-0.164588	-9.845013	9.612073E-02	7.056496E-01	3.390251E-01	
14080	0.362896	-0.086260	-9.800166	6.240087E-02	6.824858E-01	3.084288E-01	
14240	0.352133	-0.242300	-9.926572	3.294012E-02	6.597542E-01	2.794127E-01	
14400	0.376722	-0.251253	-9.873513	2.444180E-03	6.366534E-01	2.505815E-01	
14560	0.285415	-0.175235	-9.989056	-2.798292E-02	6.110448E-01	2.173560E-01	
14720	0.239652	-0.332746	-10.014316	-6.031211E-02	5.852677E-01	1.871946E-01	
14880	0.189498	-0.308747	-9.968971	-9.092517E-02	5.611875E-01	1.564989E-01	
15040	0.121750	-0.226947	-10.009754	-1.229904E-01	5.335196E-01	1.239800E-01	
15200	0.121685	-0.309089	-10.156174	-1.552701E-01	5.059190E-01	9.582385E-02	
15360	0.185606	-0.501044	-10.061911	-1.865287E-01	4.798953E-01	6.450229E-02	
15520	0.098398	-0.467576	-10.114641	-2.175228E-01	4.519747E-01	3.186634E-02	
15680	0.039855	-0.536072	-10.153254	-2.461666E-01	4.253504E-01	1.400691E-03	
15840	-0.048032	-0.474117	-10.296015	-2.767836E-01	3.941478E-01	-3.083049E-02	
16000	-0.002869	-0.510986	-10.212177	-3.072987E-01	3.671033E-01	-6.034436E-02	
16160	0.021006	-0.532306	-10.236930	-3.368449E-01	3.364102E-01	-9.251791E-02	
16320	-0.042578	-0.598341	-10.292010	-3.670718E-01	3.052631E-01	-1.247499E-01	
16480	-0.130223	-0.598571	-10.283264	-3.949884E-01	2.781936E-01	-1.551313E-01	
16640	-0.133882	-0.689104	-10.383965	-4.264256E-01	2.452830E-01	-1.882941E-01	
16800	-0.154617	-0.609563	-10.397819	-4.543251E-01	2.177971E-01	-2.185669E-01	
16960	-0.208977	-0.689738	-10.387284	-4.799379E-01	1.847963E-01	-2.499409E-01	
17120	-0.230201	-0.711649	-10.448953	-5.081828E-01	1.527894E-01	-2.782849E-01	
17280	-0.238814	-0.755105	-10.385413	-5.335104E-01	1.235277E-01	-3.095626E-01	
17440	-0.243891	-0.725276	-10.482673	-5.606177E-01	8.960858E-02	-3.385631E-01	
17600	-0.320250	-0.820874	-10.525413	-5.859086E-01	6.019226E-02	-3.672870E-01	
17760	-0.353279	-0.807078	-10.557416	-6.119801E-01	3.036014E-02	-3.940346E-01	
17920	-0.396624	-0.826628	-10.535914	-6.360793E-01	-1.366972E-03	-4.251346E-01	
18080	-0.321550	-0.858700	-10.560450	-6.608084E-01	-3.270178E-02	-4.537365E-01	
18240	-0.368408	-0.803665	-10.573106	-6.808983E-01	-6.458138E-02	-4.800199E-01	
18400	-0.481288	-0.843440	-10.587012	-7.050336E-01	-9.664248E-02	-5.083682E-01	
18560	-0.537512	-0.965889	-10.535899	-7.275553E-01	-1.273909E-01	-5.342872E-01	
18720	-0.478648	-0.919262	-10.611100	-7.498165E-01	-1.574285E-01	-5.630670E-01	
18880	-0.517581	-0.969169	-10.591818	-7.689103E-01	-1.903930E-01	-5.873397E-01	
19040	-0.624197	-0.912340	-10.663478	-7.866080E-01	-2.207441E-01	-6.122250E-01	
19200	-0.622133	-0.878853	-10.635062	-8.088449E-01	-2.519029E-01	-6.380391E-01	
19360	-0.597132	-0.899385	-10.776850	-8.253146E-01	-2.813261E-01	-6.619943E-01	
19520	-0.527365	-0.978010	-10.740524	-8.440954E-01	-3.112756E-01	-6.817202E-01	
19680	-0.724222	-0.933015	-10.718806	-8.599844E-01	-3.410259E-01	-7.070866E-01	
19840	-0.647520	-1.016632	-10.704942	-8.748005E-01	-3.688692E-01	-7.289364E-01	
20000	-0.731746	-0.990289	-10.761864	-8.898944E-01	-3.991841E-01	-7.493408E-01	
20160	-0.695021	-0.993690	-10.824497	-9.042665E-01	-4.261260E-01	-7.694741E-01	
20320	-0.745635	-1.002391	-10.736648	-9.152785E-01	-4.550362E-01	-7.892732E-01	
20480	-0.867797	-1.027655	-10.751622	-9.288836E-01	-4.825858E-01	-8.088089E-01	
20640	-0.787354	-0.987225	-10.730715	-9.400630E-01	-5.106570E-01	-8.281168E-01	
20800	-0.862012	-1.033867	-10.826145	-9.507083E-01	-5.385684E-01	-8.441308E-01	
20960	-0.784293	-1.006356	-10.765991	-9.603516E-01	-5.643948E-01	-8.596451E-01	
21120	-0.835524	-1.071096	-10.796199	-9.686798E-01	-5.885474E-01	-8.773591E-01	
21280	-0.858977	-1.022395	-10.818835	-9.771582E-01	-6.132108E-01	-8.909116E-01	
21440	-0.887001	-0.975262	-10.716252	-9.837499E-01	-6.397310E-01	-9.031146E-01	
21600	-0.966191	-0.955639	-10.811316	-9.866294E-01	-6.614635E-01	-9.169485E-01	
21760	-0.930288	-1.029348	-10.768227	-9.922626E-01	-6.866189E-01	-9.303924E-01	
21920	-0.908494	-0.957485	-10.825063	-9.944330E-01	-7.072822E-01	-9.405095E-01	
22080	-0.943288	-0.957794	-10.747526	-9.968338E-01	-7.301940E-01	-9.508032E-01	
22240	-1.007456	-1.068877	-10.738791	-9.994665E-01	-7.518892E-01	-9.598404E-01	
22400	-0.946515	-0.911629	-10.855887	-9.984704E-01	-7.713304E-01	-9.683746E-01	
22560	-0.930314	-0.877736	-10.829631	-9.992703E-01	-7.907067E-01	-9.760305E-01	
22720	-1.001519	-0.997163	-10.804887	-9.981334E-01	-8.111385E-01	-9.801066E-01	
22880	-0.960729	-0.905292	-10.778440	-9.962094E-01	-8.285625E-01	-9.878804E-01	
23040	-0.952438	-0.956806	-10.785189	-9.937826E-01	-8.442485E-01	-9.927186E-01	
23200	-0.956753	-0.861206	-10.775275	-9.888487E-01	-8.615411E-01	-9.962163E-01	
23360	-0.967908	-0.890007	-10.734825	-9.823479E-01	-8.749070E-01	-9.971842E-01	
23520	-1.006316	-0.916412	-10.774314	-9.768455E-01	-8.897211E-01	-9.977274E-01	
23680	-0.971466	-0.881372	-10.756199	-9.680942E-01	-9.069759E-01	-1.000325E+00	
23840	-1.003335	-0.879111	-10.680528	-9.593240E-01	-9.200653E-01	-9.997738E-01	
24000	-0.946108	-0.775671	-10.760036	-9.529198E-01	-9.309424E-01	-9.994060E-01	
24160	-0.981528	-0.820443	-10.669378	-9.405208E-01	-9.436151E-01	-9.947693E-01	
24320	-0.994187	-0.762197	-10.635263	-9.291958E-01	-9.520222E-01	-9.906023E-01	
24480	-0.989481	-0.860595	-10.661054	-9.187082E-01	-9.613177E-01	-9.871010E-01	
24640	-1.101182	-0.739758	-10.658688	-9.059220E-01	-9.671472E-01	-9.850285E-01	
24800	-0.924757	-0.722383	-10.627003	-8.922826E-01	-9.771199E-01	-9.766679E-01	
24960	-0.963854	-0.711714	-10.641642	-8.778627E-01	-9.822456E-01	-9.685078E-01	
25120	-0.973300	-0.751001	-10.591337	-8.609754E-01	-9.877890E-01	-9.597695E-01	
25280	-0.933295	-0.687309	-10.555372	-8.455484E-01	-9.928703E-01	-9.497948E-01	
25440	-0.965700	-0.706472	-10.603615	-8.282511E-01	-9.953685E-01	-9.397448E-01	
25600	-0.859827	-0.619776	-10.512115	-8.101901E-01	-9.978394E-01	-9.290114E-01	
25760	-0.925488	-0.612187	-10.465304	-7.905443E-01	-1.000002E+00	-9.169255E-01	
25920	-0.902219	-0.622632	-10.480321	-7.722651E-01	-9.990576E-01	-9.053090E-01	
26080	-0.889163	-0.535804	-10.517742	-7.521203E-01	-9.996087E-01	-8.903183E-01	
26240	-0.886889	-0.517084	-10.406777	-7.315266E-01	-9.982363E-01	-8.740612E-01	
26400	-0.902206	-0.439069	-10.418021	-7.085199E-01	-9.953284E-01	-8.619682E-01	
26560	-0.910143	-0.450748	-10.405184	-6.860193E-01	-9.918948E-01	-8.444924E-01	
26720	-0.841897	-0.445079	-10.346599	-6.627342E-01	-9.882600E-01	-8.288217E-01	
26880	-0.851407	-0.428947	-10.436560	-6.382549E-01	-9.810504E-01	-8.095348E-01	
27040	-0.820808	-0.419821	-10.316768	-6.141415E-01	-9.752733E-01	-7.898283E-01	
27200	-0.856128	-0.364812	-10.292273	-5.890201E-01	-9.681582E-01	-7.700320E-01	
27360	-0.780018	-0.385133	-10.233501	-5.633601E-01	-9.611239E-01	-7.497478E-01	
27520	-0.865949	-0.313650	-10.215407	-5.374080E-01	-9.496803E-01	-7.286863E-01	
27680	-0.743167	-0.279822	-10.214492	-5.110135E-01	-9.392410E-01	-7.078321E-01	
27840	-0.715307	-0.243557	-10.160182	-4.851314E-01	-9.277016E-01	-6.849032E-01	
28000	-0.639352	-0.203326	-10.148596	-4.558931E-01	-9.160625E-01	-6.603545E-01	
28160	-0.681329	-0.142866	-10.067734	-4.276032E-01	-9.043831E-01	-6.369546E-01	
28320	-0.699876	-0.151376	-10.091203	-3.991193E-01	-8.898006E-01	-6.114979E-01	
28480	-0.564105	-0.136194	-10.073852	-3.697986E-01	-8.754652E-01	-5.890751E-01	
28640	-0.678091	-0.124617	-10.058039	-3.400664E-01	-8.595945E-01	-5.616740E-01	
28800	-0.597843	-0.034783	-10.012750	-3.101975E-01	-8.443253E-01	-5.382873E-01	
28960	-0.537894	-0.080310	-9.958274	-2.795679E-01	-8.252636E-01	-5.085176E-01	
29120	-0.583390	-0.067259	-9.978580	-2.510450E-01	-8.068803E-01	-4.830378E-01	
29280	-0.531289	-0.029886	-9.926012	-2.201109E-01	-7.876768E-01	-4.556058E-01	
29440	-0.433779	0.086174	-9.891058	-1.869238E-01	-7.700316E-01	-4.258600E-01	
29600	-0.481965	0.017388	-9.858652	-1.578110E-01	-7.493314E-01	-3.957335E-01	
29760	-0.425125	0.104154	-9.861570	-1.279710E-01	-7.261511E-01	-3.686894E-01	
29920	-0.349190	0.199173	-9.804768	-9.714352E-02	-7.059987E-01	-3.382643E-01	
30080	-0.381741	0.196285	-9.705365	-6.418973E-02	-6.842315E-01	-3.105313E-01	
30240	-0.311128	0.231713	-9.659486	-3.129291E-02	-6.595314E-01	-2.799495E-01	
30400	-0.370757	0.290320	-9.667854	-2.207021E-03	-6.361366E-01	-2.479629E-01	
30560	-0.289130	0.268088	-9.645598	2.905144E-02	-6.127636E-01	-2.179343E-01	
30720	-0.230363	0.340884	-9.621141	6.265368E-02	-5.879587E-01	-1.875689E-01	
30880	-0.228746	0.411128	-9.625466	9.308383E-02	-5.607878E-01	-1.553656E-01	
31040	-0.220533	0.398158	-9.611163	1.248988E-01	-5.338071E-01	-1.263382E-01	
31200	-0.073701	0.414991	-9.567042	1.540281E-01	-5.087470E-01	-9.467283E-02	
31360	-0.075870	0.384946	-9.439656	1.857109E-01	-4.796626E-01	-6.342235E-02	
31520	-0.067045	0.413833	-9.460636	2.179621E-01	-4.525554E-01	-3.131745E-02	
31680	-0.046396	0.514016	-9.472070	2.472000E-01	-4.220095E-01	7.079478E-04	
31840	-0.047838	0.462316	-9.452800	2.770628E-01	-3.928991E-01	3.095593E-02	
32000	0.021844	0.537849	-9.426534	3.076233E-01	-3.667135E-01	6.165036E-02	
32160	-0.035087	0.431799	-9.417256	3.360622E-01	-3.366809E-01	9.375583E-02	
32320	0.116155	0.530283	-9.293528	3.678270E-01	-3.081015E-01	1.248470E-01	
32480	0.057184	0.594849	-9.347800	3.975118E-01	-2.783950E-01	1.558029E-01	
32640	0.053321	0.567922	-9.276490	4.259978E-01	-2.461318E-01	1.875183E-01	
32800	0.120058	0.658100	-9.290003	4.522517E-01	-2.171578E-01	2.175394E-01	
32960	0.161012	0.627034	-9.227069	4.797752E-01	-1.857844E-01	2.468867E-01	
33120	0.157077	0.692219	-9.200397	5.082643E-01	-1.541524E-01	2.793250E-01	
33280	0.222222	0.771541	-9.168276	5.353156E-01	-1.242389E-01	3.085827E-01	
33440	0.291962	0.720443	-9.123560	5.616734E-01	-9.102042E-02	3.396027E-01	
33600	0.280412	0.764018	-9.116784	5.879308E-01	-5.961301E-02	3.687842E-01	
33760	0.334607	0.764460	-9.149017	6.122925E-01	-2.911848E-02	3.958737E-01	
33920	0.334689	0.777031	-9.066514	6.365632E-01	2.523347E-03	4.254796E-01	
34080	0.396572	0.901849	-9.103677	6.605000E-01	3.376954E-02	4.527776E-01	
34240	0.379670	0.838693	-9.107223	6.848338E-01	6.424025E-02	4.823482E-01	
34400	0.466074	0.828699	-9.012193	7.056653E-01	9.620041E-02	5.095828E-01	
34560	0.541117	0.918776	-9.021204	7.284208E-01	1.260689E-01	5.356166E-01	
34720	0.458760	0.899211	-9.052370	7.483929E-01	1.577100E-01	5.624721E-01	
34880	0.616063	0.927143	-8.992264	7.677865E-01	1.874703E-01	5.876575E-01	
35040	0.569621	0.896852	-8.944760	7.894433E-01	2.197661E-01	6.119374E-01	
35200	0.650933	0.997703	-8.891683	8.103692E-01	2.515748E-01	6.386880E-01	
35360	0.687400	0.861783	-8.849007	8.260671E-01	2.817224E-01	6.609551E-01	
35520	0.643591	1.005213	-8.957774	8.424357E-01	3.111991E-01	6.849030E-01	
35680	0.631077	0.958323	-8.894604	8.584156E-01	3.400145E-01	7.075584E-01	
35840	0.672772	0.995264	-8.897109	8.750316E-01	3.702210E-01	7.299805E-01	
36000	0.699997	1.009757	-8.800734	8.902139E-01	3.999874E-01	7.504848E-01	
36160	0.691835	1.024471	-8.863521	9.044820E-01	4.275658E-01	7.706941E-01	
36320	0.818088	0.960296	-8.896219	9.170424E-01	4.572376E-01	7.889625E-01	
36480	0.842112	1.014584	-8.747883	9.290648E-01	4.822409E-01	8.081648E-01	
36640	0.741703	1.019877	-8.783082	9.404996E-01	5.118184E-01	8.271975E-01	
36800	0.758990	1.000253	-8.831906	9.493320E-01	5.372086E-01	8.435930E-01	
36960	0.808776	0.983077	-8.801917	9.612284E-01	5.619016E-01	8.603078E-01	
37120	0.817244	1.011443	-8.837111	9.674345E-01	5.891619E-01	8.747967E-01	
37280	0.890109	0.976685	-8.851604	9.744939E-01	6.135228E-01	8.909131E-01	
37440	0.852566	1.021282	-8.895603	9.820163E-01	6.392329E-01	9.047843E-01	
37600	0.883823	1.004077	-8.780165	9.847230E-01	6.637421E-01	9.179586E-01	
37760	0.913514	0.954728	-8.773924	9.908394E-01	6.849015E-01	9.300410E-01	
37920	0.915299	1.027739	-8.768940	9.939566E-01	7.067172E-01	9.418423E-01	
38080	0.938897	0.918846	-8.803822	9.979060E-01	7.293308E-01	9.492987E-01	
38240	0.891617	0.958189	-8.777029	9.991227E-01	7.529134E-01	9.600485E-01	
38400	1.012216	1.062284	-8.852749	9.989637E-01	7.723803E-01	9.675424E-01	
38560	0.952463	0.897115	-8.881243	9.996893E-01	7.919239E-01	9.755500E-01	
38720	0.972083	1.008458	-8.790748	9.996380E-01	8.103333E-01	9.799198E-01	
38880	0.933006	0.931554	-8.829098	9.948277E-01	8.287367E-01	9.881580E-01	
39040	1.004725	0.843990	-8.856306	9.919636E-01	8.471255E-01	9.916054E-01	
39200	1.034178	0.928233	-8.854591	9.882292E-01	8.618971E-01	9.957798E-01	
39360	0.897110	0.919264	-8.727151	9.813865E-01	8.754596E-01	9.962485E-01	
39520	1.050395	0.856099	-8.888087	9.772653E-01	8.933303E-01	9.985666E-01	
39680	0.941908	0.849107	-8.894769	9.695083E-01	9.055537E-01	1.002977E+00	
39840	1.023434	0.941138	-8.881624	9.605186E-01	9.183138E-01	9.996292E-01	
40000	0.960261	0.899517	-8.859948	9.508743E-01	9.315689E-01	9.962724E-01	
40160	0.984887	0.757677	-8.916656	9.410737E-01	9.414423E-01	9.943545E-01	
40320	0.989258	0.802140	-9.003489	9.307662E-01	9.516508E-01	9.925289E-01	
40480	0.931713	0.788420	-8.970747	9.174894E-01	9.598185E-01	9.856364E-01	
40640	0.946374	0.864284	-9.010949	9.036140E-01	9.705301E-01	9.814098E-01	
40800	0.982075	0.721455	-9.064799	8.917560E-01	9.773991E-01	9.752577E-01	
40960	0.981257	0.712997	-9.028530	8.761093E-01	9.829473E-01	9.682558E-01	
41120	0.980574	0.669544	-9.039346	8.612787E-01	9.878587E-01	9.615447E-01	
41280	1.036309	0.735183	-9.085748	8.433700E-01	9.928518E-01	9.521970E-01	
41440	0.976508	0.681609	-9.035487	8.291894E-01	9.953159E-01	9.409837E-01	
41600	0.980502	0.632588	-9.089703	8.109694E-01	9.966281E-01	9.294577E-01	
41760	0.942436	0.623542	-9.086087	7.938606E-01	9.981890E-01	9.188911E-01	
41920	0.947753	0.510793	-9.078926	7.724462E-01	1.001332E+00	9.043442E-01	
42080	0.890594	0.584902	-9.134274	7.508427E-01	9.972152E-01	8.917313E-01	
42240	0.923427	0.553222	-9.161149	7.320481E-01	9.977301E-01	8.754614E-01	
42400	0.876778	0.508256	-9.164517	7.097643E-01	9.956611E-01	8.605192E-01	
42560	0.804035	0.514325	-9.190016	6.854949E-01	9.924422E-01	8.448712E-01	
42720	0.854125	0.361240	-9.256858	6.619158E-01	9.871195E-01	8.274131E-01	
42880	0.903512	0.497417	-9.218498	6.388043E-01	9.832206E-01	8.083376E-01	
43040	0.813037	0.413922	-9.303771	6.152590E-01	9.759360E-01	7.910568E-01	
43200	0.824147	0.393290	-9.335251	5.896591E-01	9.678090E-01	7.707617E-01	
43360	0.764051	0.405640	-9.351492	5.634287E-01	9.580319E-01	7.499915E-01	
43520	0.816009	0.322531	-9.338533	5.370767E-01	9.501400E-01	7.288651E-01	
43680	0.765999	0.327423	-9.405539	5.097317E-01	9.405567E-01	7.074074E-01	
43840	0.779798	0.309452	-9.471168	4.823977E-01	9.287453E-01	6.874073E-01	
44000	0.701744	0.134777	-9.399889	4.544260E-01	9.175102E-01	6.621298E-01	
44160	0.645382	0.188177	-9.520148	4.272238E-01	9.021972E-01	6.370358E-01	
44320	0.756743	0.163550	-9.497551	3.990821E-01	8.911794E-01	6.131778E-01	
44480	0.597141	0.142109	-9.512039	3.703659E-01	8.759501E-01	5.887835E-01	
44640	0.616434	0.060878	-9.640136	3.404860E-01	8.589153E-01	5.625126E-01	
44800	0.561478	0.136153	-9.678668	3.097170E-01	8.430496E-01	5.360733E-01	
44960	0.572838	0.006297	-9.638794	2.799423E-01	8.253473E-01	5.104714E-01	
45120	0.518612	0.051633	-9.686290	2.518789E-01	8.076351E-01	4.815720E-01	
45280	0.566789	-0.039806	-9.665751	2.201935E-01	7.901348E-01	4.534300E-01	
45440	0.455177	-0.064200	-9.758674	1.885403E-01	7.701690E-01	4.251572E-01	
45600	0.485901	-0.045779	-9.715864	1.559984E-01	7.486933E-01	3.975754E-01	
45760	0.379626	-0.159309	-9.770379	1.288510E-01	7.272142E-01	3.678645E-01	
45920	0.487357	-0.161231	-9.816390	9.663387E-02	7.048322E-01	3.395604E-01	
46080	0.371121	-0.173012	-9.872725	6.497179E-02	6.834262E-01	3.101915E-01	
46240	0.329691	-0.198569	-9.936757	3.385871E-02	6.564111E-01	2.806450E-01	
46400	0.241589	-0.264059	-9.898815	1.041546E-03	6.353390E-01	2.505512E-01	
46560	0.242600	-0.272257	-9.966126	-2.972415E-02	6.115357E-01	2.184525E-01	
46720	0.218696	-0.316967	-9.936366	-6.029813E-02	5.857368E-01	1.886172E-01	
46880	0.188023	-0.345685	-10.041881	-9.348992E-02	5.610244E-01	1.577817E-01	
47040	0.152202	-0.387063	-10.046450	-1.235997E-01	5.321837E-01	1.242642E-01	
47200	0.235725	-0.483166	-10.069495	-1.548960E-01	5.065555E-01	9.600750E-02	
47360	0.093910	-0.504237	-10.127456	-1.859737E-01	4.805487E-01	6.357513E-02	
47520	0.188824	-0.478749	-10.065053	-2.166691E-01	4.510549E-01	3.108279E-02	
47680	0.053349	-0.533130	-10.122221	-2.464832E-01	4.237783E-01	-6.441962E-04	
47840	0.011537	-0.444280	-10.217040	-2.783140E-01	3.956331E-01	-2.941691E-02	
48000	0.011815	-0.614576	-10.195391	-3.090404E-01	3.657229E-01	-6.306429E-02	
48160	0.045752	-0.509920	-10.249972	-3.363081E-01	3.366208E-01	-9.247621E-02	
48320	-0.070012	-0.531047	-10.264246	-3.667774E-01	3.073043E-01	-1.221232E-01	
48480	-0.137177	-0.610246	-10.326288	-3.970929E-01	2.778148E-01	-1.559755E-01	
48640	-0.120069	-0.702048	-10.304393	-4.241353E-01	2.465859E-01	-1.868813E-01	
48800	-0.203533	-0.673779	-10.436383	-4.526873E-01	2.150999E-01	-2.156186E-01	
48960	-0.200137	-0.733695	-10.328462	-4.800138E-01	1.858411E-01	-2.464737E-01	
49120	-0.179117	-0.637324	-10.458517	-5.061004E-01	1.528340E-01	-2.790639E-01	
49280	-0.289589	-0.752848	-10.419894	-5.349967E-01	1.228689E-01	-3.112948E-01	
49440	-0.302387	-0.736261	-10.409960	-5.603903E-01	9.201337E-02	-3.377455E-01	
49600	-0.277015	-0.730832	-10.445585	-5.878614E-01	5.947194E-02	-3.672935E-01	
49760	-0.343032	-0.801621	-10.450199	-6.114148E-01	2.915005E-02	-3.963339E-01	
49920	-0.345597	-0.831933	-10.497119	-6.362458E-01	-1.607150E-03	-4.252000E-01	
50080	-0.410507	-0.749841	-10.585708	-6.605004E-01	-3.362446E-02	-4.542097E-01	
50240	-0.464278	-0.825384	-10.533749	-6.820317E-01	-6.513536E-02	-4.825458E-01	
50400	-0.466702	-0.814324	-10.562423	-7.064233E-01	-9.590731E-02	-5.080317E-01	
50560	-0.535311	-0.827505	-10.616829	-7.275770E-01	-1.268546E-01	-5.344536E-01	
50720	-0.538340	-0.899053	-10.605256	-7.494528E-01	-1.595380E-01	-5.620455E-01	
50880	-0.551985	-0.930592	-10.626722	-7.683430E-01	-1.911624E-01	-5.880097E-01	
51040	-0.630153	-0.994763	-10.648349	-7.876606E-01	-2.216078E-01	-6.123609E-01	
51200	-0.607331	-0.962143	-10.705875	-8.066164E-01	-2.503503E-01	-6.371468E-01	
51360	-0.573537	-0.904057	-10.697693	-8.242924E-01	-2.812793E-01	-6.620892E-01	
51520	-0.667467	-0.912473	-10.718451	-8.439638E-01	-3.103802E-01	-6.849335E-01	
51680	-0.737622	-0.981311	-10.745711	-8.593613E-01	-3.416750E-01	-7.077453E-01	
51840	-0.711768	-0.968611	-10.720452	-8.738842E-01	-3.698989E-01	-7.283679E-01	
52000	-0.706474	-0.990322	-10.761202	-8.895116E-01	-3.977377E-01	-7.495869E-01	
52160	-0.744859	-0.936642	-10.834079	-9.029500E-01	-4.277006E-01	-7.707870E-01	
52320	-0.752202	-1.017969	-10.746989	-9.174574E-01	-4.558933E-01	-7.903283E-01	
52480	-0.846240	-0.917382	-10.727942	-9.304927E-01	-4.840382E-01	-8.090939E-01	
52640	-0.726939	-0.984933	-10.784873	-9.409727E-01	-5.104377E-01	-8.267263E-01	
52800	-0.784036	-1.028859	-10.788082	-9.489957E-01	-5.376799E-01	-8.438787E-01	
52960	-0.790577	-0.991798	-10.731086	-9.607238E-01	-5.638681E-01	-8.596862E-01	
53120	-0.916504	-1.040424	-10.809327	-9.664749E-01	-5.916147E-01	-8.752324E-01	
53280	-0.880308	-1.007344	-10.762406	-9.755075E-01	-6.169536E-01	-8.898981E-01	
53440	-0.851272	-0.983957	-10.788152	-9.809152E-01	-6.382559E-01	-9.060104E-01	
53600	-0.922215	-0.983509	-10.771613	-9.871407E-01	-6.635290E-01	-9.172011E-01	
53760	-0.957884	-1.045270	-10.809393	-9.911784E-01	-6.864811E-01	-9.291696E-01	
53920	-0.832920	-0.908694	-10.876566	-9.961541E-01	-7.078071E-01	-9.402503E-01	
54080	-0.989252	-0.980556	-10.820163	-9.982591E-01	-7.312274E-01	-9.532924E-01	
54240	-0.940499	-0.982170	-10.834251	-9.984395E-01	-7.511293E-01	-9.598364E-01	
54400	-0.937160	-0.964316	-10.803921	-9.989885E-01	-7.712637E-01	-9.685597E-01	
54560	-0.992412	-0.973253	-10.731593	-9.990930E-01	-7.909379E-01	-9.752470E-01	
54720	-0.970288	-0.982481	-10.859786	-9.987101E-01	-8.096408E-01	-9.833930E-01	
54880	-0.978420	-0.899715	-10.791031	-9.965153E-01	-8.275928E-01	-9.876000E-01	
55040	-0.958582	-0.912379	-10.785156	-9.934490E-01	-8.454799E-01	-9.924370E-01	
55200	-0.981665	-0.935944	-10.789014	-9.881867E-01	-8.616218E-01	-9.948390E-01	
55360	-0.980574	-0.894550	-10.785725	-9.819158E-01	-8.751219E-01	-9.980122E-01	
55520	-0.966425	-0.914466	-10.784155	-9.770360E-01	-8.914617E-01	-1.000965E+00	
55680	-1.007800	-0.871055	-10.729774	-9.690175E-01	-9.064479E-01	-1.000281E+00	
55840	-1.000541	-0.855742	-10.731499	-9.590360E-01	-9.191250E-01	-1.000059E+00	
56000	-1.057633	-0.929036	-10.665801	-9.520024E-01	-9.295061E-01	-9.979419E-01	
56160	-1.014724	-0.795905	-10.745062	-9.421823E-01	-9.402278E-01	-9.958008E-01	
56320	-0.950260	-0.810650	-10.677601	-9.308635E-01	-9.504974E-01	-9.931262E-01	
56480	-1.019141	-0.732519	-10.699406	-9.188128E-01	-9.612165E-01	-9.878721E-01	
56640	-0.938562	-0.754625	-10.723134	-9.068895E-01	-9.681527E-01	-9.831715E-01	
56800	-0.912686	-0.832293	-10.631597	-8.913068E-01	-9.771758E-01	-9.767027E-01	
56960	-0.958161	-0.742348	-10.586002	-8.767039E-01	-9.831069E-01	-9.680113E-01	
57120	-0.955075	-0.717442	-10.546810	-8.611756E-01	-9.886739E-01	-9.610279E-01	
57280	-0.916004	-0.650152	-10.580536	-8.444120E-01	-9.926365E-01	-9.513600E-01	
57440	-1.013545	-0.691414	-10.599361	-8.286529E-01	-9.963506E-01	-9.394437E-01	
57600	-0.932911	-0.592588	-10.518779	-8.079278E-01	-9.968309E-01	-9.296207E-01	
57760	-0.892281	-0.582881	-10.548735	-7.910025E-01	-1.002144E+00	-9.167294E-01	
57920	-0.931779	-0.688096	-10.524704	-7.720545E-01	-9.995271E-01	-9.056828E-01	
58080	-0.997752	-0.561994	-10.473140	-7.507684E-01	-1.000712E+00	-8.912982E-01	
58240	-0.954240	-0.529701	-10.456325	-7.290245E-01	-9.962302E-01	-8.769374E-01	
58400	-0.882764	-0.474613	-10.374667	-7.081699E-01	-9.965119E-01	-8.622737E-01	
58560	-0.850681	-0.474639	-10.305242	-6.845395E-01	-9.931657E-01	-8.446438E-01	
58720	-0.786456	-0.447202	-10.369938	-6.637598E-01	-9.888850E-01	-8.284527E-01	
58880	-0.888764	-0.438107	-10.364675	-6.403415E-01	-9.815013E-01	-8.095654E-01	
59040	-0.802145	-0.364053	-10.319655	-6.141913E-01	-9.770625E-01	-7.914211E-01	
59200	-0.834021	-0.351370	-10.264571	-5.906978E-01	-9.678774E-01	-7.701003E-01	
59360	-0.868876	-0.366484	-10.290502	-5.648877E-01	-9.600760E-01	-7.498797E-01	
59520	-0.814959	-0.272331	-10.210252	-5.398532E-01	-9.495171E-01	-7.296788E-01	
59680	-0.747314	-0.267668	-10.184517	-5.104134E-01	-9.400190E-01	-7.082810E-01	
59840	-0.636796	-0.224776	-10.219267	-4.837242E-01	-9.287635E-01	-6.845139E-01	
60000	-0.722683	-0.232586	-10.100865	-4.561278E-01	-9.162939E-01	-6.583329E-01	
60160	-0.676229	-0.191992	-10.062784	-4.281870E-01	-9.035499E-01	-6.371944E-01	
60320	-0.693135	-0.208363	-10.091769	-3.997142E-01	-8.895616E-01	-6.127658E-01	
60480	-0.650115	-0.187236	-10.104097	-3.708171E-01	-8.751983E-01	-5.882493E-01	
60640	-0.485690	-0.160551	-10.011291	-3.404853E-01	-8.594706E-01	-5.626168E-01	
60800	-0.588608	-0.069365	-10.029335	-3.106402E-01	-8.419196E-01	-5.360330E-01	
60960	-0.548496	-0.054422	-9.953518	-2.812367E-01	-8.256264E-01	-5.106922E-01	
61120	-0.546339	-0.019596	-9.929539	-2.508433E-01	-8.081169E-01	-4.817278E-01	
61280	-0.539453	0.002881	-9.918358	-2.195180E-01	-7.890794E-01	-4.533142E-01	
61440	-0.490062	0.076990	-9.905398	-1.892358E-01	-7.689571E-01	-4.255827E-01	
61600	-0.411057	0.076899	-9.762641	-1.576676E-01	-7.501874E-01	-3.947357E-01	
61760	-0.538357	0.127689	-9.799178	-1.261232E-01	-7.279578E-01	-3.687068E-01	
61920	-0.406305	0.200667	-9.770235	-9.574195E-02	-7.042512E-01	-3.399831E-01	
62080	-0.391818	0.177319	-9.735006	-6.380843E-02	-6.826467E-01	-3.103552E-01	
62240	-0.276522	0.257376	-9.733658	-3.386052E-02	-6.597296E-01	-2.782360E-01	
62400	-0.360061	0.256974	-9.629922	-3.115389E-03	-6.357447E-01	-2.483385E-01	
62560	-0.236642	0.293786	-9.758480	2.860084E-02	-6.088565E-01	-2.182459E-01	
62720	-0.195563	0.295018	-9.673976	6.095173E-02	-5.865186E-01	-1.869782E-01	
62880	-0.199790	0.269435	-9.660412	9.059429E-02	-5.636096E-01	-1.578415E-01	
63040	-0.188531	0.375328	-9.527122	1.237911E-01	-5.338888E-01	-1.261925E-01	
63200	-0.092747	0.367094	-9.594891	1.547395E-01	-5.070883E-01	-9.438357E-02	
63360	-0.128122	0.458110	-9.464247	1.845909E-01	-4.813873E-01	-6.419709E-02	
63520	-0.070589	0.497450	-9.495983	2.164581E-01	-4.526658E-01	-3.198246E-02	
63680	-0.045262	0.540463	-9.439647	2.470692E-01	-4.240329E-01	1.059855E-03	
63840	0.051023	0.543536	-9.420745	2.763421E-01	-3.947411E-01	3.128544E-02	
64000	-0.006632	0.542940	-9.390549	3.074404E-01	-3.660376E-01	6.327548E-02	
64160	-0.016719	0.517008	-9.279721	3.363584E-01	-3.373493E-01	9.309189E-02	
64320	0.081665	0.545507	-9.321498	3.641162E-01	-3.076512E-01	1.256425E-01	
64480	0.019356	0.560595	-9.271798	3.963091E-01	-2.766826E-01	1.579211E-01	
64640	0.062102	0.650717	-9.261469	4.261563E-01	-2.465834E-01	1.885188E-01	
64800	0.116758	0.724601	-9.247305	4.519204E-01	-2.163864E-01	2.180474E-01	
64960	0.168815	0.669875	-9.209383	4.816809E-01	-1.856397E-01	2.482623E-01	
65120	0.214312	0.703595	-9.304335	5.080323E-01	-1.555135E-01	2.799436E-01	
65280	0.234851	0.773591	-9.171603	5.349419E-01	-1.226980E-01	3.088882E-01	
65440	0.256116	0.714029	-9.164472	5.600940E-01	-9.149449E-02	3.372692E-01	
65600	0.321335	0.831169	-9.149394	5.856548E-01	-6.107622E-02	3.676120E-01	
65760	0.359434	0.832727	-9.149890	6.111329E-01	-2.859233E-02	3.963055E-01	
65920	0.357547	0.798585	-9.102877	6.359136E-01	3.699927E-04	4.258668E-01	
66080	0.474677	0.844101	-9.093278	6.599925E-01	3.184045E-02	4.540735E-01	
66240	0.442787	0.886255	-9.054363	6.831440E-01	6.377007E-02	4.800322E-01	
66400	0.502672	0.862782	-9.058979	7.036942E-01	9.598315E-02	5.098481E-01	
66560	0.457749	0.998275	-9.022837	7.262599E-01	1.272124E-01	5.358132E-01	
66720	0.577512	0.931335	-8.964010	7.484272E-01	1.583139E-01	5.621604E-01	
66880	0.570771	0.890084	-8.956754	7.702457E-01	1.885061E-01	5.875897E-01	
67040	0.583848	0.933619	-8.907933	7.889266E-01	2.209391E-01	6.096852E-01	
67200	0.630838	0.907675	-8.939764	8.070847E-01	2.501364E-01	6.374391E-01	
67360	0.622639	0.951457	-8.980900	8.261282E-01	2.808364E-01	6.628756E-01	
67520	0.578769	0.949921	-9.001013	8.434351E-01	3.115069E-01	6.850583E-01	
67680	0.643845	0.904230	-8.843112	8.597231E-01	3.416827E-01	7.058686E-01	
67840	0.714615	0.941475	-8.794666	8.753089E-01	3.686674E-01	7.288748E-01	
68000	0.728796	0.919462	-8.872690	8.911488E-01	3.988995E-01	7.501430E-01	
68160	0.714645	0.989557	-8.799890	9.027791E-01	4.286287E-01	7.718258E-01	
68320	0.772038	0.959442	-8.788529	9.165967E-01	4.562093E-01	7.885596E-01	
68480	0.801671	1.067137	-8.858680	9.285946E-01	4.813748E-01	8.102962E-01	
68640	0.801704	0.979063	-8.844515	9.408210E-01	5.104991E-01	8.273511E-01	
68800	0.771600	1.055138	-8.779089	9.493128E-01	5.387701E-01	8.462124E-01	
68960	0.904324	0.967934	-8.815788	9.593271E-01	5.635853E-01	8.613562E-01	
69120	0.864511	1.055484	-8.818323	9.656216E-01	5.904391E-01	8.760688E-01	
69280	0.837736	0.994612	-8.824238	9.764880E-01	6.132825E-01	8.918992E-01	
69440	0.852130	0.986792	-8.814248	9.813444E-01	6.407717E-01	9.034252E-01	
69600	0.893464	0.991619	-8.754580	9.876023E-01	6.632303E-01	9.173814E-01	
69760	0.857193	0.973465	-8.763759	9.916875E-01	6.866725E-01	9.295821E-01	
69920	0.848230	0.980727	-8.798022	9.955495E-01	7.088529E-01	9.406643E-01	
70080	0.943712	1.037073	-8.809566	9.970413E-01	7.314153E-01	9.502258E-01	
70240	0.961098	1.014225	-8.816319	9.997642E-01	7.526677E-01	9.594931E-01	
70400	1.026826	0.960241	-8.768031	9.990162E-01	7.724178E-01	9.676897E-01	
70560	0.932258	0.937164	-8.804294	9.994385E-01	7.919860E-01	9.740346E-01	
70720	1.036329	0.886061	-8.836111	9.990407E-01	8.077927E-01	9.826302E-01	
70880	0.905857	0.954273	-8.822268	9.982827E-01	8.281756E-01	9.893632E-01	
71040	1.002770	0.931274	-8.823196	9.916931E-01	8.461014E-01	9.904939E-01	
71200	0.974599	0.946764	-8.825879	9.893580E-01	8.615126E-01	9.957039E-01	
71360	1.065984	0.956130	-8.912340	9.816850E-01	8.774275E-01	9.965579E-01	
71520	1.092155	0.854647	-8.862412	9.770899E-01	8.914407E-01	9.984636E-01	
71680	0.921369	0.953125	-8.823802	9.677086E-01	9.045214E-01	1.000461E+00	
71840	1.033810	0.936097	-8.880559	9.601158E-01	9.179103E-01	9.996645E-01	
72000	1.018596	0.828139	-8.936282	9.520627E-01	9.313859E-01	9.962585E-01	
72160	1.027382	0.835986	-8.960550	9.402891E-01	9.436374E-01	9.961358E-01	
72320	0.991223	0.851628	-8.945175	9.312323E-01	9.535842E-01	9.912266E-01	
72480	0.997500	0.860825	-8.994767	9.181685E-01	9.593403E-01	9.881800E-01	
72640	0.989837	0.757645	-8.946453	9.054480E-01	9.709312E-01	9.798229E-01	
72800	1.026555	0.830471	-8.963481	8.925608E-01	9.766116E-01	9.752308E-01	
72960	0.925826	0.739198	-9.031524	8.769711E-01	9.819182E-01	9.711032E-01	
73120	0.976823	0.651537	-9.089069	8.629808E-01	9.875814E-01	9.603954E-01	
73280	1.010613	0.617748	-9.041069	8.454004E-01	9.917622E-01	9.517090E-01	
73440	0.959720	0.688881	-9.033060	8.299830E-01	9.952270E-01	9.411706E-01	
73600	0.972629	0.652090	-9.054330	8.098761E-01	9.979819E-01	9.291202E-01	
73760	0.955575	0.549266	-9.115392	7.917692E-01	1.000162E+00	9.188332E-01	
73920	0.902064	0.631283	-9.128995	7.730949E-01	1.000881E+00	9.045271E-01	
74080	0.965008	0.507849	-9.103083	7.520642E-01	9.995872E-01	8.891522E-01	
74240	0.903980	0.565544	-9.176460	7.293257E-01	9.966910E-01	8.773507E-01	
74400	0.847352	0.520386	-9.172367	7.099118E-01	9.950485E-01	8.598006E-01	
74560	0.841649	0.476844	-9.181298	6.875613E-01	9.927969E-01	8.459668E-01	
74720	0.872132	0.428749	-9.171868	6.644243E-01	9.876767E-01	8.273836E-01	
74880	0.783304	0.350395	-9.235843	6.385161E-01	9.833668E-01	8.091162E-01	
75040	0.811396	0.412609	-9.265638	6.169992E-01	9.751962E-01	7.927232E-01	
75200	0.822297	0.321998	-9.334528	5.880305E-01	9.697208E-01	7.716794E-01	
75360	0.796257	0.298713	-9.357651	5.638819E-01	9.589795E-01	7.499483E-01	
75520	0.817706	0.265636	-9.402769	5.389388E-01	9.508663E-01	7.295602E-01	
75680	0.754796	0.346577	-9.361183	5.104510E-01	9.405495E-01	7.081706E-01	
75840	0.732801	0.275471	-9.409154	4.829149E-01	9.276190E-01	6.829836E-01	
76000	0.771743	0.167243	-9.524372	4.555857E-01	9.171460E-01	6.600921E-01	
76160	0.656345	0.190016	-9.406387	4.263221E-01	9.052657E-01	6.382271E-01	
76320	0.649948	0.176901	-9.554141	3.994168E-01	8.907203E-01	6.153365E-01	
76480	0.620041	0.123581	-9.600702	3.685021E-01	8.755004E-01	5.890022E-01	
76640	0.611642	0.113307	-9.576081	3.397213E-01	8.593298E-01	5.635331E-01	
76800	0.514307	0.100096	-9.598915	3.116029E-01	8.434597E-01	5.345065E-01	
76960	0.679602	-0.006417	-9.658336	2.804410E-01	8.263521E-01	5.080629E-01	
77120	0.542215	0.004786	-9.683279	2.495683E-01	8.075843E-01	4.825475E-01	
77280	0.533186	-0.065812	-9.747849	2.204980E-01	7.903482E-01	4.539029E-01	
77440	0.410694	-0.101067	-9.778786	1.888346E-01	7.709320E-01	4.256196E-01	
77600	0.417481	-0.092866	-9.751768	1.587193E-01	7.515497E-01	3.965543E-01	
77760	0.392111	-0.081731	-9.809597	1.256147E-01	7.265271E-01	3.698750E-01	
77920	0.282308	-0.144499	-9.785266	9.607924E-02	7.066335E-01	3.398769E-01	
78080	0.427038	-0.169680	-9.829606	6.438383E-02	6.822293E-01	3.086412E-01	
78240	0.328327	-0.225927	-9.972704	3.359878E-02	6.591825E-01	2.803017E-01	
78400	0.319889	-0.186422	-9.972292	6.059610E-04	6.357681E-01	2.494417E-01	
78560	0.293151	-0.272182	-9.940786	-2.921290E-02	6.096859E-01	2.181373E-01	
78720	0.289477	-0.224015	-10.008657	-6.012777E-02	5.845639E-01	1.883850E-01	
78880	0.246392	-0.339979	-10.008345	-9.229400E-02	5.611401E-01	1.562373E-01	
79040	0.151200	-0.300736	-10.029567	-1.232504E-01	5.351353E-01	1.253412E-01	
79200	0.187705	-0.407676	-10.121956	-1.553820E-01	5.086869E-01	9.445751E-02	
79360	0.124044	-0.426439	-10.140570	-1.859997E-01	4.797103E-01	6.146619E-02	
79520	0.094095	-0.514562	-10.097705	-2.160842E-01	4.516322E-01	3.251450E-02	
79680	0.065274	-0.479643	-10.183075	-2.482000E-01	4.234748E-01	-5.796709E-04	
79840	-0.071268	-0.494523	-10.186028	-2.760913E-01	3.964207E-01	-3.017250E-02	
80000	-0.078745	-0.546070	-10.175303	-3.062512E-01	3.664901E-01	-6.187626E-02	
80160	-0.051005	-0.517049	-10.262892	-3.359412E-01	3.382084E-01	-9.267612E-02	
80320	-0.054149	-0.638679	-10.229861	-3.676170E-01	3.057073E-01	-1.243729E-01	
80480	-0.071803	-0.603804	-10.281101	-3.948459E-01	2.772570E-01	-1.559979E-01	
80640	-0.103821	-0.552003	-10.276648	-4.242999E-01	2.470379E-01	-1.884265E-01	
80800	-0.150054	-0.707511	-10.320635	-4.525798E-01	2.161547E-01	-2.188811E-01	
80960	-0.191896	-0.695882	-10.379263	-4.782956E-01	1.847305E-01	-2.497874E-01	
81120	-0.223999	-0.760982	-10.501863	-5.080054E-01	1.558204E-01	-2.778066E-01	
81280	-0.244434	-0.723179	-10.443441	-5.339427E-01	1.238120E-01	-3.093345E-01	
81440	-0.307777	-0.760093	-10.472436	-5.597948E-01	9.092276E-02	-3.398774E-01	
81600	-0.267161	-0.767043	-10.509006	-5.872185E-01	5.978099E-02	-3.651737E-01	
81760	-0.345576	-0.790606	-10.492068	-6.101395E-01	3.150484E-02	-3.971615E-01	
81920	-0.348868	-0.784950	-10.507221	-6.364293E-01	-2.890301E-03	-4.268047E-01	
82080	-0.382409	-0.794438	-10.561014	-6.606706E-01	-3.254488E-02	-4.525201E-01	
82240	-0.424850	-0.880431	-10.623521	-6.837561E-01	-6.285899E-02	-4.801449E-01	
82400	-0.397500	-0.842229	-10.511120	-7.077093E-01	-9.724346E-02	-5.095313E-01	
82560	-0.485211	-0.885522	-10.630670	-7.296811E-01	-1.253670E-01	-5.361488E-01	
82720	-0.523861	-0.889918	-10.599948	-7.498176E-01	-1.570391E-01	-5.627712E-01	
82880	-0.532913	-0.878518	-10.665630	-7.687162E-01	-1.895269E-01	-5.881267E-01	
83040	-0.543701	-0.935248	-10.732712	-7.883575E-01	-2.208618E-01	-6.126580E-01	
83200	-0.614160	-0.861233	-10.670233	-8.074846E-01	-2.492995E-01	-6.368360E-01	
83360	-0.638375	-0.862440	-10.656956	-8.274814E-01	-2.810809E-01	-6.598034E-01	
83520	-0.683756	-0.989791	-10.708634	-8.420881E-01	-3.112207E-01	-6.831812E-01	
83680	-0.631672	-0.947824	-10.660358	-8.613215E-01	-3.409721E-01	-7.081666E-01	
83840	-0.594002	-0.944449	-10.761737	-8.762028E-01	-3.696746E-01	-7.288814E-01	
84000	-0.727205	-0.976440	-10.736376	-8.898964E-01	-3.990697E-01	-7.506299E-01	
84160	-0.791748	-1.031846	-10.687611	-9.036021E-01	-4.269999E-01	-7.717949E-01	
84320	-0.762842	-0.968239	-10.752161	-9.170291E-01	-4.569560E-01	-7.889623E-01	
84480	-0.770498	-1.042971	-10.813569	-9.292227E-01	-4.834540E-01	-8.084586E-01	
84640	-0.818779	-1.012540	-10.827160	-9.389801E-01	-5.114789E-01	-8.243659E-01	
84800	-0.778116	-1.058834	-10.724843	-9.485656E-01	-5.380759E-01	-8.464047E-01	
84960	-0.816355	-0.990359	-10.816416	-9.588027E-01	-5.626804E-01	-8.617365E-01	
85120	-0.884209	-1.021962	-10.784436	-9.686358E-01	-5.892294E-01	-8.761186E-01	
85280	-0.921510	-1.009241	-10.782234	-9.764541E-01	-6.157956E-01	-8.898326E-01	
85440	-0.876075	-0.990317	-10.837204	-9.826221E-01	-6.385797E-01	-9.031438E-01	
85600	-0.846758	-1.004941	-10.853109	-9.875978E-01	-6.640413E-01	-9.174799E-01	
85760	-0.904289	-0.945830	-10.780061	-9.925645E-01	-6.850936E-01	-9.289092E-01	
85920	-0.922179	-0.959250	-10.803543	-9.951248E-01	-7.089322E-01	-9.414902E-01	
86080	-1.023647	-0.984050	-10.806856	-9.964302E-01	-7.293885E-01	-9.514694E-01	
86240	-0.936442	-0.960034	-10.847359	-9.995478E-01	-7.512064E-01	-9.616353E-01	
86400	-0.904742	-0.933354	-10.802810	-1.000111E+00	-7.715921E-01	-9.679761E-01	
86560	-1.009967	-0.968175	-10.776670	-9.988116E-01	-7.909531E-01	-9.746321E-01	
86720	-0.937345	-1.020204	-10.770790	-9.992228E-01	-8.096189E-01	-9.828404E-01	
86880	-0.996851	-0.983401	-10.799616	-9.973473E-01	-8.278062E-01	-9.883176E-01	
87040	-1.004538	-0.928009	-10.851945	-9.922045E-01	-8.452008E-01	-9.940031E-01	
87200	-1.038871	-0.920154	-10.806487	-9.866686E-01	-8.624564E-01	-9.950867E-01	
87360	-0.995456	-0.856788	-10.753360	-9.828494E-01	-8.784127E-01	-9.979645E-01	
87520	-0.921221	-0.959368	-10.704133	-9.746555E-01	-8.915257E-01	-9.986040E-01	
87680	-0.976638	-0.935396	-10.757102	-9.671791E-01	-9.053064E-01	-9.988911E-01	
87840	-1.087313	-0.834814	-10.788268	-9.598071E-01	-9.200412E-01	-9.996426E-01	
88000	-1.011080	-0.868648	-10.641268	-9.532186E-01	-9.313873E-01	-9.968616E-01	
88160	-1.084856	-0.851870	-10.645456	-9.408703E-01	-9.411291E-01	-9.951613E-01	
88320	-1.059259	-0.791824	-10.616270	-9.292580E-01	-9.510617E-01	-9.930150E-01	
88480	-1.063245	-0.809608	-10.753157	-9.179073E-01	-9.604660E-01	-9.883396E-01	
88640	-1.009765	-0.714498	-10.628701	-9.062359E-01	-9.667293E-01	-9.799227E-01	
88800	-0.986778	-0.726008	-10.632794	-8.919487E-01	-9.777356E-01	-9.764387E-01	
88960	-0.976574	-0.789583	-10.614389	-8.803447E-01	-9.820113E-01	-9.682030E-01	
89120	-1.004984	-0.742426	-10.638739	-8.612676E-01	-9.867436E-01	-9.591775E-01	
89280	-0.971564	-0.654087	-10.521284	-8.441297E-01	-9.926266E-01	-9.512719E-01	
89440	-0.886868	-0.715552	-10.628743	-8.256566E-01	-9.973926E-01	-9.413212E-01	
89600	-0.899190	-0.637561	-10.532813	-8.103579E-01	-9.973557E-01	-9.304751E-01	
89760	-1.046486	-0.581129	-10.477659	-7.898496E-01	-9.998379E-01	-9.166469E-01	
89920	-0.977697	-0.546714	-10.477344	-7.717768E-01	-9.986393E-01	-9.053419E-01	
90080	-0.881537	-0.466685	-10.450945	-7.499914E-01	-9.995442E-01	-8.936521E-01	
90240	-0.875447	-0.601697	-10.538315	-7.293013E-01	-9.990312E-01	-8.765219E-01	
90400	-0.930616	-0.475910	-10.444734	-7.108498E-01	-9.962515E-01	-8.589531E-01	
90560	-0.897523	-0.474755	-10.457945	-6.870843E-01	-9.916480E-01	-8.449442E-01	
90720	-0.876326	-0.448029	-10.376067	-6.638884E-01	-9.880482E-01	-8.275789E-01	
90880	-0.868516	-0.406177	-10.372054	-6.384357E-01	-9.819146E-01	-8.095146E-01	
91040	-0.805891	-0.379017	-10.326871	-6.135223E-01	-9.756003E-01	-7.899609E-01	
91200	-0.758876	-0.372011	-10.342508	-5.893586E-01	-9.688703E-01	-7.704030E-01	
91360	-0.809989	-0.354421	-10.202291	-5.639590E-01	-9.610391E-01	-7.506652E-01	
91520	-0.834770	-0.355486	-10.247593	-5.376737E-01	-9.494253E-01	-7.295068E-01	
91680	-0.746923	-0.259857	-10.190332	-5.106917E-01	-9.401811E-01	-7.079028E-01	
91840	-0.613245	-0.264623	-10.203635	-4.825089E-01	-9.283817E-01	-6.855461E-01	
92000	-0.752644	-0.189234	-10.172629	-4.558661E-01	-9.170195E-01	-6.615749E-01	
92160	-0.692770	-0.211878	-10.078686	-4.272456E-01	-9.051484E-01	-6.380699E-01	
92320	-0.656031	-0.185624	-10.045418	-3.983580E-01	-8.889174E-01	-6.137709E-01	
92480	-0.564164	-0.083599	-10.006578	-3.692032E-01	-8.754206E-01	-5.873873E-01	
92640	-0.651411	-0.095288	-9.980834	-3.426930E-01	-8.593154E-01	-5.633439E-01	
92800	-0.631243	-0.039695	-10.001357	-3.105061E-01	-8.442874E-01	-5.368578E-01	
92960	-0.526898	-0.044840	-9.958688	-2.814414E-01	-8.239541E-01	-5.082554E-01	
93120	-0.472957	0.037951	-9.957379	-2.519125E-01	-8.082836E-01	-4.802043E-01	
93280	-0.509563	0.048083	-9.908414	-2.210475E-01	-7.900322E-01	-4.553070E-01	
93440	-0.452734	0.023839	-9.786857	-1.883836E-01	-7.709929E-01	-4.245216E-01	
93600	-0.410696	0.070685	-9.826336	-1.577124E-01	-7.492548E-01	-3.982485E-01	
93760	-0.439071	0.201254	-9.885945	-1.268923E-01	-7.286446E-01	-3.652305E-01	
93920	-0.449429	0.203576	-9.783449	-9.553981E-02	-7.050311E-01	-3.381307E-01	
94080	-0.406953	0.158311	-9.782901	-6.314100E-02	-6.816593E-01	-3.120055E-01	
94240	-0.315708	0.203077	-9.767314	-3.377102E-02	-6.596120E-01	-2.785939E-01	
94400	-0.234440	0.245458	-9.720825	-8.546496E-04	-6.360042E-01	-2.483141E-01	
94560	-0.204180	0.262499	-9.713645	2.963112E-02	-6.118489E-01	-2.187898E-01	
94720	-0.257067	0.268132	-9.594770	5.985920E-02	-5.882127E-01	-1.868754E-01	
94880	-0.166563	0.304464	-9.607516	9.267484E-02	-5.591540E-01	-1.568092E-01	
95040	-0.252125	0.328121	-9.544953	1.253185E-01	-5.343697E-01	-1.270392E-01	
95200	-0.168852	0.370705	-9.552049	1.545753E-01	-5.070789E-01	-9.500878E-02	
95360	-0.063829	0.419520	-9.482267	1.856444E-01	-4.773943E-01	-6.365608E-02	
95520	-0.134621	0.436563	-9.431763	2.158953E-01	-4.529961E-01	-3.046719E-02	
95680	0.022522	0.415370	-9.457062	2.467011E-01	-4.235195E-01	2.365424E-04	
95840	-0.041942	0.456861	-9.411849	2.783825E-01	-3.944861E-01	3.210945E-02	
96000	0.027950	0.546647	-9.352373	3.072147E-01	-3.667380E-01	6.339976E-02	
96160	0.026587	0.567349	-9.350302	3.375003E-01	-3.362033E-01	9.380476E-02	
96320	0.083339	0.650309	-9.414452	3.642714E-01	-3.062137E-01	1.258322E-01	
96480	0.088870	0.689510	-9.339934	3.960742E-01	-2.779080E-01	1.572522E-01	
96640	0.070536	0.668091	-9.297664	4.243915E-01	-2.465410E-01	1.863628E-01	
96800	0.222840	0.596197	-9.308288	4.534614E-01	-2.168673E-01	2.184972E-01	
96960	0.198791	0.692305	-9.277053	4.811931E-01	-1.844037E-01	2.490562E-01	
97120	0.144455	0.693939	-9.239629	5.062334E-01	-1.550776E-01	2.786362E-01	
97280	0.219535	0.697847	-9.151705	5.334792E-01	-1.249983E-01	3.079518E-01	
97440	0.363400	0.755268	-9.199424	5.612306E-01	-9.208464E-02	3.394114E-01	
97600	0.307984	0.776972	-9.099472	5.865307E-01	-5.974671E-02	3.686485E-01	
97760	0.349845	0.820201	-9.102689	6.123090E-01	-3.072781E-02	3.990016E-01	
97920	0.338853	0.807951	-9.048222	6.360286E-01	1.800473E-03	4.260092E-01	
98080	0.339368	0.760899	-9.074034	6.588936E-01	3.283645E-02	4.542993E-01	
98240	0.485706	0.829648	-9.087676	6.813369E-01	6.589580E-02	4.810280E-01	
98400	0.415050	0.900571	-9.064787	7.037171E-01	9.728639E-02	5.092550E-01	
98560	0.471291	0.821091	-9.041248	7.279874E-01	1.264715E-01	5.375809E-01	
98720	0.557809	0.889775	-8.902003	7.492674E-01	1.569264E-01	5.615493E-01	
98880	0.538652	0.947450	-8.905070	7.710803E-01	1.911650E-01	5.871957E-01	
99040	0.622998	0.915027	-8.933812	7.879479E-01	2.223262E-01	6.128969E-01	
99200	0.580016	0.920271	-8.894181	8.103858E-01	2.494175E-01	6.383419E-01	
99360	0.660374	0.945208	-8.940731	8.246693E-01	2.803536E-01	6.614786E-01	
99520	0.653687	0.976146	-8.871845	8.450305E-01	3.106547E-01	6.836005E-01	
99680	0.726368	1.006187	-8.863196	8.607096E-01	3.410831E-01	7.065567E-01	
99840	0.702001	0.903186	-8.845443	8.764916E-01	3.694932E-01	7.281248E-01	
100000	0.712596	0.932887	-8.858761	8.898213E-01	3.973112E-01	7.505371E-01	
100160	0.743234	0.946084	-8.794075	9.032410E-01	4.267639E-01	7.708283E-01	
100320	0.765998	0.937662	-8.791882	9.165477E-01	4.570105E-01	7.894082E-01	
100480	0.798410	1.050343	-8.863837	9.289407E-01	4.830249E-01	8.090816E-01	
100640	0.741817	0.930102	-8.861985	9.400290E-01	5.107167E-01	8.288390E-01	
100800	0.858648	1.043389	-8.809554	9.510437E-01	5.376399E-01	8.437543E-01	
100960	0.799724	0.966637	-8.806930	9.590706E-01	5.634106E-01	8.588609E-01	
101120	0.902104	0.929558	-8.754326	9.679123E-01	5.882282E-01	8.763104E-01	
101280	0.896382	1.015262	-8.805263	9.738568E-01	6.130595E-01	8.902387E-01	
101440	0.919954	0.935389	-8.823394	9.830299E-01	6.396697E-01	9.023809E-01	
101600	0.879195	1.008182	-8.871778	9.887713E-01	6.628912E-01	9.166665E-01	
101760	0.910249	0.987526	-8.828523	9.898617E-01	6.850876E-01	9.293947E-01	
101920	0.951104	0.940273	-8.853389	9.951236E-01	7.088688E-01	9.410327E-01	
102080	0.958485	1.023718	-8.839962	9.977237E-01	7.299247E-01	9.508287E-01	
102240	0.898347	1.020107	-8.768720	1.000638E+00	7.523938E-01	9.617954E-01	
102400	0.931053	1.013145	-8.780887	9.995015E-01	7.723550E-01	9.678262E-01	
102560	0.886937	0.927935	-8.776858	1.001143E+00	7.914089E-01	9.750056E-01	
102720	1.046777	0.979853	-8.826266	9.993550E-01	8.118355E-01	9.839057E-01	
102880	0.991174	0.976112	-8.823956	9.962496E-01	8.286346E-01	9.888103E-01	
103040	0.974716	0.843626	-8.904875	9.909793E-01	8.441248E-01	9.933317E-01	
103200	1.003939	0.934691	-8.890217	9.889841E-01	8.626171E-01	9.962312E-01	
103360	0.983022	0.920294	-8.865890	9.836047E-01	8.774043E-01	9.964509E-01	
103520	1.016819	0.933975	-8.901684	9.768162E-01	8.923510E-01	9.994608E-01	
103680	1.013604	0.873328	-8.852056	9.676685E-01	9.056789E-01	1.000215E+00	
103840	0.993222	0.839601	-8.923097	9.610968E-01	9.208858E-01	9.994251E-01	
104000	1.031909	0.884444	-8.942694	9.522764E-01	9.298170E-01	9.972194E-01	
104160	0.919233	0.823578	-8.930967	9.413345E-01	9.421347E-01	9.970400E-01	
104320	0.947427	0.882747	-8.916066	9.315398E-01	9.527397E-01	9.926598E-01	
104480	0.895768	0.773226	-8.963769	9.194276E-01	9.608116E-01	9.875209E-01	
104640	0.932447	0.768318	-8.940243	9.058023E-01	9.683483E-01	9.848852E-01	
104800	0.945019	0.732358	-8.958743	8.913332E-01	9.751576E-01	9.748888E-01	
104960	1.034826	0.669029	-8.974075	8.772119E-01	9.824522E-01	9.678617E-01	
105120	0.924159	0.706881	-9.094097	8.638462E-01	9.879336E-01	9.601492E-01	
105280	0.974668	0.673145	-9.009732	8.451931E-01	9.917560E-01	9.520065E-01	
105440	0.946932	0.665889	-9.074819	8.292574E-01	9.941534E-01	9.406765E-01	
105600	0.977881	0.693805	-9.098535	8.107665E-01	9.978392E-01	9.308042E-01	
105760	0.909461	0.593296	-9.084707	7.894867E-01	1.000990E+00	9.169227E-01	
105920	0.926610	0.597907	-9.141264	7.724407E-01	9.992057E-01	9.043140E-01	
106080	0.949978	0.540325	-9.114616	7.499623E-01	9.984148E-01	8.892571E-01	
106240	0.896687	0.483062	-9.219762	7.296546E-01	9.969405E-01	8.765453E-01	
106400	0.865349	0.453061	-9.191519	7.086828E-01	9.953711E-01	8.609478E-01	
106560	0.906934	0.538956	-9.220713	6.862152E-01	9.904373E-01	8.436821E-01	
106720	0.776271	0.504729	-9.225941	6.632812E-01	9.916198E-01	8.271886E-01	
106880	0.925352	0.450356	-9.257125	6.388638E-01	9.831662E-01	8.099239E-01	
107040	0.822310	0.494961	-9.371609	6.139626E-01	9.771886E-01	7.927144E-01	
107200	0.861149	0.366794	-9.367205	5.894980E-01	9.682062E-01	7.697639E-01	
107360	0.727843	0.380814	-9.348025	5.660619E-01	9.597489E-01	7.504236E-01	
107520	0.822239	0.343733	-9.379645	5.373413E-01	9.505342E-01	7.287900E-01	
107680	0.761651	0.210601	-9.346916	5.107865E-01	9.411707E-01	7.064681E-01	
107840	0.809797	0.217627	-9.511929	4.826060E-01	9.284872E-01	6.848769E-01	
108000	0.707428	0.240657	-9.463173	4.553915E-01	9.172112E-01	6.610988E-01	
108160	0.655140	0.155900	-9.495050	4.281400E-01	9.036945E-01	6.362395E-01	
108320	0.606107	0.157368	-9.580743	3.998096E-01	8.900612E-01	6.130972E-01	
108480	0.652820	0.102978	-9.519479	3.710900E-01	8.768016E-01	5.874114E-01	
108640	0.626263	0.097072	-9.633687	3.403937E-01	8.604825E-01	5.629826E-01	
108800	0.603360	0.100811	-9.596509	3.105193E-01	8.437969E-01	5.378862E-01	
108960	0.597652	-0.033607	-9.637450	2.802221E-01	8.259903E-01	5.092980E-01	
109120	0.546828	-0.073706	-9.710668	2.485803E-01	8.091647E-01	4.836998E-01	
109280	0.469450	0.050235	-9.660981	2.181644E-01	7.893606E-01	4.545940E-01	
109440	0.511245	-0.071229	-9.733038	1.900399E-01	7.688042E-01	4.254313E-01	
109600	0.398893	-0.126017	-9.816206	1.561406E-01	7.482259E-01	3.987923E-01	
109760	0.433824	-0.065685	-9.827109	1.273145E-01	7.263915E-01	3.672343E-01	
109920	0.394801	-0.158643	-9.810227	9.511406E-02	7.069456E-01	3.397042E-01	
110080	0.353860	-0.139825	-9.933870	6.466423E-02	6.833238E-01	3.098284E-01	
110240	0.289959	-0.221888	-9.897448	3.007572E-02	6.593013E-01	2.786463E-01	
110400	0.317248	-0.274818	-9.841374	1.807500E-03	6.354806E-01	2.484890E-01	
110560	0.263016	-0.320843	-9.979268	-3.035559E-02	6.128202E-01	2.185850E-01	
110720	0.273483	-0.345650	-10.004075	-6.116368E-02	5.852443E-01	1.868353E-01	
110880	0.222521	-0.306847	-10.078291	-9.251669E-02	5.608047E-01	1.551735E-01	
111040	0.169196	-0.330795	-9.984527	-1.247395E-01	5.341568E-01	1.252760E-01	
111200	0.187628	-0.361567	-10.109882	-1.553390E-01	5.075780E-01	9.416320E-02	
111360	0.136095	-0.431418	-10.119582	-1.871659E-01	4.801403E-01	6.234301E-02	
111520	0.069640	-0.391862	-10.142044	-2.150976E-01	4.516196E-01	3.182119E-02	
111680	0.012670	-0.501420	-10.157283	-2.471392E-01	4.251605E-01	6.894917E-04	
111840	0.040090	-0.482117	-10.143400	-2.765924E-01	3.962460E-01	-2.951479E-02	
112000	-0.053598	-0.534635	-10.232423	-3.072196E-01	3.677347E-01	-6.072596E-02	
112160	-0.050123	-0.555499	-10.243873	-3.396558E-01	3.381913E-01	-9.288456E-02	
112320	-0.129887	-0.566343	-10.327076	-3.663840E-01	3.067607E-01	-1.249881E-01	
112480	-0.102082	-0.598168	-10.374896	-3.965627E-01	2.762745E-01	-1.569523E-01	
112640	-0.149709	-0.611863	-10.345405	-4.238238E-01	2.467965E-01	-1.874769E-01	
112800	-0.093891	-0.684506	-10.388179	-4.526524E-01	2.163735E-01	-2.178319E-01	
112960	-0.192256	-0.638068	-10.388764	-4.805415E-01	1.858621E-01	-2.488929E-01	
113120	-0.212638	-0.735062	-10.334610	-5.073538E-01	1.542700E-01	-2.780765E-01	
113280	-0.260290	-0.734513	-10.463948	-5.333868E-01	1.231765E-01	-3.092868E-01	
113440	-0.257810	-0.744660	-10.472514	-5.615091E-01	9.297304E-02	-3.385583E-01	
113600	-0.263167	-0.703257	-10.550829	-5.869942E-01	6.159564E-02	-3.679372E-01	
113760	-0.346182	-0.810242	-10.550514	-6.113456E-01	3.057668E-02	-3.967860E-01	
113920	-0.351840	-0.755589	-10.606934	-6.353145E-01	-2.948336E-03	-4.255335E-01	
114080	-0.421826	-0.909459	-10.545123	-6.602919E-01	-3.264569E-02	-4.544527E-01	
114240	-0.408433	-0.874196	-10.627384	-6.817717E-01	-6.537323E-02	-4.797686E-01	
114400	-0.411085	-0.883960	-10.592794	-7.066355E-01	-9.695532E-02	-5.081957E-01	
114560	-0.464792	-0.864247	-10.670053	-7.274689E-01	-1.279116E-01	-5.344321E-01	
114720	-0.506115	-0.924837	-10.572798	-7.484547E-01	-1.592287E-01	-5.632332E-01	
114880	-0.518824	-0.899780	-10.587324	-7.705288E-01	-1.881556E-01	-5.879850E-01	
115040	-0.631067	-0.941009	-10.663763	-7.891697E-01	-2.211639E-01	-6.125772E-01	
115200	-0.630291	-0.889357	-10.651578	-8.081667E-01	-2.495318E-01	-6.379410E-01	
115360	-0.534342	-0.910249	-10.702066	-8.259189E-01	-2.833954E-01	-6.624846E-01	
115520	-0.710540	-0.881686	-10.711575	-8.430375E-01	-3.107792E-01	-6.836763E-01	
115680	-0.578524	-0.928004	-10.754372	-8.586349E-01	-3.410480E-01	-7.064727E-01	
115840	-0.674973	-0.975999	-10.714936	-8.760204E-01	-3.693997E-01	-7.286781E-01	
116000	-0.683706	-0.990957	-10.794034	-8.900488E-01	-3.981256E-01	-7.502877E-01	
116160	-0.773165	-1.072875	-10.800229	-9.059307E-01	-4.280047E-01	-7.702648E-01	
116320	-0.773480	-0.957972	-10.751199	-9.170025E-01	-4.535038E-01	-7.897782E-01	
116480	-0.740736	-1.002809	-10.762321	-9.293757E-01	-4.857555E-01	-8.082711E-01	
116640	-0.767451	-1.001196	-10.793097	-9.410795E-01	-5.103753E-01	-8.261480E-01	
116800	-0.838672	-0.958186	-10.736096	-9.489822E-01	-5.373845E-01	-8.446301E-01	
116960	-0.825916	-0.985537	-10.759209	-9.584647E-01	-5.643914E-01	-8.604650E-01	
117120	-0.854780	-1.019200	-10.777880	-9.680905E-01	-5.902900E-01	-8.767952E-01	
117280	-0.899060	-0.962627	-10.775220	-9.744495E-01	-6.150650E-01	-8.893714E-01	
117440	-0.867396	-1.003651	-10.849265	-9.801632E-01	-6.398708E-01	-9.037319E-01	
117600	-0.879875	-1.018051	-10.817345	-9.876481E-01	-6.617569E-01	-9.172352E-01	
117760	-0.886281	-0.901013	-10.813517	-9.903519E-01	-6.872009E-01	-9.293106E-01	
117920	-0.905756	-0.994142	-10.725482	-9.951981E-01	-7.070459E-01	-9.408364E-01	
118080	-0.886307	-0.973856	-10.808292	-9.989647E-01	-7.302511E-01	-9.503422E-01	
118240	-0.911097	-0.953866	-10.727162	-9.993933E-01	-7.527798E-01	-9.614734E-01	
118400	-0.998858	-0.988885	-10.792339	-9.990955E-01	-7.729653E-01	-9.687625E-01	
118560	-0.992677	-0.969915	-10.757144	-1.000324E+00	-7.910600E-01	-9.763090E-01	
118720	-0.925870	-0.922644	-10.737600	-9.969296E-01	-8.116562E-01	-9.819954E-01	
118880	-0.963616	-0.900417	-10.737225	-9.942112E-01	-8.277715E-01	-9.890390E-01	
119040	-0.973062	-0.961846	-10.804387	-9.922014E-01	-8.461064E-01	-9.925329E-01	
119200	-1.031204	-0.871124	-10.785978	-9.873952E-01	-8.620713E-01	-9.951445E-01	
119360	-1.035651	-0.962171	-10.801666	-9.838537E-01	-8.770094E-01	-9.997299E-01	
119520	-0.949989	-0.899994	-10.768213	-9.751648E-01	-8.911091E-01	-9.995443E-01	
119680	-0.958912	-0.863981	-10.717658	-9.685223E-01	-9.054636E-01	-9.973540E-01	
119840	-0.895240	-0.830475	-10.751119	-9.598744E-01	-9.170689E-01	-9.991871E-01	
120000	-1.046883	-0.896472	-10.747544	-9.529089E-01	-9.290562E-01	-9.968740E-01	
120160	-1.025264	-0.822339	-10.663247	-9.418883E-01	-9.405339E-01	-9.974078E-01	
120320	-0.953951	-0.776376	-10.664448	-9.302833E-01	-9.510461E-01	-9.931039E-01	
120480	-0.970178	-0.781676	-10.651392	-9.178322E-01	-9.608932E-01	-9.857665E-01	
120640	-0.957383	-0.689514	-10.698671	-9.061212E-01	-9.674453E-01	-9.817452E-01	
120800	-1.018824	-0.758778	-10.627055	-8.922273E-01	-9.763763E-01	-9.752108E-01	
120960	-1.003631	-0.661027	-10.584105	-8.774806E-01	-9.818872E-01	-9.690290E-01	
121120	-1.064010	-0.674264	-10.611539	-8.622144E-01	-9.891892E-01	-9.600744E-01	
121280	-0.994405	-0.682597	-10.608558	-8.449339E-01	-9.926519E-01	-9.504603E-01	
121440	-0.979117	-0.580909	-10.557835	-8.274527E-01	-9.948826E-01	-9.413597E-01	
121600	-0.920043	-0.616400	-10.464884	-8.111254E-01	-9.975604E-01	-9.284159E-01	
121760	-0.982435	-0.607021	-10.501767	-7.914928E-01	-1.000669E+00	-9.204484E-01	
121920	-0.979231	-0.632371	-10.447531	-7.689110E-01	-1.000020E+00	-9.051559E-01	
122080	-0.916104	-0.566602	-10.490212	-7.520932E-01	-9.986239E-01	-8.916854E-01	
122240	-0.942603	-0.488905	-10.502323	-7.306416E-01	-9.967045E-01	-8.762819E-01	
122400	-0.905011	-0.560207	-10.488727	-7.091278E-01	-9.952892E-01	-8.606768E-01	
122560	-0.920684	-0.455310	-10.431516	-6.874943E-01	-9.931690E-01	-8.460574E-01	
122720	-0.841023	-0.317507	-10.429838	-6.623478E-01	-9.878161E-01	-8.280845E-01	
122880	-0.816754	-0.429619	-10.304888	-6.390562E-01	-9.807949E-01	-8.091770E-01	
123040	-0.785981	-0.365955	-10.343785	-6.141860E-01	-9.717050E-01	-7.905434E-01	
123200	-0.798933	-0.393189	-10.310181	-5.874326E-01	-9.680425E-01	-7.714650E-01	
123360	-0.821803	-0.374789	-10.195707	-5.643561E-01	-9.580432E-01	-7.496202E-01	
123520	-0.783178	-0.305652	-10.215428	-5.363426E-01	-9.505913E-01	-7.301317E-01	
123680	-0.826257	-0.284849	-10.215190	-5.127697E-01	-9.389017E-01	-7.086423E-01	
123840	-0.697338	-0.249849	-10.177407	-4.824879E-01	-9.271499E-01	-6.844161E-01	
124000	-0.684628	-0.212194	-10.109675	-4.561896E-01	-9.171721E-01	-6.614537E-01	
124160	-0.690328	-0.271661	-10.160486	-4.288689E-01	-9.026580E-01	-6.371802E-01	
124320	-0.642697	-0.189847	-10.147463	-3.982681E-01	-8.884947E-01	-6.124578E-01	
124480	-0.665315	-0.129373	-9.990915	-3.710647E-01	-8.740950E-01	-5.875849E-01	
124640	-0.594611	-0.083976	-10.045908	-3.395228E-01	-8.613965E-01	-5.628119E-01	
124800	-0.567201	-0.094203	-9.964723	-3.101299E-01	-8.437750E-01	-5.347542E-01	
124960	-0.529975	-0.111329	-10.003907	-2.814012E-01	-8.271665E-01	-5.085900E-01	
125120	-0.516997	-0.000524	-9.908883	-2.486678E-01	-8.073061E-01	-4.835049E-01	
125280	-0.472425	0.110745	-10.003175	-2.192260E-01	-7.874592E-01	-4.545744E-01	
125440	-0.396899	0.046022	-9.883764	-1.908104E-01	-7.687533E-01	-4.249347E-01	
125600	-0.442045	0.137724	-9.819091	-1.573240E-01	-7.479513E-01	-3.957609E-01	
125760	-0.416886	0.087964	-9.740719	-1.276699E-01	-7.270475E-01	-3.675118E-01	
125920	-0.401002	0.146489	-9.785291	-9.574296E-02	-7.053623E-01	-3.390981E-01	
126080	-0.377264	0.185297	-9.746739	-6.137991E-02	-6.816131E-01	-3.097523E-01	
126240	-0.392146	0.267987	-9.723417	-3.505670E-02	-6.596900E-01	-2.796050E-01	
126400	-0.308805	0.331254	-9.665232	-2.354461E-03	-6.370893E-01	-2.487727E-01	
126560	-0.317892	0.260250	-9.638597	3.038300E-02	-6.111875E-01	-2.185946E-01	
126720	-0.204882	0.308148	-9.588378	5.930547E-02	-5.862114E-01	-1.867981E-01	
126880	-0.198353	0.310382	-9.626709	9.264703E-02	-5.622639E-01	-1.570963E-01	
127040	-0.260353	0.346632	-9.631534	1.241470E-01	-5.350181E-01	-1.266171E-01	
127200	-0.115325	0.385744	-9.541707	1.526179E-01	-5.068473E-01	-9.478670E-02	
127360	-0.154430	0.427700	-9.428400	1.865274E-01	-4.813932E-01	-6.281358E-02	
127520	-0.093375	0.417104	-9.524826	2.168231E-01	-4.500965E-01	-3.349146E-02	
127680	-0.094826	0.462661	-9.473990	2.464147E-01	-4.229776E-01	-1.999065E-03	
127840	-0.057629	0.537283	-9.380792	2.755687E-01	-3.944605E-01	3.148868E-02	
128000	0.047379	0.513985	-9.404870	3.091822E-01	-3.649712E-01	6.397556E-02	
128160	0.055229	0.600661	-9.416220	3.367633E-01	-3.358661E-01	9.296948E-02	
128320	0.048913	0.581278	-9.362721	3.667528E-01	-3.079030E-01	1.255381E-01	
128480	0.129271	0.604636	-9.295871	3.934827E-01	-2.768548E-01	1.541497E-01	
128640	0.169948	0.627040	-9.258764	4.238800E-01	-2.468482E-01	1.871507E-01	
128800	0.106106	0.618271	-9.215729	4.517161E-01	-2.150125E-01	2.181050E-01	
128960	0.166716	0.708016	-9.280207	4.806567E-01	-1.857656E-01	2.476531E-01	
129120	0.189015	0.696679	-9.253045	5.080988E-01	-1.530755E-01	2.805158E-01	
129280	0.242354	0.741961	-9.182534	5.351851E-01	-1.243322E-01	3.101191E-01	
129440	0.334715	0.785610	-9.137745	5.604421E-01	-9.234821E-02	3.380350E-01	
129600	0.311371	0.766420	-9.185067	5.869235E-01	-6.066315E-02	3.693603E-01	
129760	0.279375	0.744556	-9.089479	6.128618E-01	-2.920412E-02	3.979557E-01	
129920	0.310138	0.779634	-9.063815	6.358425E-01	3.284714E-03	4.245775E-01	
130080	0.441794	0.840934	-9.150458	6.599179E-01	3.336763E-02	4.549876E-01	
130240	0.412687	0.830494	-8.990178	6.834996E-01	6.390600E-02	4.812220E-01	
130400	0.483797	0.801230	-9.076500	7.057458E-01	9.431339E-02	5.083076E-01	
130560	0.444535	0.832475	-8.980836	7.276145E-01	1.273736E-01	5.355071E-01	
130720	0.495763	0.902397	-8.976335	7.496476E-01	1.588279E-01	5.633751E-01	
130880	0.522424	0.926727	-8.919345	7.693852E-01	1.896944E-01	5.865586E-01	
131040	0.673149	0.861998	-8.991410	7.896981E-01	2.213726E-01	6.119931E-01	
131200	0.567374	0.947620	-8.953287	8.076707E-01	2.501992E-01	6.380447E-01	
131360	0.619601	0.906267	-8.834296	8.267731E-01	2.821310E-01	6.610956E-01	
131520	0.626803	0.974810	-8.882498	8.442426E-01	3.094026E-01	6.847538E-01	
131680	0.731341	0.962104	-8.882854	8.622130E-01	3.399308E-01	7.080105E-01	
131840	0.655561	0.968314	-8.897554	8.743659E-01	3.704746E-01	7.287299E-01	
132000	0.738579	0.959330	-8.827667	8.908913E-01	3.992948E-01	7.515483E-01	
132160	0.766485	0.980018	-8.872365	9.051499E-01	4.264215E-01	7.703378E-01	
132320	0.786830	1.027383	-8.800556	9.148358E-01	4.564776E-01	7.921564E-01	
132480	0.673850	1.021576	-8.885331	9.289237E-01	4.849867E-01	8.089472E-01	
132640	0.744006	1.018285	-8.807017	9.405845E-01	5.102144E-01	8.270246E-01	
132800	0.790450	0.952902	-8.849670	9.491660E-01	5.375131E-01	8.445250E-01	
132960	0.808281	0.982325	-8.800325	9.586760E-01	5.644436E-01	8.610829E-01	
133120	0.760529	1.015611	-8.822522	9.682242E-01	5.893853E-01	8.752788E-01	
133280	0.801272	1.041298	-8.820894	9.730125E-01	6.138163E-01	8.909471E-01	
133440	0.854975	1.035278	-8.801792	9.811215E-01	6.387725E-01	9.041318E-01	
133600	0.914665	1.026592	-8.786189	9.874866E-01	6.627013E-01	9.182234E-01	
133760	0.882714	1.024263	-8.824753	9.907460E-01	6.861931E-01	9.298982E-01	
133920	0.920210	1.000334	-8.737542	9.950593E-01	7.079564E-01	9.394533E-01	
134080	0.981891	0.931434	-8.774515	9.962671E-01	7.311342E-01	9.505910E-01	
134240	0.906885	0.956044	-8.863110	9.986441E-01	7.527673E-01	9.589105E-01	
134400	0.982873	1.034621	-8.838156	9.994357E-01	7.725315E-01	9.694501E-01	
134560	0.971441	0.959378	-8.791601	9.992079E-01	7.914291E-01	9.761765E-01	
134720	0.922201	0.972061	-8.820024	9.990831E-01	8.103280E-01	9.823708E-01	
134880	0.954190	0.857231	-8.838498	9.957089E-01	8.289443E-01	9.872516E-01	
135040	1.046402	0.948161	-8.833388	9.909639E-01	8.460857E-01	9.934492E-01	
135200	0.957686	0.911073	-8.807746	9.863426E-01	8.592432E-01	9.961389E-01	
135360	0.962527	0.905391	-8.888847	9.834940E-01	8.780625E-01	9.981275E-01	
135520	0.980161	0.903105	-8.870482	9.752704E-01	8.923983E-01	9.993242E-01	
135680	0.964140	0.892087	-8.864906	9.687187E-01	9.064457E-01	1.000694E+00	
135840	0.936897	0.907310	-8.911848	9.607431E-01	9.186816E-01	1.000523E+00	
136000	1.013318	0.894907	-8.884659	9.518649E-01	9.296122E-01	9.982577E-01	
136160	1.021293	0.790562	-8.968730	9.402712E-01	9.414538E-01	9.960443E-01	
136320	1.018090	0.810032	-8.834726	9.310839E-01	9.520118E-01	9.912646E-01	
136480	1.029941	0.796461	-8.979083	9.185498E-01	9.604047E-01	9.872994E-01	
136640	0.949128	0.777971	-8.987008	9.059433E-01	9.702924E-01	9.824881E-01	
136800	1.055035	0.747300	-9.033519	8.907643E-01	9.754822E-01	9.760644E-01	
136960	0.941409	0.757921	-9.061577	8.773348E-01	9.849722E-01	9.680609E-01	
137120	0.958831	0.765733	-9.022070	8.617024E-01	9.886146E-01	9.607510E-01	
137280	0.911843	0.716693	-9.005598	8.429486E-01	9.907567E-01	9.510432E-01	
137440	0.878638	0.612088	-9.087669	8.276831E-01	9.970978E-01	9.408336E-01	
137600	0.959308	0.675640	-9.087648	8.098883E-01	9.971186E-01	9.290524E-01	
137760	1.015235	0.639675	-9.034938	7.896529E-01	9.990852E-01	9.185741E-01	
137920	1.005165	0.661216	-9.037829	7.703611E-01	9.993361E-01	9.048148E-01	
138080	0.838197	0.547595	-9.083413	7.496252E-01	9.986900E-01	8.896682E-01	
138240	0.924411	0.496279	-9.132451	7.297603E-01	9.976177E-01	8.759013E-01	
138400	0.900222	0.486226	-9.211145	7.079669E-01	9.953043E-01	8.611273E-01	
138560	0.889564	0.501604	-9.256386	6.842881E-01	9.911621E-01	8.442268E-01	
138720	0.811749	0.497833	-9.221150	6.631984E-01	9.887110E-01	8.274893E-01	
138880	0.824247	0.474891	-9.311606	6.384707E-01	9.826480E-01	8.096651E-01	
139040	0.900723	0.424940	-9.312836	6.139886E-01	9.755164E-01	7.901632E-01	
139200	0.867303	0.391564	-9.316060	5.896905E-01	9.681258E-01	7.720129E-01	
139360	0.800803	0.349300	-9.314021	5.651105E-01	9.593722E-01	7.505035E-01	
139520	0.787601	0.398456	-9.374368	5.387408E-01	9.521481E-01	7.314806E-01	
139680	0.765783	0.304281	-9.429823	5.100908E-01	9.395148E-01	7.068482E-01	
139840	0.647648	0.270919	-9.448217	4.845427E-01	9.288535E-01	6.854961E-01	
140000	0.716244	0.225069	-9.489772	4.550803E-01	9.157201E-01	6.635206E-01	
140160	0.695547	0.178617	-9.462726	4.273388E-01	9.025069E-01	6.379940E-01	
140320	0.678448	0.127682	-9.641456	3.982793E-01	8.901166E-01	6.144519E-01	
140480	0.622806	0.111288	-9.529301	3.681819E-01	8.752327E-01	5.882852E-01	
140640	0.572752	0.090425	-9.572162	3.396554E-01	8.572734E-01	5.619052E-01	
140800	0.580955	0.088329	-9.624440	3.112549E-01	8.431044E-01	5.369712E-01	
140960	0.531354	0.030780	-9.654540	2.812444E-01	8.257055E-01	5.082843E-01	
141120	0.529237	0.004914	-9.654033	2.482252E-01	8.079682E-01	4.818337E-01	
141280	0.515182	-0.015043	-9.717899	2.185057E-01	7.884149E-01	4.549505E-01	
141440	0.491388	-0.033093	-9.788612	1.888686E-01	7.700179E-01	4.248979E-01	
141600	0.503698	-0.107095	-9.749780	1.589433E-01	7.473464E-01	3.965376E-01	
141760	0.469911	-0.139974	-9.849869	1.279667E-01	7.259768E-01	3.676761E-01	
141920	0.359433	-0.165028	-9.827313	9.475022E-02	7.065441E-01	3.387727E-01	
142080	0.353487	-0.202431	-9.848807	6.287206E-02	6.828962E-01	3.084435E-01	
142240	0.334398	-0.279329	-9.925886	3.368419E-02	6.596600E-01	2.797236E-01	
142400	0.266650	-0.253937	-9.892146	1.346394E-03	6.339176E-01	2.486300E-01	
142560	0.315022	-0.251209	-9.914572	-3.088534E-02	6.127854E-01	2.198386E-01	
142720	0.254026	-0.327772	-10.010478	-6.046367E-02	5.866083E-01	1.887842E-01	
142880	0.270001	-0.299873	-10.017111	-9.316756E-02	5.610797E-01	1.577601E-01	
143040	0.245669	-0.355257	-10.122624	-1.245726E-01	5.338005E-01	1.247446E-01	
143200	0.199139	-0.392424	-10.066841	-1.545965E-01	5.080217E-01	9.482747E-02	
143360	0.151504	-0.394505	-10.049256	-1.849757E-01	4.793449E-01	6.206610E-02	
143520	0.126440	-0.390589	-10.111153	-2.157878E-01	4.516929E-01	3.193120E-02	
143680	0.105380	-0.421956	-10.195820	-2.455123E-01	4.234355E-01	-1.731123E-03	
143840	0.060122	-0.545834	-10.219948	-2.768326E-01	3.952730E-01	-3.147541E-02	
144000	0.065557	-0.597317	-10.214340	-3.072231E-01	3.666565E-01	-6.172044E-02	
144160	-0.096296	-0.663542	-10.198181	-3.372735E-01	3.361706E-01	-9.438186E-02	
144320	-0.040790	-0.563595	-10.308162	-3.671779E-01	3.066081E-01	-1.260481E-01	
144480	-0.099977	-0.636879	-10.361887	-3.959355E-01	2.769773E-01	-1.564065E-01	
144640	-0.122374	-0.627318	-10.407977	-4.242298E-01	2.468330E-01	-1.859557E-01	
144800	-0.165157	-0.709169	-10.408296	-4.541229E-01	2.163516E-01	-2.186282E-01	
144960	-0.152209	-0.758621	-10.383663	-4.797577E-01	1.850228E-01	-2.495258E-01	
145120	-0.160437	-0.696897	-10.431961	-5.086549E-01	1.543525E-01	-2.788585E-01	
145280	-0.240229	-0.740693	-10.466083	-5.363005E-01	1.236503E-01	-3.085282E-01	
145440	-0.323822	-0.796741	-10.471113	-5.602267E-01	9.274105E-02	-3.394197E-01	
145600	-0.303704	-0.738299	-10.469799	-5.863636E-01	5.977546E-02	-3.661778E-01	
145760	-0.322935	-0.733592	-10.472490	-6.120700E-01	2.958884E-02	-3.971259E-01	
145920	-0.368428	-0.878010	-10.500817	-6.365817E-01	-2.397751E-03	-4.248972E-01	
146080	-0.360594	-0.783981	-10.501479	-6.573598E-01	-3.584090E-02	-4.552746E-01	
146240	-0.440053	-0.786442	-10.591316	-6.838183E-01	-6.580440E-02	-4.813699E-01	
146400	-0.453532	-0.923055	-10.650966	-7.038502E-01	-9.539282E-02	-5.093554E-01	
146560	-0.585413	-0.904584	-10.657979	-7.275555E-01	-1.271033E-01	-5.366886E-01	
146720	-0.428613	-0.851324	-10.598092	-7.500882E-01	-1.576978E-01	-5.616656E-01	
146880	-0.523752	-0.906404	-10.582905	-7.696498E-01	-1.920535E-01	-5.856132E-01	
147040	-0.591238	-0.846445	-10.708605	-7.906079E-01	-2.197430E-01	-6.111140E-01	
147200	-0.595664	-0.957647	-10.639152	-8.077828E-01	-2.508132E-01	-6.377868E-01	
147360	-0.600917	-0.894578	-10.759081	-8.261444E-01	-2.820766E-01	-6.604113E-01	
147520	-0.640605	-0.914666	-10.701531	-8.429789E-01	-3.113718E-01	-6.832208E-01	
147680	-0.663367	-0.945942	-10.683356	-8.594652E-01	-3.407022E-01	-7.070780E-01	
147840	-0.752779	-0.917342	-10.786342	-8.739360E-01	-3.682402E-01	-7.277818E-01	
148000	-0.656266	-0.953197	-10.731504	-8.903011E-01	-3.984327E-01	-7.509696E-01	
148160	-0.756132	-1.015224	-10.789662	-9.041478E-01	-4.262140E-01	-7.708094E-01	
148320	-0.801637	-0.956409	-10.797777	-9.173334E-01	-4.574543E-01	-7.882919E-01	
148480	-0.784250	-1.012515	-10.816743	-9.275272E-01	-4.829190E-01	-8.088015E-01	
148640	-0.810249	-0.943054	-10.757493	-9.405166E-01	-5.101446E-01	-8.273498E-01	
148800	-0.793651	-0.978495	-10.770294	-9.524475E-01	-5.376730E-01	-8.433815E-01	
148960	-0.827982	-0.964066	-10.736028	-9.598024E-01	-5.653746E-01	-8.607574E-01	
149120	-0.879153	-1.004178	-10.848393	-9.675825E-01	-5.894229E-01	-8.753138E-01	
149280	-0.877370	-0.960434	-10.826164	-9.750470E-01	-6.144931E-01	-8.911098E-01	
149440	-0.916028	-1.006161	-10.791852	-9.801485E-01	-6.399860E-01	-9.045373E-01	
149600	-0.889454	-0.999766	-10.828695	-9.866359E-01	-6.625032E-01	-9.187909E-01	
149760	-0.915355	-0.956726	-10.867157	-9.923332E-01	-6.853003E-01	-9.306929E-01	
149920	-0.921090	-1.017181	-10.812400	-9.943134E-01	-7.076065E-01	-9.414108E-01	
150080	-0.890638	-0.994741	-10.840578	-9.972596E-01	-7.294262E-01	-9.508703E-01	
150240	-0.944953	-0.959534	-10.809805	-1.000450E+00	-7.504966E-01	-9.603470E-01	
150400	-0.918715	-0.983595	-10.819069	-1.000235E+00	-7.735706E-01	-9.672876E-01	
150560	-0.937878	-0.899556	-10.826366	-9.999733E-01	-7.913017E-01	-9.751897E-01	
150720	-0.881604	-0.970672	-10.755762	-9.987891E-01	-8.099077E-01	-9.824522E-01	
150880	-0.975355	-0.911747	-10.809319	-9.977412E-01	-8.286663E-01	-9.878560E-01	
151040	-0.998041	-0.962995	-10.772876	-9.915048E-01	-8.460270E-01	-9.914694E-01	
151200	-0.960903	-0.909665	-10.732702	-9.885042E-01	-8.616332E-01	-9.945227E-01	
151360	-1.049668	-0.855426	-10.703118	-9.839233E-01	-8.790792E-01	-9.984132E-01	
151520	-1.064645	-0.899193	-10.756083	-9.748995E-01	-8.926686E-01	-9.983911E-01	
151680	-1.008692	-0.918576	-10.749673	-9.678257E-01	-9.066002E-01	-9.979633E-01	
151840	-0.978410	-0.732780	-10.738048	-9.616885E-01	-9.182649E-01	-9.993944E-01	
152000	-1.018993	-0.819074	-10.692001	-9.512981E-01	-9.302496E-01	-9.972531E-01	
152160	-0.976928	-0.771879	-10.723353	-9.419056E-01	-9.408335E-01	-9.955711E-01	
152320	-0.986540	-0.799505	-10.662961	-9.308385E-01	-9.504912E-01	-9.911082E-01	
152480	-1.012233	-0.755289	-10.659146	-9.192507E-01	-9.605165E-01	-9.878862E-01	
152640	-0.878726	-0.799257	-10.623702	-9.056830E-01	-9.692005E-01	-9.827321E-01	
152800	-0.920448	-0.723408	-10.617124	-8.910230E-01	-9.758990E-01	-9.758651E-01	
152960	-1.011861	-0.742944	-10.683819	-8.757058E-01	-9.817667E-01	-9.690611E-01	
153120	-0.903964	-0.662938	-10.576650	-8.616365E-01	-9.870863E-01	-9.598764E-01	
153280	-0.999829	-0.675468	-10.580588	-8.448822E-01	-9.924375E-01	-9.522129E-01	
153440	-0.897664	-0.712379	-10.544019	-8.269706E-01	-9.951423E-01	-9.405036E-01	
153600	-0.980228	-0.611092	-10.592236	-8.110207E-01	-9.985971E-01	-9.299861E-01	
153760	-0.979446	-0.606265	-10.559855	-7.903127E-01	-9.989190E-01	-9.191653E-01	
153920	-0.920825	-0.552789	-10.479077	-7.712175E-01	-1.001295E+00	-9.045094E-01	
154080	-0.874151	-0.613560	-10.451555	-7.536468E-01	-1.000166E+00	-8.917590E-01	
154240	-0.887503	-0.510604	-10.450488	-7.295373E-01	-9.982149E-01	-8.759451E-01	
154400	-0.898122	-0.505802	-10.409896	-7.092842E-01	-9.945596E-01	-8.610228E-01	
154560	-0.830058	-0.544711	-10.387452	-6.858389E-01	-9.914800E-01	-8.447749E-01	
154720	-0.828132	-0.446321	-10.372190	-6.629451E-01	-9.876137E-01	-8.294452E-01	
154880	-0.934600	-0.412195	-10.327603	-6.380044E-01	-9.833195E-01	-8.089984E-01	
155040	-0.815520	-0.420709	-10.354103	-6.140257E-01	-9.753226E-01	-7.916803E-01	
155200	-0.832842	-0.410611	-10.343846	-5.898591E-01	-9.692289E-01	-7.710748E-01	
155360	-0.794092	-0.349944	-10.268300	-5.627905E-01	-9.596905E-01	-7.502457E-01	
155520	-0.735591	-0.265405	-10.248272	-5.352154E-01	-9.508161E-01	-7.292291E-01	
155680	-0.720579	-0.292659	-10.200181	-5.102682E-01	-9.404774E-01	-7.063076E-01	
155840	-0.747332	-0.254370	-10.239639	-4.848198E-01	-9.297657E-01	-6.829467E-01	
156000	-0.724443	-0.271628	-10.173597	-4.557374E-01	-9.172693E-01	-6.623880E-01	
156160	-0.655958	-0.160638	-10.109028	-4.272612E-01	-9.058068E-01	-6.383615E-01	
156320	-0.649003	-0.115417	-10.099983	-3.993416E-01	-8.905010E-01	-6.130318E-01	
156480	-0.641032	-0.112489	-10.071646	-3.696551E-01	-8.740268E-01	-5.889321E-01	
156640	-0.610748	-0.122793	-10.072758	-3.410366E-01	-8.606149E-01	-5.627191E-01	
156800	-0.519624	-0.097284	-10.030469	-3.095460E-01	-8.430854E-01	-5.363024E-01	
156960	-0.549209	-0.002900	-9.964966	-2.808447E-01	-8.267366E-01	-5.088411E-01	
157120	-0.536807	0.034194	-9.902422	-2.488019E-01	-8.079602E-01	-4.817384E-01	
157280	-0.529569	0.060467	-9.883600	-2.201544E-01	-7.882718E-01	-4.523237E-01	
157440	-0.547553	-0.004120	-9.792537	-1.880182E-01	-7.681842E-01	-4.262618E-01	
157600	-0.479009	0.143342	-9.823023	-1.583209E-01	-7.483643E-01	-3.967002E-01	
157760	-0.373351	0.074876	-9.814223	-1.273206E-01	-7.282144E-01	-3.688143E-01	
157920	-0.414945	0.112545	-9.759272	-9.389483E-02	-7.046488E-01	-3.406394E-01	
158080	-0.369459	0.139867	-9.705076	-6.363897E-02	-6.850479E-01	-3.068215E-01	
158240	-0.326820	0.315918	-9.759940	-3.297095E-02	-6.596449E-01	-2.780365E-01	
158400	-0.294922	0.269963	-9.657671	-2.979299E-03	-6.365989E-01	-2.490100E-01	
158560	-0.278899	0.234069	-9.690567	2.988902E-02	-6.115738E-01	-2.197462E-01	
158720	-0.184011	0.309395	-9.593267	6.047146E-02	-5.852403E-01	-1.876324E-01	
158880	-0.111107	0.297954	-9.538239	9.206511E-02	-5.592819E-01	-1.575239E-01	
159040	-0.221281	0.395607	-9.615349	1.218155E-01	-5.331868E-01	-1.251060E-01	
159200	-0.166929	0.348600	-9.493321	1.539789E-01	-5.095643E-01	-9.296214E-02	
159360	-0.149590	0.431014	-9.601524	1.861344E-01	-4.801004E-01	-6.404324E-02	
159520	-0.116971	0.508749	-9.497603	2.166496E-01	-4.532190E-01	-3.242640E-02	
159680	-0.048371	0.476802	-9.490180	2.475020E-01	-4.244721E-01	-7.338194E-04	
159840	0.004361	0.477848	-9.403839	2.780766E-01	-3.948602E-01	3.010551E-02	
160000	-0.028092	0.508554	-9.474259	3.085254E-01	-3.669097E-01	6.174105E-02	
160160	0.008750	0.529975	-9.326644	3.363711E-01	-3.383613E-01	9.544471E-02	
160320	0.034906	0.576648	-9.269379	3.653261E-01	-3.082753E-01	1.258153E-01	
160480	0.056767	0.657420	-9.264697	3.943552E-01	-2.781707E-01	1.543845E-01	
160640	0.143504	0.622610	-9.282664	4.250326E-01	-2.457815E-01	1.881445E-01	
160800	0.134299	0.634341	-9.324636	4.511128E-01	-2.140123E-01	2.185470E-01	
160960	0.198296	0.644657	-9.245064	4.797648E-01	-1.850300E-01	2.485000E-01	
161120	0.258126	0.746066	-9.211445	5.075969E-01	-1.540546E-01	2.789337E-01	
161280	0.324980	0.744909	-9.187493	5.347331E-01	-1.202439E-01	3.079428E-01	
161440	0.207486	0.742414	-9.138771	5.591543E-01	-9.225221E-02	3.367325E-01	
161600	0.283527	0.849179	-9.161034	5.862577E-01	-6.133804E-02	3.677924E-01	
161760	0.296547	0.799207	-9.158194	6.107377E-01	-2.870817E-02	3.965957E-01	
161920	0.275520	0.856476	-9.049061	6.369474E-01	2.311446E-03	4.248378E-01	
162080	0.386999	0.818385	-9.108533	6.600996E-01	3.213076E-02	4.543958E-01	
162240	0.380453	0.868188	-9.046401	6.819035E-01	6.358817E-02	4.828752E-01	
162400	0.443210	0.901934	-8.982032	7.053503E-01	9.779902E-02	5.091896E-01	
162560	0.403262	0.885113	-9.035107	7.298690E-01	1.284482E-01	5.341702E-01	
162720	0.495290	0.881273	-8.892901	7.494547E-01	1.578503E-01	5.619438E-01	
162880	0.544554	0.911272	-8.914823	7.690768E-01	1.904508E-01	5.890598E-01	
163040	0.548367	0.894184	-8.922650	7.895060E-01	2.199677E-01	6.134938E-01	
163200	0.522469	0.944638	-8.950934	8.067148E-01	2.510349E-01	6.371625E-01	
163360	0.617645	0.991926	-8.937308	8.256094E-01	2.805249E-01	6.608359E-01	
163520	0.673171	0.940119	-9.031010	8.452898E-01	3.120286E-01	6.828260E-01	
163680	0.665814	0.982239	-8.848891	8.589953E-01	3.412489E-01	7.056324E-01	
163840	0.751903	1.002807	-8.871341	8.748588E-01	3.714166E-01	7.299941E-01	
164000	0.727709	0.961621	-8.795878	8.902772E-01	3.991503E-01	7.513386E-01	
164160	0.633757	0.999878	-8.862646	9.042447E-01	4.272619E-01	7.682457E-01	
164320	0.692046	0.994117	-8.841181	9.144177E-01	4.566561E-01	7.911756E-01	
164480	0.760387	0.967493	-8.910067	9.289402E-01	4.837292E-01	8.086249E-01	
164640	0.748039	0.971844	-8.756836	9.407752E-01	5.114334E-01	8.279068E-01	
164800	0.820194	0.976417	-8.894520	9.508458E-01	5.386058E-01	8.450247E-01	
164960	0.796584	1.075013	-8.787675	9.600879E-01	5.650387E-01	8.615053E-01	
165120	0.810739	0.959192	-8.895183	9.680560E-01	5.906600E-01	8.755124E-01	
165280	0.839093	1.048829	-8.770269	9.746475E-01	6.141403E-01	8.910044E-01	
165440	0.927473	0.952801	-8.770429	9.824730E-01	6.412714E-01	9.070832E-01	
165600	0.864201	1.041472	-8.798800	9.861901E-01	6.611169E-01	9.165058E-01	
165760	0.922159	1.028269	-8.839425	9.909881E-01	6.838054E-01	9.305468E-01	
165920	0.930487	1.019391	-8.845247	9.941618E-01	7.077177E-01	9.423546E-01	
166080	0.960982	1.017841	-8.777354	9.979369E-01	7.306372E-01	9.477362E-01	
166240	0.901898	0.950242	-8.797135	9.987445E-01	7.508964E-01	9.609612E-01	
166400	0.953351	0.935916	-8.865425	9.981951E-01	7.716837E-01	9.680337E-01	
166560	0.970447	0.973787	-8.776892	9.992729E-01	7.898375E-01	9.751505E-01	
166720	0.928781	0.927151	-8.832096	9.985245E-01	8.101700E-01	9.828813E-01	
166880	0.923910	0.951089	-8.875305	9.954288E-01	8.275782E-01	9.876919E-01	
167040	0.936394	0.980899	-8.849777	9.917772E-01	8.447513E-01	9.913400E-01	
167200	1.049371	0.946395	-8.855621	9.896585E-01	8.597194E-01	9.948398E-01	
167360	0.969595	0.912497	-8.861023	9.808443E-01	8.766027E-01	9.992396E-01	
167520	0.945780	0.952276	-8.870411	9.756009E-01	8.918215E-01	9.986252E-01	
167680	1.006559	0.952327	-8.829625	9.691070E-01	9.045639E-01	9.988718E-01	
167840	1.016960	0.840418	-8.949295	9.604531E-01	9.195323E-01	9.990515E-01	
168000	0.925632	0.915537	-8.893392	9.513421E-01	9.312725E-01	9.987618E-01	
168160	1.024081	0.880054	-8.882840	9.423240E-01	9.394810E-01	9.968682E-01	
168320	0.988588	0.771809	-8.880070	9.306844E-01	9.503605E-01	9.931923E-01	
168480	0.987597	0.720801	-8.933055	9.182176E-01	9.623173E-01	9.874163E-01	
168640	1.037420	0.844211	-8.980933	9.049521E-01	9.687605E-01	9.830810E-01	
168800	0.998060	0.790616	-8.943788	8.919971E-01	9.769743E-01	9.765427E-01	
168960	0.997332	0.660372	-9.027609	8.788922E-01	9.825607E-01	9.707338E-01	
169120	1.037621	0.693103	-9.034296	8.623827E-01	9.857788E-01	9.600947E-01	
169280	0.965620	0.726142	-9.064774	8.470550E-01	9.930946E-01	9.503180E-01	
169440	0.934363	0.601952	-9.017573	8.279074E-01	9.961905E-01	9.402192E-01	
169600	1.003746	0.649476	-9.061002	8.100331E-01	9.980476E-01	9.311492E-01	
169760	0.919597	0.595257	-9.101620	7.926666E-01	1.000414E+00	9.176362E-01	
169920	0.855198	0.569980	-9.124669	7.718395E-01	1.001570E+00	9.062255E-01	
170080	0.830522	0.556348	-9.073921	7.505965E-01	9.996919E-01	8.907242E-01	
170240	0.865124	0.529407	-9.218516	7.296297E-01	9.983604E-01	8.763080E-01	
170400	0.888314	0.466090	-9.205479	7.066296E-01	9.965466E-01	8.614988E-01	
170560	0.872647	0.457562	-9.267343	6.861080E-01	9.925115E-01	8.456504E-01	
170720	0.889563	0.480588	-9.186314	6.631895E-01	9.857325E-01	8.268137E-01	
170880	0.878917	0.424084	-9.252622	6.372545E-01	9.813871E-01	8.110194E-01	
171040	0.804735	0.362994	-9.308932	6.146466E-01	9.759819E-01	7.906016E-01	
171200	0.805386	0.456844	-9.260444	5.895955E-01	9.672998E-01	7.708647E-01	
171360	0.806225	0.312200	-9.341408	5.626904E-01	9.590088E-01	7.517471E-01	
171520	0.797089	0.322878	-9.426155	5.358479E-01	9.514349E-01	7.288169E-01	
171680	0.747129	0.255380	-9.443775	5.066586E-01	9.406039E-01	7.065127E-01	
171840	0.792901	0.247697	-9.499228	4.826756E-01	9.291565E-01	6.851121E-01	
172000	0.582366	0.277404	-9.513034	4.576181E-01	9.169448E-01	6.614226E-01	
172160	0.743092	0.157796	-9.496574	4.250646E-01	9.026505E-01	6.390156E-01	
172320	0.631328	0.128970	-9.502618	3.990103E-01	8.907517E-01	6.136888E-01	
172480	0.702925	0.113627	-9.573908	3.693416E-01	8.756728E-01	5.868910E-01	
172640	0.563523	0.055022	-9.540785	3.393682E-01	8.600900E-01	5.608091E-01	
172800	0.567770	0.048711	-9.580984	3.116335E-01	8.430501E-01	5.375314E-01	
172960	0.577124	0.001352	-9.700585	2.795785E-01	8.248132E-01	5.089248E-01	
173120	0.477836	0.017262	-9.725777	2.507393E-01	8.082248E-01	4.819204E-01	
173280	0.545623	-0.014216	-9.716368	2.202778E-01	7.875685E-01	4.541376E-01	
173440	0.502711	-0.059096	-9.695268	1.905051E-01	7.702373E-01	4.273987E-01	
173600	0.419815	-0.137096	-9.776233	1.581042E-01	7.480785E-01	3.941657E-01	
173760	0.360659	-0.041218	-9.770927	1.265761E-01	7.288831E-01	3.672631E-01	
173920	0.482300	-0.163556	-9.840940	9.558514E-02	7.063720E-01	3.392965E-01	
174080	0.387473	-0.156496	-9.851263	6.314247E-02	6.828758E-01	3.082868E-01	
174240	0.291582	-0.250380	-9.826165	3.229665E-02	6.627105E-01	2.797232E-01	
174400	0.315270	-0.185362	-9.882690	2.992637E-04	6.367225E-01	2.482768E-01	
174560	0.260976	-0.268665	-9.941369	-2.976344E-02	6.116942E-01	2.202041E-01	
174720	0.306343	-0.316904	-9.985508	-5.966407E-02	5.860602E-01	1.878376E-01	
174880	0.188874	-0.337345	-10.057898	-9.190081E-02	5.597646E-01	1.561667E-01	
175040	0.175059	-0.434076	-10.024128	-1.214447E-01	5.342814E-01	1.263992E-01	
175200	0.173651	-0.360101	-10.056434	-1.542725E-01	5.074752E-01	9.467829E-02	
175360	0.124379	-0.320430	-10.135003	-1.859062E-01	4.803977E-01	6.301179E-02	
175520	0.054775	-0.390203	-10.038438	-2.185530E-01	4.521681E-01	3.068939E-02	
175680	0.064735	-0.461421	-10.144527	-2.461092E-01	4.230940E-01	-1.369268E-04	
175840	0.048517	-0.480657	-10.164578	-2.772577E-01	3.957421E-01	-3.176200E-02	
176000	0.055633	-0.575695	-10.262424	-3.083322E-01	3.664149E-01	-6.442937E-02	
176160	-0.102929	-0.531037	-10.296113	-3.370303E-01	3.373555E-01	-9.336744E-02	
176320	-0.069187	-0.508049	-10.258700	-3.663680E-01	3.077093E-01	-1.233331E-01	
176480	-0.098721	-0.596986	-10.312404	-3.955522E-01	2.765526E-01	-1.570515E-01	
176640	-0.108829	-0.660828	-10.339385	-4.221416E-01	2.467265E-01	-1.869006E-01	
176800	-0.169679	-0.593760	-10.341962	-4.527342E-01	2.184682E-01	-2.168988E-01	
176960	-0.118000	-0.721355	-10.398061	-4.792367E-01	1.856767E-01	-2.470181E-01	
177120	-0.184529	-0.634794	-10.502193	-5.079481E-01	1.546083E-01	-2.774031E-01	
177280	-0.206109	-0.690545	-10.467897	-5.345403E-01	1.224765E-01	-3.093473E-01	
177440	-0.335339	-0.717118	-10.471865	-5.611425E-01	9.263816E-02	-3.397664E-01	
177600	-0.242457	-0.767572	-10.521899	-5.858261E-01	5.921469E-02	-3.677079E-01	
177760	-0.371530	-0.880821	-10.490007	-6.113086E-01	2.772484E-02	-3.966822E-01	
177920	-0.365181	-0.801477	-10.582102	-6.383022E-01	-3.353376E-03	-4.257754E-01	
178080	-0.424350	-0.831856	-10.539582	-6.578027E-01	-3.190325E-02	-4.533691E-01	
178240	-0.458752	-0.804943	-10.679182	-6.813978E-01	-6.475587E-02	-4.822081E-01	
178400	-0.439339	-0.813286	-10.591314	-7.045423E-01	-9.753077E-02	-5.085834E-01	
178560	-0.402907	-0.933772	-10.662978	-7.269468E-01	-1.271833E-01	-5.359724E-01	
178720	-0.520061	-0.943531	-10.675654	-7.511944E-01	-1.573522E-01	-5.601952E-01	
178880	-0.530239	-0.922080	-10.660018	-7.700916E-01	-1.889773E-01	-5.891035E-01	
179040	-0.616308	-0.918052	-10.652862	-7.903946E-01	-2.184797E-01	-6.123610E-01	
179200	-0.545732	-0.931339	-10.677381	-8.084182E-01	-2.527341E-01	-6.374041E-01	
179360	-0.568574	-0.865571	-10.755701	-8.252975E-01	-2.792848E-01	-6.617338E-01	
179520	-0.653148	-0.940192	-10.751987	-8.442845E-01	-3.095655E-01	-6.857551E-01	
179680	-0.648736	-0.886445	-10.731829	-8.605343E-01	-3.411871E-01	-7.066119E-01	
179840	-0.654327	-0.909272	-10.711640	-8.755290E-01	-3.682169E-01	-7.277445E-01	
180000	-0.748606	-1.008677	-10.736392	-8.903875E-01	-3.991138E-01	-7.502628E-01	
180160	-0.754831	-0.922664	-10.815962	-9.034364E-01	-4.254391E-01	-7.704260E-01	
180320	-0.735244	-0.975895	-10.701339	-9.180733E-01	-4.571679E-01	-7.887516E-01	
180480	-0.771230	-1.029939	-10.683920	-9.281473E-01	-4.843766E-01	-8.088078E-01	
180640	-0.783830	-0.913807	-10.766545	-9.395766E-01	-5.106267E-01	-8.246994E-01	
180800	-0.806977	-1.030464	-10.830069	-9.520297E-01	-5.360767E-01	-8.435657E-01	
180960	-0.787997	-1.002441	-10.870979	-9.597159E-01	-5.642740E-01	-8.592352E-01	
181120	-0.844686	-0.999870	-10.916804	-9.680158E-01	-5.889560E-01	-8.762838E-01	
181280	-0.794344	-0.946229	-10.798261	-9.764788E-01	-6.157274E-01	-8.904021E-01	
181440	-0.883562	-0.975348	-10.811962	-9.817427E-01	-6.369486E-01	-9.035737E-01	
181600	-0.867039	-1.001379	-10.835967	-9.879570E-01	-6.640090E-01	-9.166201E-01	
181760	-0.879941	-1.013140	-10.868058	-9.929403E-01	-6.850627E-01	-9.270851E-01	
181920	-0.891726	-0.938962	-10.847240	-9.953514E-01	-7.075942E-01	-9.401145E-01	
182080	-0.948033	-0.941732	-10.767535	-9.984064E-01	-7.287248E-01	-9.521174E-01	
182240	-0.989116	-0.975811	-10.799162	-9.998622E-01	-7.529948E-01	-9.597083E-01	
182400	-0.902640	-0.969765	-10.840086	-1.000236E+00	-7.733374E-01	-9.677499E-01	
182560	-0.912176	-0.920520	-10.826424	-1.000047E+00	-7.920117E-01	-9.748002E-01	
182720	-0.967257	-0.950850	-10.706729	-9.981392E-01	-8.108977E-01	-9.836510E-01	
182880	-1.015420	-0.964870	-10.754979	-9.967391E-01	-8.291888E-01	-9.873050E-01	
183040	-0.995072	-0.916453	-10.791827	-9.935029E-01	-8.449495E-01	-9.932454E-01	
183200	-1.002004	-0.877030	-10.810603	-9.877864E-01	-8.618827E-01	-9.953917E-01	
183360	-0.977664	-0.923031	-10.680376	-9.813229E-01	-8.757680E-01	-9.966083E-01	
183520	-0.974002	-0.868186	-10.769523	-9.758687E-01	-8.915629E-01	-1.000485E+00	
183680	-1.019500	-0.868828	-10.719686	-9.689365E-01	-9.055739E-01	-1.000185E+00	
183840	-0.976958	-0.872713	-10.687445	-9.590790E-01	-9.185985E-01	-9.998815E-01	
184000	-0.942465	-0.854305	-10.693081	-9.515614E-01	-9.300545E-01	-9.988221E-01	
184160	-1.028405	-0.841069	-10.690248	-9.412790E-01	-9.425509E-01	-9.963539E-01	
184320	-1.027920	-0.781756	-10.663093	-9.305564E-01	-9.516380E-01	-9.908768E-01	
184480	-1.018047	-0.789624	-10.584930	-9.182573E-01	-9.616468E-01	-9.876164E-01	
184640	-1.012736	-0.754959	-10.621715	-9.054604E-01	-9.694279E-01	-9.808800E-01	
184800	-0.979046	-0.728211	-10.623403	-8.930491E-01	-9.771533E-01	-9.760801E-01	
184960	-0.984491	-0.729465	-10.655544	-8.760866E-01	-9.827852E-01	-9.700450E-01	
185120	-0.997379	-0.759412	-10.553306	-8.624373E-01	-9.867938E-01	-9.609239E-01	
185280	-1.044542	-0.724396	-10.579498	-8.441792E-01	-9.911847E-01	-9.498492E-01	
185440	-0.946749	-0.609992	-10.552185	-8.293465E-01	-9.963282E-01	-9.430079E-01	
185600	-1.028043	-0.647397	-10.469572	-8.108691E-01	-9.990468E-01	-9.291838E-01	
185760	-0.938297	-0.644124	-10.522706	-7.904038E-01	-9.984546E-01	-9.182844E-01	
185920	-0.873518	-0.585660	-10.495317	-7.724524E-01	-1.001155E+00	-9.050962E-01	
186080	-0.946747	-0.494255	-10.503729	-7.516467E-01	-1.000639E+00	-8.899562E-01	
186240	-0.924720	-0.629164	-10.460923	-7.299463E-01	-9.982123E-01	-8.781462E-01	
186400	-0.868559	-0.560889	-10.490038	-7.083239E-01	-9.939100E-01	-8.614969E-01	
186560	-0.903345	-0.519430	-10.369419	-6.867913E-01	-9.912058E-01	-8.436853E-01	
186720	-0.862942	-0.429197	-10.412827	-6.631182E-01	-9.872128E-01	-8.275494E-01	
186880	-0.827330	-0.406693	-10.354059	-6.395626E-01	-9.808160E-01	-8.080990E-01	
187040	-0.842736	-0.481436	-10.319293	-6.148540E-01	-9.746076E-01	-7.890182E-01	
187200	-0.847834	-0.305263	-10.343065	-5.896693E-01	-9.680757E-01	-7.701858E-01	
187360	-0.822869	-0.350251	-10.200249	-5.652457E-01	-9.611527E-01	-7.478431E-01	
187520	-0.727490	-0.322114	-10.236357	-5.392529E-01	-9.509212E-01	-7.275083E-01	
187680	-0.751393	-0.284901	-10.241851	-5.105025E-01	-9.412458E-01	-7.078311E-01	
187840	-0.662500	-0.219942	-10.147303	-4.835716E-01	-9.280934E-01	-6.857419E-01	
188000	-0.772317	-0.193386	-10.107741	-4.556626E-01	-9.149839E-01	-6.599560E-01	
188160	-0.703318	-0.201030	-10.049585	-4.275254E-01	-9.036473E-01	-6.366199E-01	
188320	-0.629131	-0.217694	-10.068862	-4.001778E-01	-8.897124E-01	-6.134432E-01	
188480	-0.562686	-0.169534	-10.115175	-3.699850E-01	-8.760339E-01	-5.869250E-01	
188640	-0.600323	-0.131529	-10.041202	-3.403600E-01	-8.616722E-01	-5.634782E-01	
188800	-0.531291	-0.075795	-10.000333	-3.122941E-01	-8.418852E-01	-5.338890E-01	
188960	-0.611658	-0.036485	-9.896327	-2.823178E-01	-8.262013E-01	-5.095453E-01	
189120	-0.556006	-0.000781	-9.905069	-2.510220E-01	-8.083797E-01	-4.825628E-01	
189280	-0.509822	0.047662	-9.928444	-2.201756E-01	-7.905745E-01	-4.531390E-01	
189440	-0.431363	0.028778	-9.902731	-1.884269E-01	-7.671477E-01	-4.266075E-01	
189600	-0.474235	0.140297	-9.836370	-1.571510E-01	-7.485182E-01	-3.966037E-01	
189760	-0.437241	0.129750	-9.763582	-1.284156E-01	-7.290645E-01	-3.666818E-01	
189920	-0.341802	0.174641	-9.796532	-9.458584E-02	-7.040150E-01	-3.404136E-01	
190080	-0.385221	0.235678	-9.747043	-6.308856E-02	-6.837252E-01	-3.092735E-01	
190240	-0.371823	0.242515	-9.707599	-3.499879E-02	-6.600085E-01	-2.781247E-01	
190400	-0.327974	0.248234	-9.643386	-1.526466E-03	-6.358614E-01	-2.493502E-01	
190560	-0.271710	0.297438	-9.704364	2.991454E-02	-6.102530E-01	-2.175137E-01	
190720	-0.294642	0.259841	-9.630027	6.094724E-02	-5.853559E-01	-1.876086E-01	
190880	-0.239560	0.328799	-9.586749	9.257161E-02	-5.616511E-01	-1.578948E-01	
191040	-0.223281	0.293822	-9.550043	1.247617E-01	-5.343750E-01	-1.249144E-01	
191200	-0.101448	0.340029	-9.480493	1.534883E-01	-5.079442E-01	-9.561031E-02	
191360	-0.145985	0.400104	-9.503191	1.862829E-01	-4.804445E-01	-6.407634E-02	
191520	-0.127882	0.469690	-9.511271	2.173479E-01	-4.525952E-01	-3.193615E-02	
191680	-0.040634	0.473464	-9.483333	2.477446E-01	-4.239105E-01	-1.372128E-03	
191840	-0.022423	0.514409	-9.481689	2.771864E-01	-3.954788E-01	3.211093E-02	
192000	-0.017546	0.619610	-9.358501	3.056635E-01	-3.685086E-01	6.220960E-02	

