0	-0.002252	0.572971	-9.352434	3.079901E-01	-3.653701E-01	6.193725E-02	
160	0.045822	0.518812	-9.369943	3.373365E-01	-3.361280E-01	9.509299E-02	
320	0.121025	0.604491	-9.328856	3.665073E-01	-3.084928E-01	1.246419E-01	
480	0.056803	0.533813	-9.272524	3.928043E-01	-2.779250E-01	1.561685E-01	
640	0.182657	0.638068	-9.199328	4.234996E-01	-2.465312E-01	1.870870E-01	
800	0.209848	0.643718	-9.237761	4.526915E-01	-2.159377E-01	2.168830E-01	
960	0.179760	0.771939	-9.243130	4.800651E-01	-1.848636E-01	2.486806E-01	
1120	0.181085	0.730543	-9.174914	5.102048E-01	-1.536650E-01	2.787335E-01	
1280	0.277538	0.696099	-9.188474	5.375966E-01	-1.236928E-01	3.088856E-01	
1440	0.297784	0.757891	-9.238127	5.612559E-01	-9.269831E-02	3.389173E-01	
1600	0.279252	0.777294	-9.181990	5.882438E-01	-6.120166E-02	3.668380E-01	
1760	0.314554	0.768366	-9.143459	6.151018E-01	-3.015499E-02	3.982470E-01	
1920	0.408983	0.815738	-9.029714	6.403871E-01	3.131902E-03	4.266913E-01	
2080	0.374566	0.821832	-9.096075	6.626919E-01	3.391221E-02	4.530703E-01	
2240	0.410131	0.761865	-9.097025	6.873767E-01	6.400582E-02	4.819363E-01	
2400	0.477706	0.823370	-9.104322	7.103529E-01	9.494821E-02	5.080227E-01	
2560	0.468559	0.856136	-9.031786	7.327860E-01	1.287244E-01	5.368283E-01	
2720	0.512705	0.854373	-9.005377	7.530722E-01	1.575108E-01	5.616786E-01	
2880	0.473635	0.896015	-8.940773	7.753087E-01	1.877127E-01	5.878028E-01	
3040	0.536826	0.882480	-8.887093	7.969167E-01	2.200364E-01	6.125388E-01	
3200	0.588271	0.955481	-8.975939	8.148216E-01	2.514723E-01	6.377799E-01	
3360	0.604870	0.881086	-8.959438	8.335208E-01	2.817680E-01	6.611059E-01	
3520	0.703699	0.975660	-8.860484	8.507623E-01	3.109802E-01	6.835040E-01	
3680	0.607295	0.944702	-8.912537	8.666080E-01	3.403018E-01	7.067708E-01	
3840	0.732414	0.953077	-8.910160	8.823175E-01	3.720744E-01	7.308589E-01	
4000	0.688643	1.029875	-8.871829	8.963738E-01	3.998668E-01	7.506930E-01	
4160	0.731744	0.963471	-8.897193	9.098637E-01	4.295424E-01	7.692650E-01	
4320	0.674287	0.951636	-8.766204	9.225603E-01	4.576686E-01	7.906498E-01	
4480	0.821577	1.040142	-8.890197	9.360694E-01	4.844972E-01	8.086507E-01	
4640	0.752212	0.991021	-8.848239	9.450689E-01	5.116772E-01	8.268874E-01	
4800	0.792155	1.087521	-8.870800	9.541518E-01	5.376773E-01	8.429481E-01	
4960	0.789529	1.018351	-8.928135	9.665801E-01	5.641905E-01	8.596783E-01	
5120	0.908579	0.983966	-8.803747	9.773494E-01	5.871296E-01	8.757803E-01	
5280	0.906240	0.988563	-8.878418	9.845817E-01	6.140863E-01	8.895399E-01	
5440	0.908278	1.071682	-8.781212	9.892093E-01	6.401328E-01	9.048689E-01	
5600	0.953430	1.000422	-8.849469	9.959513E-01	6.625599E-01	9.188510E-01	
5760	0.908675	1.015154	-8.839178	1.000678E+00	6.872090E-01	9.299272E-01	
5920	0.895259	0.966394	-8.826910	1.002365E+00	7.083516E-01	9.412530E-01	
6080	0.965035	0.940759	-8.865602	1.006191E+00	7.327008E-01	9.510078E-01	
6240	0.957141	0.945900	-8.766734	1.007297E+00	7.519183E-01	9.625484E-01	
6400	0.968043	0.954246	-8.876265	1.011089E+00	7.716921E-01	9.688561E-01	
6560	0.934646	0.930563	-8.835986	1.009282E+00	7.923337E-01	9.738138E-01	
6720	0.934993	0.973557	-8.733080	1.009090E+00	8.100775E-01	9.828250E-01	
6880	0.987589	0.926366	-8.838624	1.006746E+00	8.298467E-01	9.881039E-01	
7040	1.018053	0.875361	-8.834889	1.004154E+00	8.467539E-01	9.916571E-01	
7200	0.968031	0.907527	-8.909504	9.999204E-01	8.622877E-01	9.962993E-01	
7360	0.987726	0.924263	-8.881709	9.943744E-01	8.768538E-01	9.980105E-01	
7520	1.025737	0.881399	-8.835005	9.883217E-01	8.930202E-01	9.999248E-01	
7680	0.980746	0.860779	-8.934649	9.807828E-01	9.054591E-01	9.998612E-01	
7840	0.979795	0.904717	-8.937998	9.714077E-01	9.193241E-01	1.000018E+00	
8000	1.031563	0.835090	-8.864235	9.634305E-01	9.293796E-01	9.970982E-01	
8160	1.017617	0.843652	-8.891824	9.533189E-01	9.414959E-01	9.948623E-01	
8320	0.878040	0.810470	-8.944444	9.422635E-01	9.513663E-01	9.915586E-01	
8480	1.020004	0.828094	-8.942267	9.307813E-01	9.602975E-01	9.871064E-01	
8640	0.956845	0.657986	-8.958035	9.182345E-01	9.706528E-01	9.833430E-01	
8800	0.988381	0.711084	-8.995240	9.041475E-01	9.761893E-01	9.748394E-01	
8960	0.989303	0.793718	-9.042683	8.907669E-01	9.823803E-01	9.697639E-01	
9120	0.956186	0.685275	-8.968604	8.755991E-01	9.888975E-01	9.601025E-01	
9280	0.963305	0.694572	-9.061777	8.595203E-01	9.930665E-01	9.515187E-01	
9440	0.977424	0.640648	-9.040444	8.425999E-01	9.962230E-01	9.417416E-01	
9600	0.964375	0.643560	-9.067405	8.248578E-01	9.972157E-01	9.299619E-01	
9760	0.860151	0.600537	-9.136753	8.038360E-01	9.995029E-01	9.173755E-01	
9920	0.917641	0.599333	-9.188490	7.833352E-01	1.000240E+00	9.042545E-01	
10080	0.974783	0.507040	-9.178836	7.635464E-01	1.000374E+00	8.908284E-01	
10240	0.875737	0.469832	-9.136857	7.439665E-01	9.968106E-01	8.778117E-01	
10400	0.935422	0.505311	-9.104196	7.229344E-01	9.938339E-01	8.624508E-01	
10560	0.938133	0.562392	-9.232360	7.005484E-01	9.917900E-01	8.441911E-01	
10720	0.829051	0.444279	-9.294116	6.761492E-01	9.861181E-01	8.288037E-01	
10880	0.817018	0.444316	-9.276941	6.509975E-01	9.802104E-01	8.106529E-01	
11040	0.776167	0.389672	-9.387408	6.278152E-01	9.742512E-01	7.894018E-01	
11200	0.782630	0.364522	-9.397144	6.024591E-01	9.677183E-01	7.715733E-01	
11360	0.805258	0.380816	-9.326961	5.760681E-01	9.590327E-01	7.508799E-01	
11520	0.759226	0.293548	-9.349508	5.501298E-01	9.505572E-01	7.293790E-01	
11680	0.801597	0.221906	-9.417779	5.244558E-01	9.406928E-01	7.056024E-01	
11840	0.782033	0.271091	-9.404943	4.979592E-01	9.295502E-01	6.843473E-01	
12000	0.682798	0.240735	-9.490081	4.684520E-01	9.190364E-01	6.622612E-01	
12160	0.722449	0.194750	-9.508790	4.407825E-01	9.034337E-01	6.367837E-01	
12320	0.617286	0.173339	-9.555367	4.124483E-01	8.917099E-01	6.131149E-01	
12480	0.633189	0.159875	-9.572974	3.846201E-01	8.763287E-01	5.867885E-01	
12640	0.625298	0.146623	-9.586959	3.565013E-01	8.609533E-01	5.634311E-01	
12800	0.634985	0.014883	-9.594428	3.274346E-01	8.423874E-01	5.349296E-01	
12960	0.528200	0.004630	-9.642455	2.979313E-01	8.259446E-01	5.090567E-01	
13120	0.546238	0.066466	-9.662273	2.652606E-01	8.080335E-01	4.811617E-01	
13280	0.486793	-0.034336	-9.625763	2.358028E-01	7.887135E-01	4.536104E-01	
13440	0.530786	-0.068411	-9.751719	2.061732E-01	7.697310E-01	4.259109E-01	
13600	0.499351	-0.091969	-9.750768	1.742816E-01	7.486964E-01	3.976344E-01	
13760	0.462438	-0.130658	-9.768748	1.434607E-01	7.284086E-01	3.683265E-01	
13920	0.411098	-0.211045	-9.921578	1.112824E-01	7.066653E-01	3.389160E-01	
14080	0.399408	-0.197726	-9.899676	8.020944E-02	6.842526E-01	3.081967E-01	
14240	0.399530	-0.202160	-9.939967	4.737136E-02	6.590577E-01	2.787479E-01	
14400	0.320809	-0.261677	-9.941322	1.692101E-02	6.359361E-01	2.504096E-01	
14560	0.227558	-0.266240	-9.929932	-1.196413E-02	6.134671E-01	2.190878E-01	
14720	0.225269	-0.317355	-9.998775	-4.367533E-02	5.863574E-01	1.863934E-01	
14880	0.241859	-0.285224	-10.071949	-7.551352E-02	5.582081E-01	1.571308E-01	
15040	0.155446	-0.331963	-10.023482	-1.063919E-01	5.325514E-01	1.258289E-01	
15200	0.168587	-0.449881	-10.069775	-1.383117E-01	5.063154E-01	9.369969E-02	
15360	0.123807	-0.391983	-10.181886	-1.685395E-01	4.794683E-01	6.217113E-02	
15520	0.081513	-0.435959	-10.157415	-1.987800E-01	4.510981E-01	3.149575E-02	
15680	0.111567	-0.515747	-10.157999	-2.311243E-01	4.248249E-01	7.343430E-04	
15840	-0.006180	-0.492534	-10.232830	-2.614883E-01	3.948415E-01	-3.109480E-02	
16000	0.025767	-0.593415	-10.159392	-2.921582E-01	3.644877E-01	-6.386550E-02	
16160	-0.008580	-0.595019	-10.323213	-3.223656E-01	3.351625E-01	-9.443905E-02	
16320	-0.107593	-0.566117	-10.325263	-3.515402E-01	3.082568E-01	-1.260268E-01	
16480	-0.076501	-0.637693	-10.329520	-3.812691E-01	2.774544E-01	-1.553807E-01	
16640	-0.184586	-0.649457	-10.295962	-4.090375E-01	2.463576E-01	-1.858595E-01	
16800	-0.188914	-0.633180	-10.393343	-4.403860E-01	2.153859E-01	-2.163242E-01	
16960	-0.245041	-0.656719	-10.267507	-4.643278E-01	1.850747E-01	-2.485232E-01	
17120	-0.223650	-0.753623	-10.414531	-4.911184E-01	1.535093E-01	-2.777376E-01	
17280	-0.247127	-0.755254	-10.421857	-5.182157E-01	1.229134E-01	-3.093023E-01	
17440	-0.267673	-0.743521	-10.547556	-5.460027E-01	9.106276E-02	-3.387176E-01	
17600	-0.312134	-0.810108	-10.442098	-5.686383E-01	6.048119E-02	-3.685186E-01	
17760	-0.305182	-0.679528	-10.456260	-5.935602E-01	2.839235E-02	-3.959611E-01	
17920	-0.404718	-0.867596	-10.558886	-6.197807E-01	-3.638846E-03	-4.247143E-01	
18080	-0.399020	-0.771200	-10.532466	-6.441549E-01	-3.333232E-02	-4.514635E-01	
18240	-0.376110	-0.859083	-10.598113	-6.656281E-01	-6.553514E-02	-4.821895E-01	
18400	-0.453964	-0.829899	-10.603956	-6.900171E-01	-9.605582E-02	-5.085879E-01	
18560	-0.568304	-0.864136	-10.624045	-7.099480E-01	-1.300188E-01	-5.369659E-01	
18720	-0.542172	-0.861686	-10.669949	-7.317645E-01	-1.595964E-01	-5.608629E-01	
18880	-0.529517	-0.959158	-10.659218	-7.511094E-01	-1.893751E-01	-5.872971E-01	
19040	-0.618585	-0.907118	-10.727758	-7.728816E-01	-2.205167E-01	-6.130475E-01	
19200	-0.608749	-0.925186	-10.795785	-7.925040E-01	-2.510293E-01	-6.358842E-01	
19360	-0.638614	-0.953375	-10.677536	-8.097863E-01	-2.813761E-01	-6.608684E-01	
19520	-0.631465	-0.879262	-10.779155	-8.274524E-01	-3.110979E-01	-6.830473E-01	
19680	-0.679729	-0.976274	-10.741815	-8.422510E-01	-3.407237E-01	-7.073601E-01	
19840	-0.717300	-1.031573	-10.721073	-8.601171E-01	-3.691338E-01	-7.275991E-01	
20000	-0.768577	-0.948922	-10.733585	-8.744647E-01	-3.978562E-01	-7.507995E-01	
20160	-0.728220	-0.995096	-10.721145	-8.888080E-01	-4.274041E-01	-7.706016E-01	
20320	-0.789881	-1.084472	-10.778189	-9.035135E-01	-4.555187E-01	-7.894346E-01	
20480	-0.681695	-0.942340	-10.800279	-9.152586E-01	-4.839407E-01	-8.094406E-01	
20640	-0.729112	-1.055390	-10.760113	-9.281828E-01	-5.115378E-01	-8.275114E-01	
20800	-0.820862	-1.044869	-10.813030	-9.370239E-01	-5.385733E-01	-8.444734E-01	
20960	-0.857427	-0.977904	-10.800228	-9.490631E-01	-5.630449E-01	-8.604045E-01	
21120	-0.870835	-1.031988	-10.827603	-9.552858E-01	-5.916158E-01	-8.762513E-01	
21280	-0.775589	-1.002520	-10.814150	-9.641651E-01	-6.152224E-01	-8.897620E-01	
21440	-0.892916	-0.966379	-10.903710	-9.701249E-01	-6.411497E-01	-9.053894E-01	
21600	-0.848507	-0.993137	-10.770110	-9.746421E-01	-6.613519E-01	-9.166432E-01	
21760	-0.954738	-0.956860	-10.851355	-9.796613E-01	-6.853149E-01	-9.320589E-01	
21920	-0.880585	-1.017174	-10.776388	-9.845397E-01	-7.099725E-01	-9.408008E-01	
22080	-0.954735	-0.934467	-10.815347	-9.860895E-01	-7.317973E-01	-9.511308E-01	
22240	-0.892491	-0.870952	-10.771489	-9.902845E-01	-7.514284E-01	-9.597121E-01	
22400	-0.926960	-0.942600	-10.835349	-9.906817E-01	-7.721044E-01	-9.687405E-01	
22560	-0.998505	-0.909269	-10.833186	-9.897671E-01	-7.923708E-01	-9.774557E-01	
22720	-0.991138	-0.983282	-10.802636	-9.875059E-01	-8.084960E-01	-9.832183E-01	
22880	-0.988536	-0.921545	-10.801708	-9.853158E-01	-8.279291E-01	-9.880008E-01	
23040	-0.979665	-0.918055	-10.760126	-9.830318E-01	-8.443017E-01	-9.923768E-01	
23200	-1.054147	-0.908526	-10.787652	-9.764175E-01	-8.613474E-01	-9.952437E-01	
23360	-0.997576	-0.877512	-10.782902	-9.745941E-01	-8.786965E-01	-9.974382E-01	
23520	-0.986568	-0.866456	-10.723223	-9.642883E-01	-8.916383E-01	-9.999791E-01	
23680	-0.982979	-0.828335	-10.703962	-9.564761E-01	-9.053437E-01	-1.000418E+00	
23840	-0.989954	-0.900971	-10.694557	-9.529422E-01	-9.176884E-01	-9.978458E-01	
24000	-1.032407	-0.849080	-10.821025	-9.413902E-01	-9.307337E-01	-9.980706E-01	
24160	-1.051740	-0.846611	-10.727438	-9.327820E-01	-9.411701E-01	-9.952811E-01	
24320	-1.057020	-0.833151	-10.673056	-9.199205E-01	-9.515980E-01	-9.915480E-01	
24480	-0.985133	-0.832188	-10.627633	-9.089922E-01	-9.605272E-01	-9.871317E-01	
24640	-0.930785	-0.714379	-10.695958	-8.963755E-01	-9.701178E-01	-9.824355E-01	
24800	-1.009998	-0.733009	-10.613144	-8.838816E-01	-9.753043E-01	-9.759386E-01	
24960	-0.952829	-0.726433	-10.633285	-8.670944E-01	-9.819405E-01	-9.688369E-01	
25120	-0.966024	-0.666999	-10.573753	-8.531881E-01	-9.869554E-01	-9.605107E-01	
25280	-0.948935	-0.621838	-10.594705	-8.375866E-01	-9.925808E-01	-9.519965E-01	
25440	-0.925176	-0.590604	-10.573759	-8.188008E-01	-9.946472E-01	-9.417915E-01	
25600	-0.950978	-0.654720	-10.581703	-8.026055E-01	-9.973129E-01	-9.312734E-01	
25760	-0.921910	-0.648383	-10.444356	-7.834879E-01	-9.972910E-01	-9.197111E-01	
25920	-0.949861	-0.547378	-10.529165	-7.663168E-01	-1.000950E+00	-9.037040E-01	
26080	-0.933121	-0.534584	-10.447292	-7.429609E-01	-9.989125E-01	-8.914993E-01	
26240	-0.899383	-0.612230	-10.439768	-7.242682E-01	-9.986867E-01	-8.763707E-01	
26400	-0.919501	-0.489109	-10.404381	-7.019503E-01	-9.951612E-01	-8.612190E-01	
26560	-0.865624	-0.471228	-10.412006	-6.804053E-01	-9.923172E-01	-8.440538E-01	
26720	-0.888296	-0.419002	-10.330665	-6.587887E-01	-9.890962E-01	-8.270113E-01	
26880	-0.853677	-0.480346	-10.354084	-6.339135E-01	-9.843057E-01	-8.091978E-01	
27040	-0.847729	-0.362735	-10.246631	-6.081822E-01	-9.741715E-01	-7.894647E-01	
27200	-0.765268	-0.338301	-10.318594	-5.824606E-01	-9.683364E-01	-7.722758E-01	
27360	-0.724895	-0.296754	-10.202357	-5.570959E-01	-9.594797E-01	-7.486848E-01	
27520	-0.736059	-0.362502	-10.247627	-5.296055E-01	-9.519045E-01	-7.300865E-01	
27680	-0.738862	-0.298243	-10.190113	-5.022502E-01	-9.403992E-01	-7.073092E-01	
27840	-0.787235	-0.311765	-10.129197	-4.747536E-01	-9.304101E-01	-6.852180E-01	
28000	-0.663799	-0.253203	-10.151512	-4.479641E-01	-9.172350E-01	-6.602296E-01	
28160	-0.716393	-0.116637	-10.172709	-4.200893E-01	-9.039271E-01	-6.384687E-01	
28320	-0.678658	-0.121292	-10.119117	-3.917250E-01	-8.907719E-01	-6.144239E-01	
28480	-0.575353	-0.132481	-10.070030	-3.624236E-01	-8.759990E-01	-5.876167E-01	
28640	-0.648720	-0.136351	-10.072905	-3.341489E-01	-8.600309E-01	-5.629405E-01	
28800	-0.536393	-0.083051	-10.017134	-3.033077E-01	-8.441630E-01	-5.367742E-01	
28960	-0.588218	-0.028236	-9.965594	-2.713667E-01	-8.240721E-01	-5.103316E-01	
29120	-0.569245	0.006298	-9.956560	-2.406608E-01	-8.075317E-01	-4.822156E-01	
29280	-0.435971	-0.008983	-9.895290	-2.090807E-01	-7.901682E-01	-4.545030E-01	
29440	-0.473016	0.060327	-9.884079	-1.790065E-01	-7.685347E-01	-4.259598E-01	
29600	-0.444616	0.059931	-9.831539	-1.491116E-01	-7.472754E-01	-3.988932E-01	
29760	-0.387922	0.150334	-9.851705	-1.193070E-01	-7.276752E-01	-3.680366E-01	
29920	-0.404208	0.189951	-9.746943	-8.526870E-02	-7.050991E-01	-3.389935E-01	
30080	-0.385215	0.192895	-9.769160	-5.533903E-02	-6.829542E-01	-3.103671E-01	
30240	-0.312797	0.230171	-9.764277	-2.296890E-02	-6.622761E-01	-2.798497E-01	
30400	-0.266543	0.274433	-9.673891	1.077826E-02	-6.351904E-01	-2.487168E-01	
30560	-0.204485	0.355789	-9.685233	4.055558E-02	-6.123095E-01	-2.182138E-01	
30720	-0.268217	0.257121	-9.576506	7.204942E-02	-5.847166E-01	-1.889378E-01	
30880	-0.161714	0.405270	-9.593898	1.032570E-01	-5.610597E-01	-1.585063E-01	
31040	-0.171423	0.401978	-9.517682	1.327716E-01	-5.342729E-01	-1.250425E-01	
31200	-0.203914	0.437185	-9.549150	1.683229E-01	-5.071370E-01	-9.490424E-02	
31360	-0.138973	0.430939	-9.512818	1.963681E-01	-4.813305E-01	-6.235231E-02	
31520	-0.116477	0.459418	-9.476978	2.281239E-01	-4.532367E-01	-3.213118E-02	
31680	-0.058984	0.495708	-9.559600	2.599179E-01	-4.235307E-01	4.150309E-04	
31840	-0.098397	0.532647	-9.458208	2.878822E-01	-3.954473E-01	2.902419E-02	
32000	0.032976	0.562220	-9.406371	3.208700E-01	-3.657235E-01	6.343565E-02	
32160	0.068744	0.543785	-9.291516	3.475810E-01	-3.370477E-01	9.468564E-02	
32320	0.061365	0.577560	-9.367672	3.776773E-01	-3.059015E-01	1.274508E-01	
32480	0.146488	0.604874	-9.352755	4.083108E-01	-2.773334E-01	1.566948E-01	
32640	0.085143	0.628860	-9.290455	4.374389E-01	-2.465994E-01	1.866245E-01	
32800	0.192349	0.655913	-9.278770	4.652145E-01	-2.166029E-01	2.191300E-01	
32960	0.209783	0.681277	-9.218221	4.920516E-01	-1.858994E-01	2.485316E-01	
33120	0.242933	0.678235	-9.127825	5.206092E-01	-1.527203E-01	2.791867E-01	
33280	0.237359	0.731435	-9.175093	5.450884E-01	-1.234383E-01	3.089103E-01	
33440	0.287297	0.737980	-9.117131	5.719562E-01	-9.157112E-02	3.386022E-01	
33600	0.290640	0.721949	-9.251448	5.977526E-01	-6.132872E-02	3.679156E-01	
33760	0.388736	0.678802	-9.134038	6.237528E-01	-3.053540E-02	3.957802E-01	
33920	0.409367	0.803735	-9.113466	6.465399E-01	3.117878E-03	4.269694E-01	
34080	0.459950	0.888798	-9.049295	6.718815E-01	3.371710E-02	4.531695E-01	
34240	0.461585	0.824933	-9.037737	6.949117E-01	6.420883E-02	4.815566E-01	
34400	0.404634	0.835288	-9.049039	7.196895E-01	9.688393E-02	5.104644E-01	
34560	0.516848	0.801585	-8.967884	7.410254E-01	1.276096E-01	5.337562E-01	
34720	0.536107	0.900105	-9.007998	7.648830E-01	1.582762E-01	5.615584E-01	
34880	0.541650	0.853033	-8.902940	7.843656E-01	1.879240E-01	5.886874E-01	
35040	0.594298	0.924505	-8.927353	8.049985E-01	2.189374E-01	6.138310E-01	
35200	0.640154	0.917885	-8.967919	8.250139E-01	2.500877E-01	6.382456E-01	
35360	0.676946	0.934653	-8.912790	8.427174E-01	2.806508E-01	6.608207E-01	
35520	0.574065	0.892881	-8.909964	8.592944E-01	3.107366E-01	6.848550E-01	
35680	0.622026	0.995409	-8.863185	8.762915E-01	3.415912E-01	7.083478E-01	
35840	0.691329	0.980516	-8.864996	8.918358E-01	3.705804E-01	7.285389E-01	
36000	0.673444	0.925821	-8.922660	9.061293E-01	3.999491E-01	7.500210E-01	
36160	0.714314	0.953121	-8.860104	9.188798E-01	4.269470E-01	7.698837E-01	
36320	0.755843	0.983959	-8.848242	9.317033E-01	4.579810E-01	7.891408E-01	
36480	0.701571	1.010635	-8.831915	9.457950E-01	4.834770E-01	8.089209E-01	
36640	0.777814	1.022603	-8.842174	9.582015E-01	5.098730E-01	8.262822E-01	
36800	0.825736	0.979664	-8.853068	9.648310E-01	5.362139E-01	8.440230E-01	
36960	0.810456	0.952450	-8.744101	9.748115E-01	5.636977E-01	8.618911E-01	
37120	0.882180	0.969739	-8.866165	9.866776E-01	5.886238E-01	8.768734E-01	
37280	0.919882	1.055952	-8.745940	9.902209E-01	6.137309E-01	8.914127E-01	
37440	0.807379	0.987030	-8.794755	9.984334E-01	6.405550E-01	9.043679E-01	
37600	0.887323	1.059049	-8.772440	1.003661E+00	6.618044E-01	9.168729E-01	
37760	0.895944	0.911397	-8.785419	1.009841E+00	6.860881E-01	9.288383E-01	
37920	0.934200	1.031593	-8.808605	1.012242E+00	7.089645E-01	9.395288E-01	
38080	0.975708	0.969442	-8.822690	1.012976E+00	7.308202E-01	9.522222E-01	
38240	0.972404	0.961691	-8.835083	1.015830E+00	7.507898E-01	9.594372E-01	
38400	0.882424	0.902290	-8.785888	1.018631E+00	7.710708E-01	9.684912E-01	
38560	0.966123	0.904758	-8.814596	1.017527E+00	7.921154E-01	9.771520E-01	
38720	1.029933	0.975547	-8.848380	1.017603E+00	8.105759E-01	9.796732E-01	
38880	0.943285	0.970213	-8.872448	1.013445E+00	8.290780E-01	9.876303E-01	
39040	0.930628	1.003802	-8.838664	1.011020E+00	8.455795E-01	9.919227E-01	
39200	1.030976	0.918199	-8.894834	1.006286E+00	8.616455E-01	9.953308E-01	
39360	0.983600	0.953603	-8.874239	1.002181E+00	8.771550E-01	9.966848E-01	
39520	0.994605	0.885309	-8.862453	9.966145E-01	8.925165E-01	9.995409E-01	
39680	1.013905	0.883663	-8.786296	9.877134E-01	9.065288E-01	1.001065E+00	
39840	1.038838	0.815346	-8.914550	9.804368E-01	9.167818E-01	1.000969E+00	
40000	1.030102	0.783435	-8.936982	9.707386E-01	9.306988E-01	9.989137E-01	
40160	0.955679	0.860653	-8.932248	9.589257E-01	9.424924E-01	9.950023E-01	
40320	1.106347	0.790570	-8.890504	9.495823E-01	9.507867E-01	9.926272E-01	
40480	0.980115	0.813520	-8.952507	9.380390E-01	9.595973E-01	9.883895E-01	
40640	0.958872	0.795998	-8.892584	9.269729E-01	9.711226E-01	9.821348E-01	
40800	0.937420	0.745787	-9.024342	9.120284E-01	9.760961E-01	9.764144E-01	
40960	0.944389	0.638853	-8.929038	8.967849E-01	9.830828E-01	9.691429E-01	
41120	0.984269	0.634754	-9.065164	8.809082E-01	9.859957E-01	9.602742E-01	
41280	1.075985	0.739249	-9.034440	8.656354E-01	9.926756E-01	9.501233E-01	
41440	0.945767	0.681310	-9.054736	8.481297E-01	9.962245E-01	9.408163E-01	
41600	0.987540	0.639990	-9.054829	8.316927E-01	9.991598E-01	9.305923E-01	
41760	0.889603	0.660630	-9.207133	8.120039E-01	9.976918E-01	9.181042E-01	
41920	0.937530	0.614280	-9.169725	7.928005E-01	1.001411E+00	9.056149E-01	
42080	0.902482	0.600057	-9.142713	7.710734E-01	9.967178E-01	8.909775E-01	
42240	0.950637	0.517018	-9.188398	7.505531E-01	9.968118E-01	8.774956E-01	
42400	0.863771	0.523942	-9.151747	7.292602E-01	9.941060E-01	8.606756E-01	
42560	0.790621	0.482296	-9.213288	7.073559E-01	9.941648E-01	8.458215E-01	
42720	0.917228	0.447482	-9.323522	6.853020E-01	9.890727E-01	8.259210E-01	
42880	0.815207	0.383974	-9.315024	6.592844E-01	9.837818E-01	8.102513E-01	
43040	0.874116	0.427986	-9.266258	6.343759E-01	9.763446E-01	7.906931E-01	
43200	0.825929	0.384987	-9.326047	6.081075E-01	9.674482E-01	7.708203E-01	
43360	0.753826	0.366205	-9.319376	5.835393E-01	9.596510E-01	7.500909E-01	
43520	0.785815	0.310083	-9.386725	5.556010E-01	9.509225E-01	7.300979E-01	
43680	0.840246	0.213336	-9.402006	5.297891E-01	9.402814E-01	7.057940E-01	
43840	0.697931	0.227390	-9.438514	5.024848E-01	9.266058E-01	6.818788E-01	
44000	0.714598	0.180318	-9.454630	4.770385E-01	9.174248E-01	6.611031E-01	
44160	0.752570	0.148046	-9.484631	4.466753E-01	9.042749E-01	6.367914E-01	
44320	0.719024	0.207045	-9.495642	4.163587E-01	8.891815E-01	6.134928E-01	
44480	0.699924	0.082988	-9.596868	3.906248E-01	8.750357E-01	5.882631E-01	
44640	0.655851	0.148691	-9.619648	3.604860E-01	8.601327E-01	5.608252E-01	
44800	0.475255	0.072157	-9.627289	3.325171E-01	8.431158E-01	5.363539E-01	
44960	0.567060	0.054867	-9.645079	3.026439E-01	8.261655E-01	5.090716E-01	
45120	0.615003	0.016325	-9.698558	2.723481E-01	8.103581E-01	4.809380E-01	
45280	0.510938	0.010205	-9.721373	2.410494E-01	7.889129E-01	4.555196E-01	
45440	0.451233	-0.056520	-9.734054	2.093047E-01	7.703202E-01	4.244648E-01	
45600	0.402057	-0.027929	-9.788186	1.772360E-01	7.482862E-01	3.974497E-01	
45760	0.441940	-0.094101	-9.843769	1.473148E-01	7.290858E-01	3.686357E-01	
45920	0.432369	-0.164654	-9.886505	1.157995E-01	7.049010E-01	3.411490E-01	
46080	0.321151	-0.139634	-9.843037	8.457393E-02	6.841731E-01	3.101831E-01	
46240	0.295844	-0.228437	-9.904146	5.261184E-02	6.597789E-01	2.785202E-01	
46400	0.288426	-0.224815	-9.969334	1.984602E-02	6.357060E-01	2.483488E-01	
46560	0.317700	-0.259388	-10.002859	-8.292533E-03	6.099688E-01	2.209183E-01	
46720	0.239398	-0.264267	-10.021813	-4.014352E-02	5.851053E-01	1.871394E-01	
46880	0.223304	-0.349603	-9.986630	-7.168749E-02	5.604800E-01	1.576391E-01	
47040	0.174803	-0.324555	-10.067133	-1.024759E-01	5.346670E-01	1.261479E-01	
47200	0.234582	-0.416544	-10.141086	-1.341157E-01	5.084041E-01	9.264210E-02	
47360	0.103115	-0.430326	-10.097801	-1.653657E-01	4.804406E-01	6.245500E-02	
47520	0.023379	-0.457313	-10.226487	-1.956283E-01	4.536009E-01	3.207663E-02	
47680	0.025526	-0.587160	-10.241854	-2.232470E-01	4.235509E-01	3.769690E-06	
47840	0.093903	-0.468806	-10.226551	-2.552387E-01	3.958400E-01	-3.132463E-02	
48000	-0.087976	-0.540284	-10.288933	-2.866744E-01	3.633447E-01	-6.234643E-02	
48160	-0.037035	-0.602090	-10.228417	-3.140011E-01	3.366972E-01	-9.374299E-02	
48320	-0.116849	-0.507555	-10.323213	-3.439772E-01	3.062738E-01	-1.249849E-01	
48480	-0.046739	-0.582170	-10.286309	-3.751072E-01	2.774787E-01	-1.556588E-01	
48640	-0.032424	-0.645883	-10.395719	-4.024096E-01	2.466924E-01	-1.877387E-01	
48800	-0.142379	-0.681415	-10.378888	-4.292792E-01	2.156902E-01	-2.169851E-01	
48960	-0.212031	-0.720265	-10.393345	-4.600802E-01	1.847728E-01	-2.484458E-01	
49120	-0.240128	-0.695824	-10.433425	-4.857603E-01	1.555572E-01	-2.794538E-01	
49280	-0.243610	-0.695033	-10.404505	-5.132594E-01	1.238018E-01	-3.081754E-01	
49440	-0.238869	-0.742918	-10.468140	-5.390596E-01	9.205631E-02	-3.388133E-01	
49600	-0.296549	-0.833773	-10.430136	-5.661784E-01	5.985649E-02	-3.686484E-01	
49760	-0.341247	-0.823312	-10.495997	-5.921046E-01	2.992393E-02	-3.963666E-01	
49920	-0.303538	-0.805861	-10.589084	-6.146843E-01	-2.213495E-03	-4.250029E-01	
50080	-0.414294	-0.821515	-10.554214	-6.372442E-01	-3.448764E-02	-4.550598E-01	
50240	-0.366935	-0.792113	-10.494572	-6.610462E-01	-6.504402E-02	-4.810597E-01	
50400	-0.419005	-0.856112	-10.566355	-6.857786E-01	-9.504447E-02	-5.078162E-01	
50560	-0.496507	-0.855935	-10.547580	-7.072119E-01	-1.280367E-01	-5.342523E-01	
50720	-0.482729	-0.884481	-10.747283	-7.285697E-01	-1.588686E-01	-5.637561E-01	
50880	-0.561596	-0.913496	-10.670246	-7.468310E-01	-1.874056E-01	-5.865406E-01	
51040	-0.505326	-0.949303	-10.669706	-7.690842E-01	-2.185028E-01	-6.132442E-01	
51200	-0.604358	-0.873833	-10.630272	-7.851422E-01	-2.517944E-01	-6.355171E-01	
51360	-0.603482	-0.906883	-10.730063	-8.038401E-01	-2.810379E-01	-6.610020E-01	
51520	-0.585996	-0.934420	-10.667105	-8.218195E-01	-3.110211E-01	-6.858438E-01	
51680	-0.698085	-0.986293	-10.649113	-8.394898E-01	-3.414212E-01	-7.067474E-01	
51840	-0.681514	-1.002926	-10.728433	-8.515964E-01	-3.696763E-01	-7.285290E-01	
52000	-0.650018	-1.035263	-10.694370	-8.658946E-01	-3.985922E-01	-7.504814E-01	
52160	-0.722305	-0.987214	-10.808426	-8.818270E-01	-4.275277E-01	-7.724550E-01	
52320	-0.820700	-0.997939	-10.771916	-8.948694E-01	-4.566283E-01	-7.899139E-01	
52480	-0.833820	-0.975313	-10.766844	-9.063630E-01	-4.817645E-01	-8.102767E-01	
52640	-0.785815	-1.017708	-10.750607	-9.163209E-01	-5.094922E-01	-8.278893E-01	
52800	-0.797668	-0.952587	-10.799232	-9.253464E-01	-5.367856E-01	-8.453714E-01	
52960	-0.875009	-0.962189	-10.766345	-9.360064E-01	-5.634045E-01	-8.598583E-01	
53120	-0.766654	-1.037274	-10.874599	-9.444049E-01	-5.893371E-01	-8.767531E-01	
53280	-0.969883	-0.975075	-10.815353	-9.506625E-01	-6.156149E-01	-8.893594E-01	
53440	-0.831924	-1.041378	-10.720886	-9.602914E-01	-6.401945E-01	-9.046173E-01	
53600	-0.869681	-1.078290	-10.834956	-9.639160E-01	-6.624562E-01	-9.169562E-01	
53760	-0.907074	-0.998804	-10.844269	-9.697794E-01	-6.870466E-01	-9.302491E-01	
53920	-0.932622	-0.966935	-10.864141	-9.727449E-01	-7.079676E-01	-9.414900E-01	
54080	-1.005044	-0.956459	-10.782954	-9.761868E-01	-7.295168E-01	-9.499928E-01	
54240	-0.964990	-0.993456	-10.782277	-9.770995E-01	-7.517155E-01	-9.608921E-01	
54400	-0.928657	-0.959738	-10.820231	-9.784517E-01	-7.718647E-01	-9.704752E-01	
54560	-0.944536	-0.978320	-10.818969	-9.754235E-01	-7.925541E-01	-9.761828E-01	
54720	-0.999321	-0.885174	-10.769518	-9.752333E-01	-8.085035E-01	-9.808218E-01	
54880	-0.948220	-0.892214	-10.795126	-9.747400E-01	-8.281894E-01	-9.858562E-01	
55040	-0.954128	-0.919032	-10.803173	-9.703598E-01	-8.448055E-01	-9.920816E-01	
55200	-1.012497	-0.896754	-10.776742	-9.645818E-01	-8.609913E-01	-9.969840E-01	
55360	-0.990962	-0.889717	-10.696306	-9.612843E-01	-8.795605E-01	-9.969950E-01	
55520	-1.012959	-0.866023	-10.798457	-9.535704E-01	-8.907287E-01	-9.992235E-01	
55680	-0.960355	-0.884173	-10.640996	-9.458587E-01	-9.061903E-01	-1.000364E+00	
55840	-0.994176	-0.907773	-10.687110	-9.390819E-01	-9.173369E-01	-9.996296E-01	
56000	-1.045419	-0.804174	-10.693636	-9.281497E-01	-9.286466E-01	-9.988074E-01	
56160	-0.970161	-0.848991	-10.778688	-9.180478E-01	-9.418381E-01	-9.965156E-01	
56320	-0.988974	-0.752520	-10.736236	-9.085508E-01	-9.521530E-01	-9.917622E-01	
56480	-0.955819	-0.743980	-10.641139	-8.948587E-01	-9.610815E-01	-9.886912E-01	
56640	-0.918840	-0.747392	-10.664852	-8.811431E-01	-9.674794E-01	-9.808520E-01	
56800	-0.987477	-0.758619	-10.607160	-8.692918E-01	-9.740982E-01	-9.776801E-01	
56960	-1.047980	-0.799928	-10.627354	-8.551426E-01	-9.830635E-01	-9.681391E-01	
57120	-0.970758	-0.766523	-10.580777	-8.389961E-01	-9.884020E-01	-9.613188E-01	
57280	-0.982785	-0.689401	-10.562834	-8.241393E-01	-9.924612E-01	-9.490761E-01	
57440	-0.901988	-0.654160	-10.660953	-8.054561E-01	-9.958284E-01	-9.406425E-01	
57600	-1.041217	-0.599829	-10.554439	-7.875847E-01	-9.979912E-01	-9.283334E-01	
57760	-0.978805	-0.591041	-10.555828	-7.686607E-01	-9.987752E-01	-9.164975E-01	
57920	-0.868274	-0.502552	-10.455581	-7.467156E-01	-1.001132E+00	-9.050127E-01	
58080	-0.949249	-0.543603	-10.475656	-7.281524E-01	-1.000424E+00	-8.921293E-01	
58240	-0.931696	-0.508361	-10.386474	-7.058147E-01	-9.977644E-01	-8.740199E-01	
58400	-0.856464	-0.501353	-10.435420	-6.866881E-01	-9.950411E-01	-8.607587E-01	
58560	-0.873096	-0.540987	-10.336808	-6.651965E-01	-9.910640E-01	-8.436003E-01	
58720	-0.911481	-0.394799	-10.329417	-6.416824E-01	-9.886153E-01	-8.269695E-01	
58880	-0.813856	-0.356407	-10.355908	-6.165459E-01	-9.828162E-01	-8.100583E-01	
59040	-0.844723	-0.364891	-10.312381	-5.933646E-01	-9.751860E-01	-7.905688E-01	
59200	-0.787401	-0.341560	-10.267164	-5.668209E-01	-9.695327E-01	-7.715592E-01	
59360	-0.799867	-0.316987	-10.205262	-5.410385E-01	-9.590515E-01	-7.474646E-01	
59520	-0.788972	-0.312020	-10.225777	-5.132882E-01	-9.504377E-01	-7.293447E-01	
59680	-0.735401	-0.269643	-10.273406	-4.884732E-01	-9.393223E-01	-7.080565E-01	
59840	-0.757163	-0.258831	-10.165033	-4.615619E-01	-9.271551E-01	-6.857025E-01	
60000	-0.689492	-0.241658	-10.209056	-4.322757E-01	-9.190507E-01	-6.619402E-01	
60160	-0.618972	-0.169495	-10.048108	-4.050614E-01	-9.026556E-01	-6.380541E-01	
60320	-0.683926	-0.178180	-10.061829	-3.770145E-01	-8.910417E-01	-6.125706E-01	
60480	-0.628389	-0.198961	-10.012627	-3.474286E-01	-8.742364E-01	-5.892259E-01	
60640	-0.573247	-0.155068	-10.025533	-3.175353E-01	-8.597758E-01	-5.617705E-01	
60800	-0.623014	-0.026633	-10.004813	-2.888238E-01	-8.432385E-01	-5.358402E-01	
60960	-0.568007	-0.036608	-9.991686	-2.557123E-01	-8.267410E-01	-5.080737E-01	
61120	-0.560144	0.069950	-10.001635	-2.246289E-01	-8.065283E-01	-4.816934E-01	
61280	-0.482561	-0.005221	-9.859804	-1.951745E-01	-7.877881E-01	-4.553654E-01	
61440	-0.436436	0.089928	-9.857852	-1.658539E-01	-7.695578E-01	-4.253599E-01	
61600	-0.499644	0.094184	-9.839466	-1.340026E-01	-7.496427E-01	-3.981380E-01	
61760	-0.405904	0.152995	-9.758339	-1.023462E-01	-7.274167E-01	-3.688927E-01	
61920	-0.369210	0.162319	-9.737902	-7.204772E-02	-7.065617E-01	-3.395236E-01	
62080	-0.367610	0.217596	-9.775900	-3.796169E-02	-6.834819E-01	-3.095653E-01	
62240	-0.403180	0.214372	-9.692685	-7.215026E-03	-6.601856E-01	-2.775921E-01	
62400	-0.356982	0.241763	-9.669181	2.549872E-02	-6.372826E-01	-2.488848E-01	
62560	-0.245490	0.240589	-9.642689	5.785949E-02	-6.117323E-01	-2.170934E-01	
62720	-0.249838	0.313420	-9.608544	8.814738E-02	-5.851923E-01	-1.886253E-01	
62880	-0.227393	0.324827	-9.555465	1.213580E-01	-5.597743E-01	-1.579067E-01	
63040	-0.170460	0.340387	-9.532582	1.533281E-01	-5.330534E-01	-1.249725E-01	
63200	-0.135383	0.398572	-9.534494	1.841099E-01	-5.076710E-01	-9.594844E-02	
63360	-0.150735	0.398147	-9.448363	2.138972E-01	-4.797745E-01	-6.208748E-02	
63520	-0.078187	0.452865	-9.453215	2.450170E-01	-4.534150E-01	-3.191971E-02	
63680	-0.073843	0.494931	-9.525582	2.744557E-01	-4.249356E-01	-1.713000E-03	
63840	-0.058572	0.518444	-9.434683	3.070643E-01	-3.949249E-01	3.004341E-02	
64000	0.014838	0.533960	-9.390413	3.354386E-01	-3.667198E-01	6.358042E-02	
64160	0.011794	0.533961	-9.320891	3.651177E-01	-3.375742E-01	9.439527E-02	
64320	0.039173	0.496227	-9.369316	3.964922E-01	-3.075803E-01	1.233220E-01	
64480	0.105167	0.615312	-9.333549	4.265413E-01	-2.772068E-01	1.573435E-01	
64640	0.065411	0.593512	-9.215755	4.523447E-01	-2.470539E-01	1.862087E-01	
64800	0.154555	0.676736	-9.253177	4.831792E-01	-2.160305E-01	2.178460E-01	
64960	0.138988	0.646786	-9.213470	5.093721E-01	-1.846528E-01	2.485200E-01	
65120	0.179256	0.726754	-9.324810	5.379143E-01	-1.538146E-01	2.775170E-01	
65280	0.275691	0.673949	-9.231912	5.631680E-01	-1.227019E-01	3.091899E-01	
65440	0.252543	0.769738	-9.113562	5.893554E-01	-9.134941E-02	3.392746E-01	
65600	0.269664	0.819979	-9.164973	6.153088E-01	-6.047664E-02	3.670063E-01	
65760	0.367285	0.738674	-9.047824	6.411501E-01	-2.830886E-02	3.961866E-01	
65920	0.394500	0.797294	-9.086621	6.642052E-01	3.753508E-03	4.275409E-01	
66080	0.402191	0.777183	-9.046341	6.874141E-01	3.358083E-02	4.529745E-01	
66240	0.337524	0.819901	-9.056929	7.104811E-01	6.627284E-02	4.796309E-01	
66400	0.443464	0.848772	-9.093785	7.338208E-01	9.636828E-02	5.102001E-01	
66560	0.486066	0.841320	-8.968518	7.548604E-01	1.279654E-01	5.349659E-01	
66720	0.543154	0.828368	-8.997978	7.774183E-01	1.563279E-01	5.622236E-01	
66880	0.550409	0.924764	-8.971559	7.983474E-01	1.884587E-01	5.894480E-01	
67040	0.571392	0.920920	-8.972249	8.171600E-01	2.193115E-01	6.135233E-01	
67200	0.610021	0.852016	-8.938896	8.380447E-01	2.504181E-01	6.378685E-01	
67360	0.454115	1.017506	-8.986086	8.543193E-01	2.808514E-01	6.600735E-01	
67520	0.628136	0.962844	-8.818283	8.724486E-01	3.107625E-01	6.840467E-01	
67680	0.703071	0.966538	-8.812675	8.904382E-01	3.410047E-01	7.071476E-01	
67840	0.717866	0.970071	-8.873677	9.039825E-01	3.684929E-01	7.282372E-01	
68000	0.774341	0.983130	-8.872175	9.182317E-01	3.985813E-01	7.496770E-01	
68160	0.759068	0.864317	-8.912832	9.325447E-01	4.285177E-01	7.704225E-01	
68320	0.782978	1.016206	-8.752346	9.463046E-01	4.549529E-01	7.895478E-01	
68480	0.783005	0.954929	-8.851186	9.562833E-01	4.835186E-01	8.101524E-01	
68640	0.766371	0.900072	-8.812095	9.673729E-01	5.113251E-01	8.277756E-01	
68800	0.883030	0.985868	-8.839909	9.800180E-01	5.373507E-01	8.439919E-01	
68960	0.857623	1.029022	-8.763421	9.873461E-01	5.631726E-01	8.609487E-01	
69120	0.866966	0.930598	-8.792791	9.939013E-01	5.890468E-01	8.767966E-01	
69280	0.852760	0.917930	-8.795716	1.003061E+00	6.157671E-01	8.905899E-01	
69440	0.954178	0.960822	-8.777644	1.010159E+00	6.402016E-01	9.058103E-01	
69600	0.878432	1.038429	-8.748245	1.015170E+00	6.632659E-01	9.171887E-01	
69760	0.851896	0.945941	-8.844016	1.019016E+00	6.851649E-01	9.302527E-01	
69920	0.871962	0.963487	-8.827265	1.022087E+00	7.085624E-01	9.419927E-01	
70080	0.879521	1.006688	-8.848287	1.027774E+00	7.304523E-01	9.509745E-01	
70240	0.960374	0.991796	-8.758543	1.029111E+00	7.512402E-01	9.593629E-01	
70400	1.001235	1.000974	-8.841629	1.028870E+00	7.726016E-01	9.672163E-01	
70560	0.971018	0.994943	-8.783357	1.026873E+00	7.912788E-01	9.752497E-01	
70720	0.968725	0.953235	-8.878191	1.025615E+00	8.110082E-01	9.826238E-01	
70880	0.964448	0.955502	-8.868228	1.023171E+00	8.299331E-01	9.868965E-01	
71040	1.062196	0.925890	-8.850113	1.019135E+00	8.435532E-01	9.919265E-01	
71200	0.958432	0.976586	-8.890529	1.015108E+00	8.608489E-01	9.965090E-01	
71360	0.966423	0.878254	-8.859144	1.010008E+00	8.777525E-01	9.998808E-01	
71520	1.003730	0.888878	-8.822157	1.003183E+00	8.910500E-01	1.000125E+00	
71680	0.883528	0.872327	-8.886479	9.948782E-01	9.068635E-01	1.001351E+00	
71840	0.964561	0.855153	-8.843213	9.872257E-01	9.163555E-01	9.983828E-01	
72000	1.010062	0.831105	-8.904661	9.792796E-01	9.298306E-01	9.971465E-01	
72160	0.975565	0.779118	-8.914658	9.685924E-01	9.402509E-01	9.957523E-01	
72320	0.958572	0.837767	-8.919427	9.601922E-01	9.510295E-01	9.918174E-01	
72480	0.979557	0.825903	-8.921872	9.463928E-01	9.599114E-01	9.868368E-01	
72640	1.053634	0.816237	-8.944520	9.317856E-01	9.697654E-01	9.807458E-01	
72800	0.953970	0.809339	-8.967178	9.219367E-01	9.763690E-01	9.754779E-01	
72960	1.012311	0.760974	-9.019182	9.042672E-01	9.818496E-01	9.675959E-01	
73120	0.992982	0.790284	-8.958521	8.886038E-01	9.879728E-01	9.605678E-01	
73280	0.879187	0.674241	-9.102378	8.734241E-01	9.921421E-01	9.509093E-01	
73440	0.966420	0.621155	-9.035056	8.559448E-01	9.951168E-01	9.411154E-01	
73600	0.994127	0.659573	-9.146682	8.384041E-01	9.980972E-01	9.287061E-01	
73760	0.904608	0.552632	-9.142253	8.186270E-01	9.992034E-01	9.172171E-01	
73920	1.020147	0.547848	-9.215054	7.999138E-01	1.000267E+00	9.056969E-01	
74080	0.980688	0.547355	-9.088348	7.792977E-01	9.989487E-01	8.908758E-01	
74240	0.883721	0.532295	-9.179861	7.586339E-01	9.983901E-01	8.767250E-01	
74400	0.898890	0.542633	-9.237112	7.376907E-01	9.973995E-01	8.602036E-01	
74560	0.868614	0.515226	-9.177616	7.154218E-01	9.916588E-01	8.449960E-01	
74720	0.861888	0.398479	-9.306040	6.921638E-01	9.875485E-01	8.272657E-01	
74880	0.780521	0.438197	-9.383435	6.677325E-01	9.819653E-01	8.099083E-01	
75040	0.916404	0.369105	-9.207763	6.443973E-01	9.765095E-01	7.900199E-01	
75200	0.794561	0.420519	-9.343670	6.167158E-01	9.682695E-01	7.699237E-01	
75360	0.728261	0.350159	-9.376116	5.927518E-01	9.604920E-01	7.516027E-01	
75520	0.791556	0.251311	-9.417368	5.644631E-01	9.501512E-01	7.309232E-01	
75680	0.759562	0.256995	-9.327442	5.390199E-01	9.406148E-01	7.055916E-01	
75840	0.798980	0.268143	-9.484195	5.107909E-01	9.285459E-01	6.852873E-01	
76000	0.704850	0.198334	-9.486474	4.834195E-01	9.163548E-01	6.605548E-01	
76160	0.707798	0.179884	-9.478066	4.555337E-01	9.015069E-01	6.394238E-01	
76320	0.640038	0.173121	-9.526971	4.290607E-01	8.887984E-01	6.147314E-01	
76480	0.549807	0.139515	-9.504708	3.986221E-01	8.746607E-01	5.871171E-01	
76640	0.604094	0.085653	-9.572894	3.708393E-01	8.606952E-01	5.643041E-01	
76800	0.609270	0.070279	-9.618926	3.394814E-01	8.441585E-01	5.360449E-01	
76960	0.492968	0.126800	-9.674731	3.106256E-01	8.269378E-01	5.097814E-01	
77120	0.475681	0.002833	-9.653871	2.806449E-01	8.066659E-01	4.845109E-01	
77280	0.449311	-0.035117	-9.668094	2.516281E-01	7.876009E-01	4.547810E-01	
77440	0.509535	-0.068124	-9.756086	2.197828E-01	7.667640E-01	4.259421E-01	
77600	0.556792	-0.103616	-9.797341	1.879872E-01	7.486223E-01	3.978724E-01	
77760	0.377670	-0.199340	-9.789210	1.581168E-01	7.263570E-01	3.687531E-01	
77920	0.385021	-0.171535	-9.774323	1.265965E-01	7.054326E-01	3.386594E-01	
78080	0.286420	-0.157956	-9.897422	9.587531E-02	6.832358E-01	3.097130E-01	
78240	0.317652	-0.209414	-9.880460	6.310498E-02	6.591860E-01	2.802018E-01	
78400	0.341654	-0.280030	-9.949040	3.310019E-02	6.373253E-01	2.503669E-01	
78560	0.257337	-0.250981	-9.991802	9.864857E-04	6.109753E-01	2.168872E-01	
78720	0.264672	-0.362922	-9.978753	-3.131629E-02	5.853207E-01	1.875742E-01	
78880	0.248679	-0.255529	-10.042158	-6.329499E-02	5.598336E-01	1.553000E-01	
79040	0.182169	-0.352574	-10.032182	-9.207918E-02	5.337416E-01	1.264116E-01	
79200	0.152951	-0.443206	-10.057778	-1.221606E-01	5.074295E-01	9.425880E-02	
79360	0.106223	-0.402566	-10.094787	-1.526306E-01	4.804145E-01	6.422595E-02	
79520	0.040403	-0.440461	-10.142145	-1.839775E-01	4.518993E-01	3.115566E-02	
79680	0.082311	-0.510332	-10.193936	-2.159958E-01	4.243985E-01	4.788867E-05	
79840	0.067178	-0.530988	-10.259684	-2.451129E-01	3.940143E-01	-3.131083E-02	
80000	-0.025449	-0.518240	-10.239927	-2.751132E-01	3.654938E-01	-6.261748E-02	
80160	-0.024677	-0.523827	-10.347909	-3.054262E-01	3.352017E-01	-9.354091E-02	
80320	0.027754	-0.577300	-10.282672	-3.346933E-01	3.058206E-01	-1.234917E-01	
80480	-0.063417	-0.574981	-10.255708	-3.640285E-01	2.766625E-01	-1.551181E-01	
80640	-0.163794	-0.590160	-10.317912	-3.902191E-01	2.474048E-01	-1.863922E-01	
80800	-0.232218	-0.679861	-10.397942	-4.190179E-01	2.162044E-01	-2.170366E-01	
80960	-0.094529	-0.649257	-10.425518	-4.485865E-01	1.862447E-01	-2.481297E-01	
81120	-0.176713	-0.770820	-10.400504	-4.769183E-01	1.547792E-01	-2.794655E-01	
81280	-0.188632	-0.760395	-10.382449	-5.033667E-01	1.219280E-01	-3.088241E-01	
81440	-0.281252	-0.798521	-10.544013	-5.294307E-01	9.187565E-02	-3.383577E-01	
81600	-0.298023	-0.717874	-10.526871	-5.548249E-01	6.036592E-02	-3.648835E-01	
81760	-0.380702	-0.867902	-10.506193	-5.791565E-01	2.915639E-02	-3.967614E-01	
81920	-0.383016	-0.793762	-10.559485	-6.039331E-01	-3.988341E-03	-4.249415E-01	
82080	-0.376179	-0.800112	-10.580052	-6.254367E-01	-3.433872E-02	-4.520233E-01	
82240	-0.374375	-0.772783	-10.650468	-6.494678E-01	-6.713261E-02	-4.807151E-01	
82400	-0.492506	-0.843914	-10.677584	-6.749687E-01	-9.650000E-02	-5.097434E-01	
82560	-0.567421	-0.832251	-10.573122	-6.950170E-01	-1.279446E-01	-5.333145E-01	
82720	-0.494243	-0.922841	-10.609031	-7.182989E-01	-1.590992E-01	-5.626164E-01	
82880	-0.566003	-0.910472	-10.619193	-7.373877E-01	-1.912511E-01	-5.874071E-01	
83040	-0.584347	-0.924166	-10.701745	-7.567273E-01	-2.207014E-01	-6.133457E-01	
83200	-0.645767	-0.905390	-10.656924	-7.730386E-01	-2.520834E-01	-6.377146E-01	
83360	-0.598802	-0.922899	-10.677244	-7.909941E-01	-2.795864E-01	-6.615249E-01	
83520	-0.708347	-0.881630	-10.663268	-8.107074E-01	-3.093471E-01	-6.847522E-01	
83680	-0.598166	-0.945893	-10.677111	-8.261108E-01	-3.410925E-01	-7.071881E-01	
83840	-0.652782	-0.910052	-10.776722	-8.412717E-01	-3.712657E-01	-7.281622E-01	
84000	-0.643113	-0.967430	-10.741988	-8.583761E-01	-3.981845E-01	-7.504907E-01	
84160	-0.722900	-1.051266	-10.715472	-8.730758E-01	-4.269850E-01	-7.705448E-01	
84320	-0.798085	-0.958669	-10.709318	-8.855508E-01	-4.552291E-01	-7.897484E-01	
84480	-0.747175	-1.031455	-10.776145	-8.987407E-01	-4.836271E-01	-8.077735E-01	
84640	-0.854083	-0.988237	-10.795505	-9.086791E-01	-5.108322E-01	-8.260351E-01	
84800	-0.771000	-0.904628	-10.790171	-9.196264E-01	-5.378886E-01	-8.446696E-01	
84960	-0.810467	-0.998968	-10.789229	-9.289115E-01	-5.645145E-01	-8.594488E-01	
85120	-0.839743	-0.982063	-10.890755	-9.363313E-01	-5.896524E-01	-8.759575E-01	
85280	-0.891548	-0.985422	-10.791198	-9.444138E-01	-6.127771E-01	-8.901185E-01	
85440	-0.930320	-1.036921	-10.828328	-9.527011E-01	-6.401105E-01	-9.043950E-01	
85600	-0.916713	-0.997959	-10.769409	-9.582655E-01	-6.643249E-01	-9.175941E-01	
85760	-0.931385	-0.988277	-10.782013	-9.611455E-01	-6.854963E-01	-9.291102E-01	
85920	-0.804685	-0.952679	-10.788368	-9.634027E-01	-7.078278E-01	-9.406628E-01	
86080	-0.946077	-1.004110	-10.805725	-9.679127E-01	-7.303442E-01	-9.500633E-01	
86240	-0.905630	-0.998994	-10.800743	-9.680678E-01	-7.531452E-01	-9.596868E-01	
86400	-0.925153	-0.986124	-10.804458	-9.681071E-01	-7.728808E-01	-9.681471E-01	
86560	-0.966291	-1.014893	-10.855218	-9.674967E-01	-7.890420E-01	-9.778275E-01	
86720	-1.002924	-0.970491	-10.780879	-9.669101E-01	-8.099495E-01	-9.818062E-01	
86880	-0.977414	-0.889016	-10.758393	-9.652402E-01	-8.265906E-01	-9.873728E-01	
87040	-0.990460	-0.902624	-10.790475	-9.609284E-01	-8.429403E-01	-9.922506E-01	
87200	-0.915797	-0.923262	-10.756878	-9.558082E-01	-8.605115E-01	-9.952920E-01	
87360	-1.095190	-0.875976	-10.871365	-9.507010E-01	-8.765097E-01	-9.990316E-01	
87520	-0.952611	-0.908583	-10.760807	-9.453661E-01	-8.920523E-01	-9.998474E-01	
87680	-0.983012	-0.854240	-10.658619	-9.375060E-01	-9.046823E-01	-1.002284E+00	
87840	-0.968983	-0.875590	-10.718429	-9.292495E-01	-9.182602E-01	-9.987997E-01	
88000	-1.028062	-0.865473	-10.710223	-9.209782E-01	-9.322475E-01	-9.974930E-01	
88160	-1.036402	-0.878284	-10.641859	-9.081698E-01	-9.433880E-01	-9.964616E-01	
88320	-0.995005	-0.838431	-10.663157	-8.997701E-01	-9.530407E-01	-9.940616E-01	
88480	-1.003290	-0.803839	-10.623088	-8.856964E-01	-9.605456E-01	-9.892059E-01	
88640	-0.962323	-0.671615	-10.714292	-8.738344E-01	-9.720145E-01	-9.809760E-01	
88800	-0.942563	-0.688257	-10.664783	-8.626452E-01	-9.764814E-01	-9.756532E-01	
88960	-1.055823	-0.703170	-10.647425	-8.454878E-01	-9.821275E-01	-9.693122E-01	
89120	-1.006196	-0.734324	-10.594156	-8.312963E-01	-9.868659E-01	-9.618186E-01	
89280	-0.944860	-0.652739	-10.594957	-8.157019E-01	-9.923994E-01	-9.511274E-01	
89440	-0.945356	-0.616312	-10.616201	-7.985216E-01	-9.945887E-01	-9.427210E-01	
89600	-0.987804	-0.621664	-10.475744	-7.804472E-01	-9.966586E-01	-9.288863E-01	
89760	-0.984865	-0.570110	-10.491303	-7.603221E-01	-1.001339E+00	-9.164911E-01	
89920	-0.927642	-0.638936	-10.448680	-7.404654E-01	-9.993208E-01	-9.035233E-01	
90080	-0.950309	-0.645079	-10.437240	-7.195521E-01	-9.983999E-01	-8.915111E-01	
90240	-0.921933	-0.535792	-10.420918	-6.998737E-01	-9.974611E-01	-8.766909E-01	
90400	-0.865799	-0.583099	-10.409057	-6.780171E-01	-9.959570E-01	-8.606732E-01	
90560	-0.807060	-0.434687	-10.455209	-6.540250E-01	-9.904474E-01	-8.443848E-01	
90720	-0.841579	-0.409469	-10.390292	-6.292316E-01	-9.868118E-01	-8.281543E-01	
90880	-0.815048	-0.386988	-10.404010	-6.077379E-01	-9.819490E-01	-8.090623E-01	
91040	-0.806827	-0.314242	-10.332414	-5.839222E-01	-9.743224E-01	-7.905988E-01	
91200	-0.866891	-0.357468	-10.275225	-5.598496E-01	-9.668436E-01	-7.702728E-01	
91360	-0.867454	-0.277381	-10.263137	-5.345525E-01	-9.596704E-01	-7.487655E-01	
91520	-0.759027	-0.261233	-10.279446	-5.064679E-01	-9.488571E-01	-7.292603E-01	
91680	-0.737902	-0.209548	-10.197145	-4.831561E-01	-9.397961E-01	-7.086941E-01	
91840	-0.722085	-0.242781	-10.155361	-4.557422E-01	-9.292030E-01	-6.841867E-01	
92000	-0.778744	-0.204318	-10.113571	-4.268737E-01	-9.175081E-01	-6.618336E-01	
92160	-0.658870	-0.191484	-10.103701	-3.987865E-01	-9.040630E-01	-6.390093E-01	
92320	-0.575974	-0.164755	-10.083895	-3.696364E-01	-8.889335E-01	-6.127500E-01	
92480	-0.634331	-0.091615	-10.105622	-3.403473E-01	-8.747152E-01	-5.872255E-01	
92640	-0.633247	-0.104210	-10.029021	-3.112310E-01	-8.579126E-01	-5.625966E-01	
92800	-0.634302	-0.065435	-9.995674	-2.810770E-01	-8.431221E-01	-5.365975E-01	
92960	-0.602636	-0.014663	-10.018720	-2.505048E-01	-8.269239E-01	-5.092415E-01	
93120	-0.566013	-0.058549	-9.886329	-2.201081E-01	-8.082064E-01	-4.815206E-01	
93280	-0.492117	0.029728	-9.909219	-1.888969E-01	-7.883583E-01	-4.548555E-01	
93440	-0.451974	0.014847	-9.856292	-1.616940E-01	-7.689094E-01	-4.271504E-01	
93600	-0.457379	0.163470	-9.885532	-1.278387E-01	-7.489623E-01	-3.982915E-01	
93760	-0.440483	0.027573	-9.704447	-9.681513E-02	-7.276604E-01	-3.682902E-01	
93920	-0.358856	0.096303	-9.723791	-6.846827E-02	-7.050404E-01	-3.383210E-01	
94080	-0.349321	0.138103	-9.728025	-3.801415E-02	-6.833948E-01	-3.093448E-01	
94240	-0.390497	0.260842	-9.657994	-3.878031E-03	-6.599795E-01	-2.795329E-01	
94400	-0.351996	0.263090	-9.652497	2.637137E-02	-6.362399E-01	-2.485357E-01	
94560	-0.282435	0.293666	-9.657045	5.804415E-02	-6.106472E-01	-2.187728E-01	
94720	-0.197039	0.293911	-9.644913	8.731466E-02	-5.855333E-01	-1.884247E-01	
94880	-0.240422	0.248693	-9.507424	1.197359E-01	-5.604160E-01	-1.574420E-01	
95040	-0.214764	0.367588	-9.535761	1.503344E-01	-5.355025E-01	-1.272518E-01	
95200	-0.163369	0.451284	-9.582965	1.813941E-01	-5.062165E-01	-9.467586E-02	
95360	-0.079735	0.421856	-9.527594	2.116197E-01	-4.786398E-01	-6.353285E-02	
95520	-0.153891	0.476719	-9.444035	2.421846E-01	-4.512764E-01	-3.315874E-02	
95680	-0.096899	0.487754	-9.459728	2.738518E-01	-4.229084E-01	1.438392E-03	
95840	0.007393	0.461991	-9.461133	3.016863E-01	-3.942395E-01	3.159103E-02	
96000	-0.049278	0.500846	-9.386029	3.336772E-01	-3.675630E-01	6.190110E-02	
96160	0.080143	0.565644	-9.388764	3.649021E-01	-3.383849E-01	9.328046E-02	
96320	0.035674	0.589239	-9.264265	3.931597E-01	-3.093264E-01	1.262613E-01	
96480	0.154213	0.659277	-9.293998	4.220555E-01	-2.753918E-01	1.544992E-01	
96640	0.104812	0.702367	-9.332120	4.522286E-01	-2.456302E-01	1.876118E-01	
96800	0.189059	0.643965	-9.277173	4.812269E-01	-2.172628E-01	2.182119E-01	
96960	0.227966	0.626510	-9.194791	5.069838E-01	-1.848891E-01	2.496591E-01	
97120	0.325122	0.690377	-9.187467	5.355793E-01	-1.527256E-01	2.780001E-01	
97280	0.234668	0.710624	-9.165182	5.607325E-01	-1.226119E-01	3.086775E-01	
97440	0.313274	0.726474	-9.186057	5.878376E-01	-9.424666E-02	3.394185E-01	
97600	0.417033	0.687056	-9.153402	6.140374E-01	-6.121962E-02	3.673099E-01	
97760	0.336522	0.762711	-9.109336	6.399120E-01	-2.973549E-02	3.971942E-01	
97920	0.380221	0.850639	-9.084052	6.643733E-01	3.287626E-03	4.258964E-01	
98080	0.426792	0.767092	-9.051139	6.873530E-01	3.456610E-02	4.548467E-01	
98240	0.431613	0.898221	-9.074653	7.103663E-01	6.516817E-02	4.826314E-01	
98400	0.395638	0.843664	-9.025995	7.339847E-01	9.578885E-02	5.092910E-01	
98560	0.419788	0.896742	-9.027382	7.552161E-01	1.272856E-01	5.359572E-01	
98720	0.478785	0.903492	-8.941683	7.751191E-01	1.577605E-01	5.624639E-01	
98880	0.578203	0.859905	-8.972678	7.985068E-01	1.890821E-01	5.884613E-01	
99040	0.606502	0.973576	-8.951827	8.156227E-01	2.195413E-01	6.124901E-01	
99200	0.509642	0.859299	-8.918848	8.372613E-01	2.500949E-01	6.372088E-01	
99360	0.638737	0.992918	-8.906191	8.541004E-01	2.799367E-01	6.611993E-01	
99520	0.665241	0.933110	-8.889754	8.722973E-01	3.100393E-01	6.841485E-01	
99680	0.688027	0.991593	-8.883295	8.876470E-01	3.395466E-01	7.053698E-01	
99840	0.663695	0.887009	-8.936478	9.053248E-01	3.696572E-01	7.297370E-01	
100000	0.694899	0.929656	-8.930383	9.203840E-01	3.992864E-01	7.495756E-01	
100160	0.705938	0.931379	-8.893999	9.350248E-01	4.281149E-01	7.711809E-01	
100320	0.751751	0.983885	-8.816231	9.489904E-01	4.546737E-01	7.911849E-01	
100480	0.743015	0.960367	-8.790533	9.594488E-01	4.847100E-01	8.097645E-01	
100640	0.808006	1.003180	-8.880945	9.713055E-01	5.087777E-01	8.269688E-01	
100800	0.783385	0.974408	-8.804706	9.815973E-01	5.390965E-01	8.427089E-01	
100960	0.892624	0.996392	-8.890874	9.916735E-01	5.639560E-01	8.619394E-01	
101120	0.827701	0.987485	-8.826358	1.000295E+00	5.918089E-01	8.780399E-01	
101280	0.826551	0.980310	-8.808460	1.005430E+00	6.137927E-01	8.915610E-01	
101440	0.914453	0.981202	-8.788962	1.015276E+00	6.386749E-01	9.046524E-01	
101600	0.910783	0.978813	-8.760714	1.021698E+00	6.622939E-01	9.173975E-01	
101760	0.865676	1.012638	-8.794081	1.023876E+00	6.864404E-01	9.299350E-01	
101920	0.866232	0.965492	-8.772349	1.026020E+00	7.080703E-01	9.419464E-01	
102080	0.895667	1.012444	-8.883471	1.029606E+00	7.306065E-01	9.493329E-01	
102240	0.943626	0.910164	-8.841963	1.032362E+00	7.546016E-01	9.605379E-01	
102400	0.914354	1.001141	-8.797391	1.030973E+00	7.720014E-01	9.693915E-01	
102560	0.988077	0.989265	-8.857615	1.030770E+00	7.930278E-01	9.760891E-01	
102720	0.928877	1.028639	-8.848109	1.029448E+00	8.101876E-01	9.809555E-01	
102880	0.937143	0.920821	-8.814937	1.025146E+00	8.305182E-01	9.872785E-01	
103040	0.959364	0.983160	-8.842568	1.022990E+00	8.434874E-01	9.909142E-01	
103200	0.987317	0.971967	-8.863063	1.019834E+00	8.637037E-01	9.957321E-01	
103360	0.959587	0.959038	-8.874853	1.012277E+00	8.787784E-01	9.983113E-01	
103520	1.013931	0.879938	-8.860282	1.008092E+00	8.912394E-01	9.972753E-01	
103680	1.016368	0.852813	-8.902889	1.000052E+00	9.055356E-01	9.991281E-01	
103840	1.011483	0.838048	-8.882092	9.912018E-01	9.176576E-01	1.000016E+00	
104000	0.981853	0.834426	-8.881795	9.800285E-01	9.305540E-01	9.960807E-01	
104160	0.955225	0.795861	-8.931671	9.692119E-01	9.428158E-01	9.954348E-01	
104320	0.984632	0.752134	-8.907911	9.603236E-01	9.516676E-01	9.913697E-01	
104480	1.023530	0.816885	-8.903072	9.469485E-01	9.603772E-01	9.903426E-01	
104640	0.960911	0.742592	-8.942330	9.328615E-01	9.695123E-01	9.831644E-01	
104800	1.022899	0.736651	-9.001901	9.195655E-01	9.774523E-01	9.743357E-01	
104960	0.931703	0.733758	-8.952202	9.048973E-01	9.837708E-01	9.683496E-01	
105120	0.949548	0.646289	-9.050029	8.904657E-01	9.888188E-01	9.622921E-01	
105280	0.986272	0.751701	-9.041463	8.747476E-01	9.934701E-01	9.514056E-01	
105440	1.010615	0.558037	-9.073987	8.553615E-01	9.956675E-01	9.417998E-01	
105600	0.919802	0.636359	-9.036946	8.381404E-01	9.968914E-01	9.298193E-01	
105760	0.905672	0.629434	-9.150822	8.186369E-01	9.979591E-01	9.181187E-01	
105920	0.969483	0.540800	-9.134004	8.002576E-01	9.998122E-01	9.045193E-01	
106080	0.872581	0.468888	-9.173959	7.801125E-01	9.996658E-01	8.928729E-01	
106240	0.812628	0.578701	-9.177031	7.579504E-01	9.967879E-01	8.747711E-01	
106400	0.885883	0.523866	-9.224295	7.366127E-01	9.947569E-01	8.622337E-01	
106560	0.902286	0.462064	-9.266460	7.139686E-01	9.932840E-01	8.442518E-01	
106720	0.797010	0.468548	-9.236945	6.898637E-01	9.864164E-01	8.282034E-01	
106880	0.851901	0.440612	-9.325529	6.672503E-01	9.821257E-01	8.086414E-01	
107040	0.783414	0.410467	-9.366018	6.407984E-01	9.760180E-01	7.907289E-01	
107200	0.785093	0.272387	-9.321134	6.170049E-01	9.667811E-01	7.711195E-01	
107360	0.724732	0.313357	-9.326129	5.915463E-01	9.600305E-01	7.508840E-01	
107520	0.785089	0.245446	-9.412243	5.655453E-01	9.503050E-01	7.274896E-01	
107680	0.715781	0.272625	-9.424291	5.368576E-01	9.410312E-01	7.062862E-01	
107840	0.735939	0.219583	-9.533075	5.104716E-01	9.295578E-01	6.839862E-01	
108000	0.690804	0.159185	-9.466169	4.849901E-01	9.183361E-01	6.618994E-01	
108160	0.635461	0.278329	-9.485808	4.553218E-01	9.035065E-01	6.369953E-01	
108320	0.580636	0.171360	-9.522739	4.283566E-01	8.894543E-01	6.134422E-01	
108480	0.598015	0.190737	-9.610120	4.003062E-01	8.756167E-01	5.870173E-01	
108640	0.579763	0.173212	-9.625357	3.707913E-01	8.605276E-01	5.615672E-01	
108800	0.624528	0.083041	-9.603524	3.408228E-01	8.444532E-01	5.344991E-01	
108960	0.531546	0.050982	-9.648751	3.088894E-01	8.266378E-01	5.090702E-01	
109120	0.516427	0.001884	-9.646913	2.786297E-01	8.066568E-01	4.819845E-01	
109280	0.493137	-0.043710	-9.701238	2.503563E-01	7.893348E-01	4.555952E-01	
109440	0.506466	-0.065219	-9.719194	2.193055E-01	7.693080E-01	4.254370E-01	
109600	0.455041	-0.119301	-9.761277	1.864151E-01	7.493209E-01	3.984125E-01	
109760	0.499723	-0.141108	-9.772860	1.548828E-01	7.294950E-01	3.678246E-01	
109920	0.346616	-0.118417	-9.855437	1.240016E-01	7.041818E-01	3.392730E-01	
110080	0.360851	-0.205919	-9.840131	9.525271E-02	6.834820E-01	3.076094E-01	
110240	0.350055	-0.191065	-9.915757	6.298801E-02	6.609331E-01	2.791193E-01	
110400	0.329740	-0.231816	-9.938879	2.946965E-02	6.349223E-01	2.485608E-01	
110560	0.251859	-0.255231	-9.976513	1.106956E-03	6.110871E-01	2.179151E-01	
110720	0.257452	-0.338804	-9.953338	-3.084744E-02	5.867340E-01	1.871209E-01	
110880	0.220602	-0.350243	-10.054149	-6.198317E-02	5.599980E-01	1.568740E-01	
111040	0.143953	-0.292341	-10.048001	-9.324138E-02	5.347260E-01	1.265837E-01	
111200	0.112153	-0.382423	-10.178882	-1.242522E-01	5.071539E-01	9.421098E-02	
111360	0.163109	-0.381315	-10.140129	-1.538615E-01	4.798325E-01	6.322766E-02	
111520	0.095497	-0.492834	-10.131428	-1.856393E-01	4.526475E-01	3.140464E-02	
111680	0.161846	-0.461286	-10.222197	-2.167160E-01	4.232044E-01	2.556678E-03	
111840	0.060948	-0.472578	-10.195383	-2.473436E-01	3.960602E-01	-2.911396E-02	
112000	0.038866	-0.491451	-10.190008	-2.783213E-01	3.667942E-01	-6.114617E-02	
112160	-0.078070	-0.629568	-10.285984	-3.077322E-01	3.375537E-01	-9.502000E-02	
112320	-0.045679	-0.571266	-10.302044	-3.361554E-01	3.085694E-01	-1.252993E-01	
112480	-0.130311	-0.523884	-10.273740	-3.671272E-01	2.754327E-01	-1.553493E-01	
112640	-0.107296	-0.661248	-10.328610	-3.964880E-01	2.472864E-01	-1.868967E-01	
112800	-0.118635	-0.712583	-10.365194	-4.220268E-01	2.168545E-01	-2.189398E-01	
112960	-0.201412	-0.659331	-10.403360	-4.519592E-01	1.850378E-01	-2.502694E-01	
113120	-0.204970	-0.689809	-10.438375	-4.797632E-01	1.545127E-01	-2.791023E-01	
113280	-0.226007	-0.723813	-10.470828	-5.074858E-01	1.212271E-01	-3.090030E-01	
113440	-0.294322	-0.660806	-10.418035	-5.309775E-01	9.204217E-02	-3.384835E-01	
113600	-0.331783	-0.698292	-10.514415	-5.568251E-01	5.873842E-02	-3.665628E-01	
113760	-0.276430	-0.802805	-10.535221	-5.821068E-01	2.893495E-02	-3.959439E-01	
113920	-0.408975	-0.827575	-10.539995	-6.067316E-01	-1.952195E-03	-4.245132E-01	
114080	-0.419375	-0.877656	-10.638279	-6.292629E-01	-3.354325E-02	-4.529033E-01	
114240	-0.447189	-0.903231	-10.618928	-6.528504E-01	-6.451870E-02	-4.831273E-01	
114400	-0.373534	-0.849827	-10.630939	-6.756706E-01	-9.712915E-02	-5.087098E-01	
114560	-0.489619	-0.941187	-10.576746	-6.978434E-01	-1.273578E-01	-5.345208E-01	
114720	-0.478542	-0.897723	-10.661598	-7.179656E-01	-1.587587E-01	-5.615465E-01	
114880	-0.566278	-0.916906	-10.615881	-7.388640E-01	-1.910454E-01	-5.879861E-01	
115040	-0.613498	-0.899988	-10.654485	-7.601259E-01	-2.210105E-01	-6.122990E-01	
115200	-0.613425	-0.953742	-10.752608	-7.760575E-01	-2.519731E-01	-6.360849E-01	
115360	-0.595763	-0.977748	-10.658400	-7.958632E-01	-2.811566E-01	-6.626501E-01	
115520	-0.599283	-0.986359	-10.823153	-8.113233E-01	-3.113099E-01	-6.859694E-01	
115680	-0.667862	-0.890492	-10.785556	-8.285917E-01	-3.420104E-01	-7.084390E-01	
115840	-0.648044	-0.967008	-10.630350	-8.425872E-01	-3.704817E-01	-7.277685E-01	
116000	-0.675734	-0.992651	-10.782178	-8.585325E-01	-3.988576E-01	-7.489302E-01	
116160	-0.707726	-0.945591	-10.716192	-8.731802E-01	-4.290445E-01	-7.709948E-01	
116320	-0.739224	-0.956617	-10.779978	-8.868329E-01	-4.569071E-01	-7.896750E-01	
116480	-0.752109	-1.006877	-10.762249	-8.990411E-01	-4.838128E-01	-8.080693E-01	
116640	-0.833095	-0.957369	-10.831346	-9.084098E-01	-5.085983E-01	-8.260961E-01	
116800	-0.883026	-1.022286	-10.821289	-9.173561E-01	-5.376519E-01	-8.457907E-01	
116960	-0.859226	-1.051628	-10.791023	-9.295202E-01	-5.634780E-01	-8.613234E-01	
117120	-0.854539	-1.008851	-10.757792	-9.346221E-01	-5.892494E-01	-8.772836E-01	
117280	-0.891448	-0.987282	-10.679854	-9.431961E-01	-6.145889E-01	-8.914667E-01	
117440	-0.876027	-1.058322	-10.756922	-9.482757E-01	-6.370066E-01	-9.063015E-01	
117600	-0.896745	-0.985213	-10.858641	-9.551208E-01	-6.634305E-01	-9.172428E-01	
117760	-0.871447	-1.013047	-10.884918	-9.570647E-01	-6.872101E-01	-9.287186E-01	
117920	-0.921896	-0.959983	-10.845986	-9.616999E-01	-7.103896E-01	-9.420634E-01	
118080	-0.910465	-0.955257	-10.758194	-9.635564E-01	-7.314264E-01	-9.509503E-01	
118240	-1.045530	-0.956954	-10.785672	-9.652091E-01	-7.508368E-01	-9.603135E-01	
118400	-0.955997	-1.030056	-10.786015	-9.665210E-01	-7.713207E-01	-9.667546E-01	
118560	-0.927092	-0.958487	-10.746287	-9.623183E-01	-7.915951E-01	-9.751128E-01	
118720	-0.972354	-0.909530	-10.791387	-9.632806E-01	-8.128864E-01	-9.833519E-01	
118880	-0.983966	-1.011618	-10.830454	-9.602292E-01	-8.283730E-01	-9.881411E-01	
119040	-0.984341	-0.923456	-10.824629	-9.548254E-01	-8.447013E-01	-9.915342E-01	
119200	-1.004929	-0.904754	-10.818676	-9.529411E-01	-8.602926E-01	-9.961257E-01	
119360	-0.923629	-0.899348	-10.836234	-9.455219E-01	-8.785213E-01	-9.983077E-01	
119520	-0.985276	-0.873841	-10.767738	-9.398640E-01	-8.902767E-01	-9.991769E-01	
119680	-1.015161	-0.860802	-10.740884	-9.315214E-01	-9.053394E-01	-9.999893E-01	
119840	-1.002370	-0.797837	-10.724709	-9.250752E-01	-9.189004E-01	-1.000559E+00	
120000	-0.997965	-0.833176	-10.752202	-9.145213E-01	-9.314550E-01	-9.986351E-01	
120160	-0.964048	-0.815310	-10.683977	-9.044903E-01	-9.417658E-01	-9.944519E-01	
120320	-1.076296	-0.787797	-10.656548	-8.909212E-01	-9.535475E-01	-9.922961E-01	
120480	-1.003128	-0.815850	-10.695082	-8.824165E-01	-9.606938E-01	-9.872155E-01	
120640	-1.052731	-0.833103	-10.632167	-8.678089E-01	-9.673069E-01	-9.824508E-01	
120800	-1.021181	-0.740764	-10.668831	-8.534118E-01	-9.756053E-01	-9.761648E-01	
120960	-1.024482	-0.776030	-10.581352	-8.383786E-01	-9.837267E-01	-9.704350E-01	
121120	-0.938966	-0.708512	-10.605608	-8.250542E-01	-9.871665E-01	-9.609074E-01	
121280	-0.935582	-0.679141	-10.518948	-8.096743E-01	-9.923302E-01	-9.531475E-01	
121440	-1.001376	-0.656192	-10.579341	-7.929353E-01	-9.967351E-01	-9.416434E-01	
121600	-0.962231	-0.617494	-10.479202	-7.736070E-01	-9.979473E-01	-9.308125E-01	
121760	-0.949916	-0.623750	-10.535452	-7.561790E-01	-1.000301E+00	-9.175096E-01	
121920	-0.885920	-0.579811	-10.469070	-7.349618E-01	-1.000240E+00	-9.040866E-01	
122080	-0.892573	-0.507086	-10.418939	-7.161834E-01	-9.998016E-01	-8.910328E-01	
122240	-0.906968	-0.447303	-10.429672	-6.948693E-01	-9.978499E-01	-8.762043E-01	
122400	-0.948955	-0.511215	-10.402753	-6.736978E-01	-9.956419E-01	-8.593889E-01	
122560	-0.982199	-0.487761	-10.441945	-6.530812E-01	-9.914869E-01	-8.454443E-01	
122720	-0.825559	-0.455296	-10.310617	-6.283246E-01	-9.853055E-01	-8.269534E-01	
122880	-0.868709	-0.410202	-10.305325	-6.051011E-01	-9.819344E-01	-8.087729E-01	
123040	-0.855551	-0.391035	-10.383415	-5.797352E-01	-9.742226E-01	-7.909229E-01	
123200	-0.738686	-0.381346	-10.227172	-5.574003E-01	-9.665885E-01	-7.706242E-01	
123360	-0.769438	-0.347923	-10.304563	-5.293838E-01	-9.597435E-01	-7.517688E-01	
123520	-0.697086	-0.311987	-10.252705	-5.029302E-01	-9.504607E-01	-7.303817E-01	
123680	-0.767947	-0.245820	-10.219576	-4.740414E-01	-9.404416E-01	-7.065767E-01	
123840	-0.731625	-0.183712	-10.174823	-4.515173E-01	-9.304892E-01	-6.848146E-01	
124000	-0.677661	-0.149559	-10.192494	-4.208792E-01	-9.177511E-01	-6.609436E-01	
124160	-0.691755	-0.230881	-10.026924	-3.914766E-01	-9.048175E-01	-6.371146E-01	
124320	-0.618627	-0.278033	-10.093286	-3.632902E-01	-8.904688E-01	-6.116634E-01	
124480	-0.576717	-0.156432	-10.067554	-3.361326E-01	-8.747581E-01	-5.898561E-01	
124640	-0.632688	-0.108263	-10.008783	-3.046249E-01	-8.593183E-01	-5.627973E-01	
124800	-0.507553	-0.100164	-10.027825	-2.756674E-01	-8.426542E-01	-5.361380E-01	
124960	-0.546612	-0.011408	-9.995249	-2.462341E-01	-8.234265E-01	-5.091232E-01	
125120	-0.502925	0.004284	-10.056786	-2.158338E-01	-8.094076E-01	-4.815913E-01	
125280	-0.504159	0.053591	-9.830864	-1.832985E-01	-7.891382E-01	-4.534009E-01	
125440	-0.505845	0.044732	-9.859135	-1.529301E-01	-7.693444E-01	-4.244253E-01	
125600	-0.452424	0.098107	-9.917142	-1.212855E-01	-7.505723E-01	-3.987985E-01	
125760	-0.488964	0.120715	-9.833131	-9.020443E-02	-7.285656E-01	-3.671727E-01	
125920	-0.414356	0.177138	-9.792063	-5.955736E-02	-7.061285E-01	-3.392967E-01	
126080	-0.381990	0.164085	-9.799173	-2.846829E-02	-6.852644E-01	-3.109574E-01	
126240	-0.361785	0.254016	-9.760785	3.124118E-03	-6.587869E-01	-2.784283E-01	
126400	-0.318913	0.250040	-9.649796	3.364797E-02	-6.337228E-01	-2.490309E-01	
126560	-0.309319	0.276386	-9.635104	6.742937E-02	-6.105780E-01	-2.204695E-01	
126720	-0.258346	0.339728	-9.607368	9.856395E-02	-5.866223E-01	-1.875483E-01	
126880	-0.244904	0.358076	-9.586159	1.275111E-01	-5.613875E-01	-1.577344E-01	
127040	-0.161238	0.390606	-9.637459	1.616366E-01	-5.337723E-01	-1.265189E-01	
127200	-0.091542	0.409268	-9.543412	1.911808E-01	-5.060436E-01	-9.454081E-02	
127360	-0.093953	0.442262	-9.490380	2.238490E-01	-4.795980E-01	-6.276556E-02	
127520	-0.025461	0.481809	-9.497882	2.527979E-01	-4.535558E-01	-3.200850E-02	
127680	-0.043718	0.473843	-9.442649	2.841862E-01	-4.247664E-01	-1.462172E-03	
127840	-0.034671	0.506381	-9.429792	3.153319E-01	-3.952568E-01	3.261072E-02	
128000	0.080377	0.606566	-9.403702	3.452800E-01	-3.650882E-01	6.436595E-02	
128160	0.050621	0.596844	-9.372357	3.767958E-01	-3.373666E-01	9.470247E-02	
128320	0.047692	0.599417	-9.234649	4.023983E-01	-3.073485E-01	1.256863E-01	
128480	0.135800	0.607512	-9.280076	4.335861E-01	-2.782818E-01	1.558549E-01	
128640	0.086721	0.676376	-9.350821	4.632476E-01	-2.468595E-01	1.870347E-01	
128800	0.088466	0.669501	-9.243629	4.916922E-01	-2.159263E-01	2.186817E-01	
128960	0.190110	0.653853	-9.223818	5.204531E-01	-1.847850E-01	2.489911E-01	
129120	0.178211	0.725776	-9.085138	5.480672E-01	-1.552658E-01	2.802303E-01	
129280	0.299588	0.750865	-9.094833	5.740631E-01	-1.228185E-01	3.100119E-01	
129440	0.301149	0.702243	-9.237620	6.042347E-01	-9.288043E-02	3.393346E-01	
129600	0.286976	0.812919	-9.159627	6.251270E-01	-6.182637E-02	3.667607E-01	
129760	0.401412	0.785716	-9.165996	6.500706E-01	-2.973142E-02	3.964449E-01	
129920	0.338912	0.806805	-9.056462	6.780927E-01	5.254436E-04	4.242679E-01	
130080	0.343760	0.874215	-9.062023	7.007092E-01	3.324333E-02	4.534764E-01	
130240	0.416705	0.868794	-9.106164	7.247784E-01	6.452786E-02	4.819882E-01	
130400	0.449786	0.919852	-8.961229	7.452596E-01	9.515228E-02	5.091668E-01	
130560	0.506761	0.886091	-9.010817	7.683832E-01	1.275348E-01	5.361146E-01	
130720	0.557353	0.872975	-8.927029	7.873540E-01	1.576473E-01	5.619603E-01	
130880	0.539707	0.871050	-8.986542	8.117986E-01	1.915625E-01	5.857087E-01	
131040	0.562732	0.864309	-8.968199	8.308360E-01	2.198737E-01	6.153010E-01	
131200	0.606236	0.901499	-8.960804	8.505471E-01	2.510032E-01	6.378321E-01	
131360	0.600333	0.941536	-8.926960	8.673988E-01	2.814487E-01	6.597714E-01	
131520	0.681946	0.974758	-8.907201	8.838909E-01	3.090394E-01	6.842786E-01	
131680	0.670878	0.967332	-8.900750	9.016217E-01	3.417379E-01	7.050729E-01	
131840	0.693709	0.905483	-8.847794	9.158868E-01	3.709762E-01	7.277992E-01	
132000	0.686092	1.018833	-8.810955	9.294093E-01	3.986021E-01	7.489620E-01	
132160	0.789980	0.989571	-8.881184	9.419327E-01	4.276712E-01	7.683656E-01	
132320	0.774144	0.962350	-8.923105	9.550308E-01	4.544586E-01	7.903700E-01	
132480	0.695156	0.978899	-8.864822	9.670610E-01	4.843746E-01	8.115402E-01	
132640	0.767653	1.039764	-8.804239	9.774330E-01	5.094564E-01	8.269044E-01	
132800	0.845376	0.974416	-8.818720	9.880831E-01	5.370027E-01	8.434584E-01	
132960	0.816456	1.009038	-8.887161	9.981743E-01	5.624251E-01	8.594882E-01	
133120	0.760003	0.942816	-8.824175	1.004807E+00	5.880587E-01	8.792129E-01	
133280	0.858674	0.974522	-8.789526	1.013554E+00	6.133572E-01	8.921253E-01	
133440	0.861924	1.017972	-8.790213	1.020247E+00	6.398443E-01	9.025911E-01	
133600	0.926202	0.984125	-8.878793	1.024726E+00	6.632201E-01	9.169921E-01	
133760	0.823149	1.002966	-8.813025	1.029080E+00	6.851945E-01	9.293208E-01	
133920	0.861838	1.013760	-8.792444	1.033780E+00	7.081217E-01	9.410851E-01	
134080	0.913575	0.982260	-8.748280	1.038079E+00	7.310217E-01	9.514716E-01	
134240	0.961572	1.026256	-8.822421	1.039599E+00	7.505895E-01	9.603986E-01	
134400	0.940950	0.947767	-8.841538	1.039855E+00	7.718312E-01	9.682107E-01	
134560	0.939105	0.890325	-8.807861	1.036271E+00	7.916990E-01	9.750379E-01	
134720	0.951014	0.917069	-8.775008	1.038803E+00	8.090404E-01	9.826141E-01	
134880	0.953732	0.889395	-8.846694	1.036116E+00	8.287785E-01	9.878330E-01	
135040	1.000005	0.937432	-8.853098	1.032940E+00	8.463491E-01	9.930394E-01	
135200	0.897678	0.920520	-8.817937	1.027044E+00	8.615163E-01	9.965181E-01	
135360	0.949377	0.897825	-8.848606	1.021775E+00	8.771279E-01	9.975173E-01	
135520	0.907165	0.864621	-8.973198	1.013015E+00	8.905964E-01	9.999348E-01	
135680	1.105633	0.842330	-8.932674	1.007417E+00	9.064181E-01	9.992989E-01	
135840	0.963434	0.899614	-8.810760	9.984484E-01	9.196701E-01	9.969983E-01	
136000	0.969654	0.837567	-8.923880	9.888845E-01	9.305868E-01	9.979397E-01	
136160	0.965790	0.855684	-8.965263	9.778041E-01	9.425004E-01	9.954115E-01	
136320	0.985526	0.759836	-8.915528	9.673531E-01	9.527169E-01	9.942518E-01	
136480	1.023245	0.809701	-8.976325	9.545348E-01	9.598224E-01	9.884562E-01	
136640	1.049513	0.745240	-9.004765	9.429268E-01	9.686957E-01	9.823432E-01	
136800	0.959816	0.798827	-8.993607	9.294838E-01	9.760940E-01	9.764447E-01	
136960	0.892090	0.742627	-8.980340	9.150143E-01	9.824235E-01	9.686940E-01	
137120	1.010202	0.709279	-9.010308	8.989216E-01	9.869971E-01	9.597083E-01	
137280	0.971892	0.646611	-9.092926	8.830952E-01	9.924260E-01	9.508553E-01	
137440	0.925774	0.700629	-9.066490	8.675899E-01	9.955849E-01	9.419860E-01	
137600	0.979429	0.729031	-9.082625	8.489365E-01	9.983548E-01	9.298334E-01	
137760	0.945301	0.593447	-9.139544	8.302464E-01	9.989384E-01	9.168629E-01	
137920	0.910434	0.536942	-9.080526	8.096786E-01	9.992389E-01	9.045235E-01	
138080	0.927734	0.547030	-9.101816	7.876911E-01	1.001172E+00	8.936063E-01	
138240	0.957231	0.550682	-9.184885	7.681766E-01	9.970432E-01	8.774563E-01	
138400	0.888350	0.572959	-9.223434	7.453507E-01	9.955062E-01	8.629998E-01	
138560	0.888567	0.550232	-9.177946	7.216681E-01	9.928772E-01	8.450762E-01	
138720	0.849278	0.432521	-9.253167	6.979171E-01	9.872002E-01	8.269479E-01	
138880	0.810906	0.467416	-9.320864	6.746244E-01	9.829063E-01	8.099637E-01	
139040	0.792137	0.413879	-9.289575	6.502962E-01	9.767075E-01	7.921774E-01	
139200	0.860423	0.378422	-9.278698	6.254101E-01	9.677934E-01	7.710396E-01	
139360	0.747081	0.342350	-9.327017	5.992064E-01	9.589614E-01	7.501905E-01	
139520	0.762292	0.296919	-9.403958	5.723439E-01	9.505576E-01	7.292720E-01	
139680	0.744585	0.272114	-9.422311	5.468490E-01	9.410659E-01	7.060514E-01	
139840	0.690365	0.316216	-9.426330	5.204833E-01	9.282906E-01	6.836579E-01	
140000	0.708464	0.177691	-9.517356	4.910241E-01	9.181519E-01	6.625072E-01	
140160	0.616881	0.225482	-9.488159	4.628716E-01	9.043904E-01	6.367743E-01	
140320	0.593008	0.142946	-9.534128	4.358956E-01	8.903898E-01	6.127547E-01	
140480	0.627555	0.110740	-9.539835	4.063214E-01	8.752858E-01	5.886878E-01	
140640	0.672757	0.122040	-9.652394	3.757655E-01	8.612969E-01	5.618759E-01	
140800	0.637681	0.004945	-9.603672	3.442530E-01	8.440372E-01	5.351816E-01	
140960	0.516125	0.038417	-9.698068	3.143620E-01	8.256847E-01	5.069230E-01	
141120	0.571763	0.037121	-9.707799	2.861694E-01	8.082334E-01	4.816370E-01	
141280	0.558354	0.026317	-9.662143	2.554952E-01	7.896162E-01	4.556957E-01	
141440	0.396112	-0.113549	-9.757094	2.265385E-01	7.683985E-01	4.233962E-01	
141600	0.435254	-0.076626	-9.818854	1.934648E-01	7.478858E-01	3.965472E-01	
141760	0.449754	-0.163182	-9.808464	1.635605E-01	7.275846E-01	3.699675E-01	
141920	0.390238	-0.158192	-9.871046	1.339212E-01	7.080938E-01	3.391088E-01	
142080	0.355661	-0.263662	-9.824189	1.025366E-01	6.818107E-01	3.091348E-01	
142240	0.381241	-0.250723	-9.847654	7.045449E-02	6.583095E-01	2.774454E-01	
142400	0.264511	-0.266841	-9.886482	4.025553E-02	6.355882E-01	2.496171E-01	
142560	0.316693	-0.346791	-9.952894	8.717554E-03	6.112680E-01	2.192402E-01	
142720	0.231162	-0.284775	-10.020144	-2.358347E-02	5.851905E-01	1.870938E-01	
142880	0.221126	-0.344965	-10.009494	-5.422173E-02	5.615919E-01	1.572923E-01	
143040	0.207060	-0.324463	-9.996795	-8.409260E-02	5.358756E-01	1.258218E-01	
143200	0.153705	-0.420182	-10.126182	-1.169602E-01	5.064471E-01	9.473096E-02	
143360	0.107085	-0.431685	-10.087663	-1.462414E-01	4.798133E-01	6.379997E-02	
143520	0.082743	-0.462303	-10.157979	-1.778512E-01	4.519914E-01	3.293455E-02	
143680	0.035071	-0.474051	-10.212691	-2.093708E-01	4.243211E-01	5.788857E-04	
143840	0.010039	-0.523999	-10.211175	-2.385557E-01	3.955409E-01	-3.143069E-02	
144000	-0.016371	-0.537172	-10.243648	-2.668339E-01	3.672259E-01	-6.216503E-02	
144160	0.020055	-0.534283	-10.287880	-2.977014E-01	3.356238E-01	-9.382462E-02	
144320	-0.042851	-0.682999	-10.368306	-3.265185E-01	3.077720E-01	-1.244796E-01	
144480	-0.142779	-0.634231	-10.304292	-3.537862E-01	2.755012E-01	-1.554216E-01	
144640	-0.083175	-0.553142	-10.321954	-3.834510E-01	2.472078E-01	-1.871917E-01	
144800	-0.126983	-0.638644	-10.335671	-4.113054E-01	2.142641E-01	-2.172649E-01	
144960	-0.164425	-0.747948	-10.468788	-4.397664E-01	1.860368E-01	-2.486409E-01	
145120	-0.164651	-0.741021	-10.424586	-4.660152E-01	1.540772E-01	-2.786447E-01	
145280	-0.245305	-0.715046	-10.480860	-4.935597E-01	1.238267E-01	-3.084422E-01	
145440	-0.292126	-0.744589	-10.491477	-5.202279E-01	9.305263E-02	-3.368419E-01	
145600	-0.274144	-0.764488	-10.490117	-5.442978E-01	6.140485E-02	-3.689822E-01	
145760	-0.284292	-0.735209	-10.530684	-5.709330E-01	2.839431E-02	-3.967125E-01	
145920	-0.354884	-0.833423	-10.515329	-5.931995E-01	-1.055114E-03	-4.245525E-01	
146080	-0.470674	-0.832960	-10.600132	-6.186011E-01	-3.398338E-02	-4.543117E-01	
146240	-0.428264	-0.865460	-10.534420	-6.428770E-01	-6.574557E-02	-4.820415E-01	
146400	-0.497275	-0.775389	-10.623391	-6.644720E-01	-9.455894E-02	-5.077681E-01	
146560	-0.425802	-0.958323	-10.618385	-6.883991E-01	-1.280420E-01	-5.361819E-01	
146720	-0.530334	-0.861443	-10.621653	-7.083270E-01	-1.586264E-01	-5.598458E-01	
146880	-0.599498	-0.927888	-10.692283	-7.264093E-01	-1.901019E-01	-5.884003E-01	
147040	-0.562796	-1.039939	-10.685378	-7.478613E-01	-2.210551E-01	-6.123817E-01	
147200	-0.611085	-0.939468	-10.695019	-7.675072E-01	-2.517413E-01	-6.395930E-01	
147360	-0.533592	-0.928188	-10.665003	-7.843494E-01	-2.791363E-01	-6.607832E-01	
147520	-0.644986	-1.018874	-10.717235	-8.029196E-01	-3.114680E-01	-6.848231E-01	
147680	-0.640362	-0.990638	-10.742998	-8.191090E-01	-3.404902E-01	-7.082026E-01	
147840	-0.679091	-1.004532	-10.729755	-8.340394E-01	-3.721799E-01	-7.282404E-01	
148000	-0.747504	-1.042178	-10.732957	-8.514899E-01	-3.989016E-01	-7.511316E-01	
148160	-0.731354	-1.076796	-10.739787	-8.622086E-01	-4.265286E-01	-7.700172E-01	
148320	-0.770116	-0.991169	-10.763783	-8.775015E-01	-4.545309E-01	-7.895044E-01	
148480	-0.810187	-1.004595	-10.783539	-8.902396E-01	-4.825896E-01	-8.082966E-01	
148640	-0.777153	-1.006483	-10.811194	-9.030042E-01	-5.099951E-01	-8.280241E-01	
148800	-0.778493	-0.992440	-10.761892	-9.100091E-01	-5.376742E-01	-8.439503E-01	
148960	-0.861490	-0.981994	-10.773113	-9.189680E-01	-5.647834E-01	-8.596568E-01	
149120	-0.740170	-0.993732	-10.773046	-9.294047E-01	-5.889481E-01	-8.763975E-01	
149280	-0.941942	-1.004645	-10.857146	-9.352129E-01	-6.144253E-01	-8.906051E-01	
149440	-0.902519	-1.021375	-10.781308	-9.433521E-01	-6.386473E-01	-9.054021E-01	
149600	-0.886888	-0.969984	-10.872156	-9.500124E-01	-6.627186E-01	-9.170130E-01	
149760	-0.828611	-1.022363	-10.776303	-9.518500E-01	-6.877895E-01	-9.296585E-01	
149920	-0.887039	-0.901909	-10.770752	-9.549640E-01	-7.108308E-01	-9.407567E-01	
150080	-0.918680	-0.993587	-10.823781	-9.572921E-01	-7.296202E-01	-9.523453E-01	
150240	-0.840179	-1.013769	-10.772020	-9.597566E-01	-7.521784E-01	-9.607853E-01	
150400	-0.951479	-0.900150	-10.786480	-9.634871E-01	-7.708858E-01	-9.693576E-01	
150560	-0.996002	-0.955593	-10.815518	-9.615093E-01	-7.907401E-01	-9.752982E-01	
150720	-1.031699	-0.910450	-10.865538	-9.595451E-01	-8.107624E-01	-9.833657E-01	
150880	-0.933940	-0.940062	-10.840759	-9.565965E-01	-8.302846E-01	-9.881021E-01	
151040	-1.015357	-0.970704	-10.814027	-9.526774E-01	-8.460752E-01	-9.892609E-01	
151200	-1.067629	-0.959140	-10.772001	-9.511963E-01	-8.623587E-01	-9.941887E-01	
151360	-0.931580	-0.917740	-10.858381	-9.437169E-01	-8.780494E-01	-9.981613E-01	
151520	-0.951705	-0.898097	-10.714569	-9.379705E-01	-8.913459E-01	-1.000540E+00	
151680	-1.004683	-0.929169	-10.728536	-9.272365E-01	-9.050734E-01	-9.999731E-01	
151840	-1.010023	-0.877791	-10.714813	-9.219547E-01	-9.169658E-01	-1.001341E+00	
152000	-1.027175	-0.851790	-10.738047	-9.124502E-01	-9.306663E-01	-9.973180E-01	
152160	-0.999708	-0.835772	-10.695756	-9.040880E-01	-9.412830E-01	-9.962203E-01	
152320	-0.999689	-0.787364	-10.743717	-8.903743E-01	-9.509316E-01	-9.950357E-01	
152480	-0.962879	-0.764752	-10.649598	-8.793655E-01	-9.605479E-01	-9.869416E-01	
152640	-1.009675	-0.799166	-10.691019	-8.652584E-01	-9.693687E-01	-9.820392E-01	
152800	-0.986106	-0.660647	-10.717148	-8.520105E-01	-9.757072E-01	-9.759023E-01	
152960	-0.999517	-0.758126	-10.612395	-8.386894E-01	-9.818104E-01	-9.680302E-01	
153120	-0.940111	-0.729851	-10.614482	-8.227682E-01	-9.861247E-01	-9.592903E-01	
153280	-1.007842	-0.726599	-10.585873	-8.076624E-01	-9.926712E-01	-9.508621E-01	
153440	-1.012833	-0.707661	-10.563727	-7.872830E-01	-9.944081E-01	-9.409839E-01	
153600	-0.942433	-0.596981	-10.542849	-7.742176E-01	-9.995734E-01	-9.304668E-01	
153760	-1.024962	-0.579779	-10.423031	-7.528690E-01	-9.985278E-01	-9.167130E-01	
153920	-0.905595	-0.615543	-10.442923	-7.335556E-01	-1.000625E+00	-9.048054E-01	
154080	-0.905660	-0.532714	-10.452014	-7.152561E-01	-1.000524E+00	-8.918281E-01	
154240	-0.868194	-0.558661	-10.433360	-6.939760E-01	-9.970460E-01	-8.760352E-01	
154400	-0.864625	-0.516146	-10.479853	-6.727701E-01	-9.944838E-01	-8.603527E-01	
154560	-0.820408	-0.509777	-10.398658	-6.515922E-01	-9.914274E-01	-8.436321E-01	
154720	-0.888056	-0.452448	-10.436896	-6.284696E-01	-9.889280E-01	-8.283272E-01	
154880	-0.846379	-0.391192	-10.332015	-6.039204E-01	-9.808750E-01	-8.096653E-01	
155040	-0.780602	-0.401110	-10.259164	-5.804170E-01	-9.752307E-01	-7.902151E-01	
155200	-0.818743	-0.368609	-10.295722	-5.556823E-01	-9.693605E-01	-7.709999E-01	
155360	-0.802048	-0.326774	-10.228335	-5.305138E-01	-9.607266E-01	-7.498304E-01	
155520	-0.733877	-0.301593	-10.227825	-5.079768E-01	-9.504853E-01	-7.292917E-01	
155680	-0.729954	-0.309944	-10.235964	-4.794428E-01	-9.398631E-01	-7.083863E-01	
155840	-0.725080	-0.292646	-10.200781	-4.536158E-01	-9.310263E-01	-6.848009E-01	
156000	-0.759493	-0.231597	-10.193459	-4.263777E-01	-9.157277E-01	-6.610494E-01	
156160	-0.719697	-0.139302	-10.129089	-3.969233E-01	-9.049574E-01	-6.366397E-01	
156320	-0.656169	-0.166185	-10.122380	-3.687809E-01	-8.891450E-01	-6.140193E-01	
156480	-0.587187	-0.141541	-10.084743	-3.408601E-01	-8.752790E-01	-5.887273E-01	
156640	-0.535831	-0.084288	-10.032908	-3.105640E-01	-8.610221E-01	-5.617627E-01	
156800	-0.612101	-0.092851	-10.016253	-2.808350E-01	-8.421620E-01	-5.361443E-01	
156960	-0.545241	-0.054481	-10.021820	-2.510273E-01	-8.271840E-01	-5.093812E-01	
157120	-0.528593	-0.017066	-9.985680	-2.190784E-01	-8.096679E-01	-4.836459E-01	
157280	-0.525051	-0.024083	-9.982861	-1.898479E-01	-7.882976E-01	-4.545631E-01	
157440	-0.489721	0.056195	-9.875462	-1.590518E-01	-7.691783E-01	-4.254386E-01	
157600	-0.483101	0.107635	-9.808285	-1.282151E-01	-7.495808E-01	-3.976089E-01	
157760	-0.418573	0.134361	-9.813143	-9.803585E-02	-7.285908E-01	-3.680942E-01	
157920	-0.420960	0.158781	-9.690219	-6.678184E-02	-7.050699E-01	-3.415830E-01	
158080	-0.378175	0.137853	-9.718946	-3.156090E-02	-6.842981E-01	-3.078113E-01	
158240	-0.366209	0.187108	-9.651753	-1.651487E-03	-6.600291E-01	-2.791765E-01	
158400	-0.339394	0.306229	-9.734167	2.937492E-02	-6.381104E-01	-2.473164E-01	
158560	-0.278083	0.320663	-9.628400	6.424116E-02	-6.106281E-01	-2.174188E-01	
158720	-0.228580	0.310459	-9.619133	9.463984E-02	-5.862624E-01	-1.875450E-01	
158880	-0.208655	0.342324	-9.583678	1.230180E-01	-5.603511E-01	-1.572978E-01	
159040	-0.131010	0.392283	-9.564306	1.550322E-01	-5.353306E-01	-1.248566E-01	
159200	-0.160935	0.394113	-9.520904	1.880848E-01	-5.080046E-01	-9.481954E-02	
159360	-0.128490	0.427018	-9.514856	2.200799E-01	-4.802140E-01	-6.221450E-02	
159520	-0.124220	0.430948	-9.459712	2.499930E-01	-4.527648E-01	-3.196803E-02	
159680	-0.122298	0.402927	-9.483106	2.793978E-01	-4.237580E-01	-5.879152E-04	
159840	-0.046888	0.480234	-9.409223	3.105787E-01	-3.941890E-01	3.008042E-02	
160000	0.043353	0.489135	-9.337332	3.397306E-01	-3.649145E-01	6.348426E-02	
160160	0.084809	0.537286	-9.357615	3.718779E-01	-3.369852E-01	9.418924E-02	
160320	0.030239	0.605802	-9.332868	4.001652E-01	-3.056939E-01	1.254953E-01	
160480	0.103203	0.637566	-9.320066	4.310097E-01	-2.770480E-01	1.552693E-01	
160640	0.173714	0.710006	-9.270168	4.594213E-01	-2.466582E-01	1.868788E-01	
160800	0.165241	0.731045	-9.247809	4.899030E-01	-2.163212E-01	2.186520E-01	
160960	0.191941	0.690662	-9.177268	5.158327E-01	-1.846257E-01	2.493523E-01	
161120	0.168896	0.716720	-9.159913	5.407739E-01	-1.561027E-01	2.776691E-01	
161280	0.260970	0.721048	-9.070982	5.700144E-01	-1.229445E-01	3.079563E-01	
161440	0.322907	0.742269	-9.142110	5.948866E-01	-9.101034E-02	3.396696E-01	
161600	0.289504	0.688071	-9.226642	6.207558E-01	-6.015735E-02	3.681868E-01	
161760	0.362940	0.788519	-9.177268	6.476367E-01	-3.004160E-02	3.968664E-01	
161920	0.296886	0.780286	-9.068871	6.701964E-01	1.358306E-03	4.278647E-01	
162080	0.437233	0.800701	-9.005536	6.955103E-01	3.429065E-02	4.534726E-01	
162240	0.444070	0.786204	-8.962452	7.195872E-01	6.529186E-02	4.820782E-01	
162400	0.411917	0.881114	-9.051924	7.424497E-01	9.410784E-02	5.093304E-01	
162560	0.465262	0.882400	-8.979179	7.633521E-01	1.276074E-01	5.361129E-01	
162720	0.418197	0.885383	-8.993330	7.838935E-01	1.581182E-01	5.626560E-01	
162880	0.547868	0.824608	-8.950847	8.054984E-01	1.907670E-01	5.854034E-01	
163040	0.597675	0.918852	-8.958338	8.229135E-01	2.199332E-01	6.130574E-01	
163200	0.639492	0.957780	-8.902361	8.405108E-01	2.500205E-01	6.392966E-01	
163360	0.560703	0.893140	-8.880113	8.611271E-01	2.798219E-01	6.614792E-01	
163520	0.701275	0.953457	-8.872316	8.775696E-01	3.117996E-01	6.860651E-01	
163680	0.648273	1.008570	-8.914419	8.961064E-01	3.415144E-01	7.086347E-01	
163840	0.624692	0.979740	-8.874467	9.105133E-01	3.712477E-01	7.280458E-01	
164000	0.699948	0.981228	-8.878190	9.227713E-01	3.992098E-01	7.508120E-01	
164160	0.708354	1.070601	-8.791219	9.395678E-01	4.293466E-01	7.691721E-01	
164320	0.799324	0.955227	-8.835075	9.521185E-01	4.565729E-01	7.886287E-01	
164480	0.771990	0.950354	-8.854378	9.646823E-01	4.827993E-01	8.083469E-01	
164640	0.717438	0.878491	-8.775910	9.758087E-01	5.110407E-01	8.272610E-01	
164800	0.821262	1.021061	-8.819911	9.850523E-01	5.379134E-01	8.427235E-01	
164960	0.783833	1.011864	-8.850388	9.899184E-01	5.650693E-01	8.592138E-01	
165120	0.850653	1.056227	-8.872847	1.001096E+00	5.890611E-01	8.758399E-01	
165280	0.898242	0.986080	-8.818739	1.008826E+00	6.151448E-01	8.907055E-01	
165440	0.857075	0.966214	-8.809735	1.014381E+00	6.404124E-01	9.057321E-01	
165600	0.900785	0.992593	-8.780471	1.020526E+00	6.627669E-01	9.178843E-01	
165760	0.913077	0.951622	-8.803206	1.024191E+00	6.865673E-01	9.307013E-01	
165920	0.911640	0.963431	-8.811876	1.027625E+00	7.089550E-01	9.411995E-01	
166080	0.998114	1.077154	-8.856242	1.031662E+00	7.312005E-01	9.500200E-01	
166240	0.885578	0.968630	-8.779924	1.029055E+00	7.513148E-01	9.611656E-01	
166400	1.024932	0.976030	-8.936867	1.032925E+00	7.735651E-01	9.684233E-01	
166560	0.913133	0.909786	-8.819628	1.032825E+00	7.910789E-01	9.765773E-01	
166720	0.899815	0.987668	-8.810762	1.032404E+00	8.098290E-01	9.826231E-01	
166880	1.076785	0.879424	-8.806492	1.025836E+00	8.271358E-01	9.874793E-01	
167040	0.999137	0.935737	-8.955278	1.024202E+00	8.451778E-01	9.943953E-01	
167200	1.053384	0.903148	-8.924958	1.020707E+00	8.600358E-01	9.943867E-01	
167360	1.022421	0.867514	-8.900191	1.014760E+00	8.779441E-01	9.980353E-01	
167520	0.974116	0.910550	-8.837621	1.007441E+00	8.926591E-01	1.000571E+00	
167680	1.030591	0.886433	-8.861305	1.001226E+00	9.069894E-01	9.991811E-01	
167840	1.001170	0.827594	-8.833353	9.925968E-01	9.184062E-01	9.992195E-01	
168000	1.017849	0.827317	-8.952416	9.825157E-01	9.319841E-01	9.979549E-01	
168160	1.049096	0.752237	-8.881429	9.723306E-01	9.407511E-01	9.954588E-01	
168320	1.071701	0.770265	-8.943160	9.610080E-01	9.521357E-01	9.908932E-01	
168480	0.985344	0.717665	-8.940886	9.486247E-01	9.607957E-01	9.878409E-01	
168640	0.977768	0.784566	-8.958445	9.379373E-01	9.675771E-01	9.824673E-01	
168800	1.035367	0.727559	-8.988000	9.207790E-01	9.761704E-01	9.755963E-01	
168960	0.983135	0.769092	-8.984637	9.093392E-01	9.821996E-01	9.689017E-01	
169120	0.933942	0.702349	-9.063767	8.916081E-01	9.881846E-01	9.612004E-01	
169280	0.934368	0.652433	-9.032556	8.759833E-01	9.914950E-01	9.511054E-01	
169440	0.972829	0.675563	-9.054465	8.565135E-01	9.950602E-01	9.417521E-01	
169600	0.874211	0.585599	-9.051306	8.421754E-01	9.975255E-01	9.310592E-01	
169760	0.875377	0.623264	-9.133916	8.217502E-01	9.986398E-01	9.163930E-01	
169920	0.932099	0.598425	-9.133658	8.025039E-01	1.001902E+00	9.062351E-01	
170080	0.973216	0.551154	-9.204145	7.814034E-01	1.000188E+00	8.909040E-01	
170240	0.910258	0.495514	-9.159589	7.594771E-01	9.996651E-01	8.774209E-01	
170400	0.854982	0.481847	-9.176609	7.371637E-01	9.943552E-01	8.594038E-01	
170560	0.863135	0.488405	-9.243999	7.127402E-01	9.912196E-01	8.441616E-01	
170720	0.829376	0.492351	-9.249447	6.920377E-01	9.881929E-01	8.266922E-01	
170880	0.864359	0.387801	-9.260900	6.666058E-01	9.805595E-01	8.091048E-01	
171040	0.912260	0.398085	-9.350500	6.440485E-01	9.747001E-01	7.908245E-01	
171200	0.788308	0.351642	-9.355079	6.181930E-01	9.690487E-01	7.722218E-01	
171360	0.794754	0.352235	-9.348082	5.930126E-01	9.609313E-01	7.486674E-01	
171520	0.766256	0.337660	-9.387430	5.661691E-01	9.496440E-01	7.283263E-01	
171680	0.715222	0.293616	-9.443458	5.399971E-01	9.395927E-01	7.077006E-01	
171840	0.749822	0.206514	-9.403525	5.144020E-01	9.284758E-01	6.852446E-01	
172000	0.665123	0.247016	-9.424440	4.863485E-01	9.174437E-01	6.618992E-01	
172160	0.627722	0.251426	-9.524196	4.571533E-01	9.047256E-01	6.364173E-01	
172320	0.686883	0.195925	-9.545199	4.295641E-01	8.903322E-01	6.138995E-01	
172480	0.628964	0.179192	-9.565828	3.970738E-01	8.757602E-01	5.878714E-01	
172640	0.609593	0.099037	-9.603294	3.714110E-01	8.589413E-01	5.617254E-01	
172800	0.532130	0.075325	-9.577796	3.411158E-01	8.432517E-01	5.367112E-01	
172960	0.519212	0.029634	-9.653365	3.109707E-01	8.264218E-01	5.100335E-01	
173120	0.563519	0.061721	-9.741598	2.813139E-01	8.091422E-01	4.806974E-01	
173280	0.481611	-0.035930	-9.785585	2.502189E-01	7.862991E-01	4.544753E-01	
173440	0.502506	-0.013316	-9.701175	2.222177E-01	7.679523E-01	4.271143E-01	
173600	0.425527	-0.095154	-9.701758	1.897661E-01	7.481483E-01	3.982947E-01	
173760	0.425999	-0.093835	-9.794999	1.590767E-01	7.290301E-01	3.683343E-01	
173920	0.355284	-0.180115	-9.890546	1.267938E-01	7.059964E-01	3.392063E-01	
174080	0.463146	-0.140125	-9.832510	9.824861E-02	6.849456E-01	3.080551E-01	
174240	0.377912	-0.249998	-9.877456	6.445463E-02	6.591777E-01	2.791717E-01	
174400	0.318627	-0.216336	-9.936945	3.429148E-02	6.349763E-01	2.484838E-01	
174560	0.285135	-0.276845	-9.884823	2.253068E-03	6.087537E-01	2.168846E-01	
174720	0.248487	-0.347372	-9.948446	-2.875251E-02	5.871400E-01	1.880213E-01	
174880	0.278113	-0.334337	-10.006263	-6.213446E-02	5.594711E-01	1.569799E-01	
175040	0.235971	-0.459150	-10.055603	-9.211265E-02	5.352912E-01	1.257362E-01	
175200	0.166090	-0.399869	-10.050508	-1.246140E-01	5.071204E-01	9.436848E-02	
175360	0.099722	-0.426314	-10.086512	-1.553738E-01	4.796398E-01	6.201063E-02	
175520	0.134370	-0.497076	-10.084280	-1.862479E-01	4.519218E-01	3.218392E-02	
175680	0.054191	-0.533544	-10.138586	-2.164947E-01	4.232021E-01	9.965965E-04	
175840	0.004063	-0.523391	-10.222053	-2.474167E-01	3.946853E-01	-3.135943E-02	
176000	-0.009388	-0.501812	-10.221519	-2.781255E-01	3.670510E-01	-6.030932E-02	
176160	-0.045793	-0.620235	-10.266002	-3.057603E-01	3.371269E-01	-9.426242E-02	
176320	-0.139455	-0.585841	-10.306636	-3.344532E-01	3.082068E-01	-1.264757E-01	
176480	-0.060235	-0.638516	-10.311764	-3.632281E-01	2.778395E-01	-1.569361E-01	
176640	-0.125062	-0.612754	-10.359050	-3.918602E-01	2.468052E-01	-1.872729E-01	
176800	-0.056675	-0.614105	-10.379562	-4.207824E-01	2.159818E-01	-2.169480E-01	
176960	-0.187875	-0.767272	-10.406007	-4.469989E-01	1.856565E-01	-2.484271E-01	
177120	-0.234976	-0.768305	-10.416599	-4.748101E-01	1.540746E-01	-2.793210E-01	
177280	-0.274111	-0.660814	-10.414564	-5.014461E-01	1.207632E-01	-3.065301E-01	
177440	-0.257427	-0.746773	-10.499743	-5.280306E-01	9.333047E-02	-3.363816E-01	
177600	-0.316814	-0.698508	-10.436096	-5.523874E-01	6.077899E-02	-3.680984E-01	
177760	-0.377224	-0.753102	-10.549729	-5.779926E-01	3.088070E-02	-3.961097E-01	
177920	-0.421977	-0.745089	-10.482961	-6.015846E-01	-2.901310E-03	-4.256089E-01	
178080	-0.429398	-0.891256	-10.574786	-6.256090E-01	-3.309002E-02	-4.532827E-01	
178240	-0.466995	-0.797008	-10.637947	-6.477474E-01	-6.500362E-02	-4.817994E-01	
178400	-0.492868	-0.787825	-10.605703	-6.711290E-01	-9.587296E-02	-5.080738E-01	
178560	-0.514473	-0.860444	-10.555630	-6.931425E-01	-1.279508E-01	-5.336807E-01	
178720	-0.548082	-0.940048	-10.607874	-7.140050E-01	-1.583330E-01	-5.620363E-01	
178880	-0.525530	-0.877428	-10.600533	-7.353275E-01	-1.894086E-01	-5.876365E-01	
179040	-0.569958	-0.940199	-10.631640	-7.530036E-01	-2.212043E-01	-6.125333E-01	
179200	-0.617976	-0.927380	-10.655026	-7.716748E-01	-2.488732E-01	-6.361799E-01	
179360	-0.611122	-0.938290	-10.664302	-7.905827E-01	-2.833019E-01	-6.614977E-01	
179520	-0.607116	-0.967925	-10.729012	-8.068585E-01	-3.110339E-01	-6.839553E-01	
179680	-0.627527	-0.999695	-10.728955	-8.223105E-01	-3.403014E-01	-7.077923E-01	
179840	-0.602169	-1.055674	-10.763901	-8.388311E-01	-3.693202E-01	-7.280872E-01	
180000	-0.692818	-0.910685	-10.712701	-8.527303E-01	-3.997840E-01	-7.478568E-01	
180160	-0.735077	-0.973348	-10.733611	-8.656471E-01	-4.262316E-01	-7.697258E-01	
180320	-0.687110	-1.030273	-10.793344	-8.777757E-01	-4.546367E-01	-7.890653E-01	
180480	-0.736301	-0.966146	-10.703417	-8.889549E-01	-4.837838E-01	-8.088807E-01	
180640	-0.741697	-0.940938	-10.781067	-9.009677E-01	-5.106786E-01	-8.253386E-01	
180800	-0.768910	-0.995537	-10.779608	-9.123906E-01	-5.362644E-01	-8.430774E-01	
180960	-0.851770	-0.978616	-10.865506	-9.205040E-01	-5.616813E-01	-8.602749E-01	
181120	-0.793349	-0.979704	-10.813887	-9.281359E-01	-5.892174E-01	-8.759145E-01	
181280	-0.806980	-0.980661	-10.858309	-9.336987E-01	-6.153597E-01	-8.904565E-01	
181440	-0.874849	-1.024649	-10.839820	-9.423090E-01	-6.380643E-01	-9.058465E-01	
181600	-0.952191	-0.979649	-10.856008	-9.476774E-01	-6.622004E-01	-9.161696E-01	
181760	-0.937658	-1.042491	-10.787001	-9.515809E-01	-6.853282E-01	-9.304667E-01	
181920	-0.936994	-0.973372	-10.840672	-9.548301E-01	-7.085477E-01	-9.396887E-01	
182080	-0.940880	-1.006221	-10.783742	-9.565077E-01	-7.282351E-01	-9.501490E-01	
182240	-0.959851	-0.980804	-10.818511	-9.577618E-01	-7.518092E-01	-9.602050E-01	
182400	-1.000597	-0.925361	-10.811733	-9.595063E-01	-7.734953E-01	-9.692669E-01	
182560	-0.893562	-0.992040	-10.817676	-9.587852E-01	-7.923787E-01	-9.751683E-01	
182720	-0.988097	-0.938389	-10.750463	-9.571289E-01	-8.127159E-01	-9.829033E-01	
182880	-0.979647	-0.944067	-10.784114	-9.535872E-01	-8.275253E-01	-9.864986E-01	
183040	-0.955930	-0.980497	-10.813194	-9.493371E-01	-8.455348E-01	-9.926324E-01	
183200	-0.999789	-0.914351	-10.827646	-9.446144E-01	-8.616410E-01	-9.953223E-01	
183360	-1.012708	-0.913297	-10.777519	-9.388164E-01	-8.757498E-01	-9.981441E-01	
183520	-0.959079	-0.945643	-10.738410	-9.354730E-01	-8.940704E-01	-9.980729E-01	
183680	-1.021066	-0.846049	-10.813820	-9.283529E-01	-9.044666E-01	-9.996484E-01	
183840	-0.972866	-0.789221	-10.629684	-9.192994E-01	-9.203259E-01	-1.002114E+00	
184000	-1.016239	-0.919279	-10.693578	-9.107640E-01	-9.328667E-01	-9.976820E-01	
184160	-1.015208	-0.856123	-10.728478	-8.995044E-01	-9.418944E-01	-9.943391E-01	
184320	-1.055544	-0.780293	-10.701921	-8.889890E-01	-9.518316E-01	-9.908700E-01	
184480	-1.071781	-0.785725	-10.595654	-8.767000E-01	-9.587839E-01	-9.874443E-01	
184640	-0.980668	-0.743091	-10.725050	-8.606213E-01	-9.689723E-01	-9.832024E-01	
184800	-1.022081	-0.748259	-10.689898	-8.509092E-01	-9.782309E-01	-9.754571E-01	
184960	-0.966669	-0.788701	-10.528434	-8.358484E-01	-9.831214E-01	-9.675994E-01	
185120	-1.038563	-0.684572	-10.574816	-8.216020E-01	-9.879866E-01	-9.612889E-01	
185280	-0.996158	-0.699739	-10.658580	-8.033415E-01	-9.934030E-01	-9.503708E-01	
185440	-1.031878	-0.589046	-10.612482	-7.848220E-01	-9.966652E-01	-9.421243E-01	
185600	-0.987093	-0.614079	-10.595847	-7.687117E-01	-9.998418E-01	-9.294321E-01	
185760	-1.011025	-0.632299	-10.537501	-7.525380E-01	-9.992864E-01	-9.198009E-01	
185920	-0.857811	-0.618397	-10.545249	-7.287967E-01	-1.000211E+00	-9.064175E-01	
186080	-0.815475	-0.584045	-10.443405	-7.092715E-01	-1.000877E+00	-8.907083E-01	
186240	-0.870997	-0.568631	-10.488912	-6.877831E-01	-9.983482E-01	-8.769500E-01	
186400	-0.882228	-0.464163	-10.443960	-6.670207E-01	-9.947957E-01	-8.611399E-01	
186560	-0.882201	-0.482308	-10.472480	-6.428480E-01	-9.919421E-01	-8.448891E-01	
186720	-0.816658	-0.506858	-10.434925	-6.218425E-01	-9.882317E-01	-8.279967E-01	
186880	-0.868088	-0.425468	-10.327642	-5.984046E-01	-9.798651E-01	-8.097940E-01	
187040	-0.751028	-0.354825	-10.361014	-5.708405E-01	-9.760442E-01	-7.907185E-01	
187200	-0.844826	-0.352032	-10.265365	-5.479131E-01	-9.681133E-01	-7.688680E-01	
187360	-0.699352	-0.357947	-10.215605	-5.227419E-01	-9.602509E-01	-7.511735E-01	
187520	-0.757474	-0.257250	-10.261881	-4.981835E-01	-9.498708E-01	-7.298804E-01	
187680	-0.789678	-0.279542	-10.216701	-4.662919E-01	-9.383857E-01	-7.077191E-01	
187840	-0.792995	-0.228010	-10.236865	-4.402012E-01	-9.281099E-01	-6.848403E-01	
188000	-0.684426	-0.223146	-10.169503	-4.134639E-01	-9.160884E-01	-6.603123E-01	
188160	-0.741923	-0.223230	-10.162062	-3.846617E-01	-9.037871E-01	-6.364672E-01	
188320	-0.709978	-0.113623	-10.151430	-3.577511E-01	-8.905445E-01	-6.145590E-01	
188480	-0.640239	-0.120031	-10.050670	-3.295599E-01	-8.749153E-01	-5.866284E-01	
188640	-0.637292	-0.136568	-9.979580	-3.000350E-01	-8.578249E-01	-5.624802E-01	
188800	-0.581892	-0.048657	-10.069079	-2.682564E-01	-8.434604E-01	-5.356420E-01	
188960	-0.511048	-0.000588	-9.966584	-2.404641E-01	-8.246326E-01	-5.102469E-01	
189120	-0.504590	-0.028351	-9.940352	-2.087839E-01	-8.065739E-01	-4.811475E-01	
189280	-0.430823	0.053321	-9.832229	-1.786825E-01	-7.884729E-01	-4.533326E-01	
189440	-0.494833	0.052030	-9.863024	-1.473441E-01	-7.704431E-01	-4.278479E-01	
189600	-0.428417	0.080247	-9.866525	-1.169017E-01	-7.493041E-01	-3.961277E-01	
189760	-0.425831	0.145486	-9.822197	-8.452235E-02	-7.275520E-01	-3.677902E-01	
189920	-0.494699	0.214894	-9.826157	-5.378867E-02	-7.054880E-01	-3.392667E-01	
190080	-0.398612	0.268763	-9.703029	-2.279512E-02	-6.799724E-01	-3.082407E-01	
190240	-0.320417	0.237496	-9.660606	9.757570E-03	-6.589395E-01	-2.792532E-01	
190400	-0.348718	0.251088	-9.616926	4.220378E-02	-6.352489E-01	-2.486379E-01	
190560	-0.335150	0.278185	-9.624224	7.202730E-02	-6.116996E-01	-2.186444E-01	
190720	-0.240984	0.302426	-9.614230	1.040088E-01	-5.861831E-01	-1.884876E-01	
190880	-0.186054	0.338668	-9.608519	1.348819E-01	-5.599783E-01	-1.570394E-01	
191040	-0.196142	0.370704	-9.597744	1.650607E-01	-5.355217E-01	-1.259597E-01	
191200	-0.113467	0.306737	-9.513427	1.976763E-01	-5.067956E-01	-9.313487E-02	
191360	-0.102944	0.391018	-9.509893	2.285573E-01	-4.796345E-01	-6.295462E-02	
191520	-0.026920	0.433641	-9.417098	2.596355E-01	-4.516411E-01	-3.211642E-02	
191680	-0.024097	0.482699	-9.471496	2.891221E-01	-4.246034E-01	-3.820529E-04	
191840	-0.033053	0.506551	-9.378276	3.228103E-01	-3.959086E-01	3.177676E-02	
192000	-0.097780	0.470202	-9.414277	3.508366E-01	-3.645162E-01	6.227402E-02		