1093280	2313	2355	1981	2366.19	2945.37	1869.28	2442	1760
1093440	2313	2344	1984	2366.19	2945.37	1869.29	2442	1760
1093600	2309	2336	1984	2366.19	2945.37	1869.30	2442	1760
1093760	2303	2340	1986	2366.19	2945.37	1869.31	2441	1760
1093920	2309	2343	1984	2366.19	2945.37	1869.32	2441	1760
1094080	2311	2337	1985	2366.19	2945.37	1869.33	2442	1760
1094240	2312	2342	1984	2366.19	2945.37	1869.35	2442	1760
1094400	2320	2332	1989	2366.19	2945.37	1869.37	2442	1760
1094560	2315	2341	1987	2366.19	2945.37	1869.39	2441	1760
1094721	2308	2332	1980	2366.19	2945.37	1869.41	2441	1760
1094881	2316	2332	1984	2366.19	2945.37	1869.43	2442	1760
1095041	2307	2335	1979	2366.19	2945.37	1869.45	2441	1761
1095201	2307	2333	1985	2366.19	2945.37	1869.47	2441	1760
1095361	2309	2330	1979	2366.19	2945.37	1869.50	2441	1761
1095521	2314	2323	1982	2366.19	2945.37	1869.53	2442	1760
1095681	2307	2329	1981	2366.19	2945.37	1869.55	2442	1760
1095840	2312	2329	1980	2366.19	2945.37	1869.58	2442	1760
1096000	2312	2325	1984	2366.19	2945.37	1869.61	2442	1760
1096160	2314	2323	1984	2366.19	2945.37	1869.65	2442	1760
1096320	2315	2323	1976	2366.19	2945.37	1869.68	2441	1761
1096480	2316	2321	1988	2366.19	2945.37	1869.71	2442	1760
1096640	2317	2323	1979	2366.19	2945.37	1869.75	2442	1760
1096800	2313	2316	1986	2366.19	2945.37	1869.79	2442	1760
1096960	2321	2316	1980	2366.19	2945.37	1869.82	2442	1760
1097120	2315	2312	1984	2366.19	2945.37	1869.86	2442	1760
1097280	2318	2313	1982	2366.19	2945.37	1869.90	2442	1760
1097440	2323	2309	1982	2366.19	2945.37	1869.94	2442	1760
1097600	2323	2316	1988	2366.19	2945.37	1869.99	2442	1760
1097760	2323	2312	1981	2366.19	2945.37	1870.03	2441	1760
1097920	2322	2309	1983	2366.19	2945.37	1870.07	2442	1760
1098080	2323	2308	1982	2366.19	2945.37	1870.12	2442	1760
1098240	2331	2307	1982	2366.19	2945.37	1870.17	2441	1761
1098400	2324	2302	1983	2366.19	2945.37	1870.21	2441	1760
1098560	2325	2303	1981	2366.19	2945.37	1870.26	2441	1760
1098720	2326	2297	1985	2366.19	2945.37	1870.31	2441	1761
1098880	2322	2295	1984	2366.19	2945.37	1870.36	2441	1761
1099040	2324	2301	1981	2366.19	2945.37	1870.41	2441	1760
1099200	2329	2297	1981	2366.19	2945.37	1870.46	2441	1761
1099360	2330	2294	1981	2366.19	2945.37	1870.52	2442	1760
1099520	2341	2296	1989	2366.19	2945.37	1870.57	2441	1760
1099680	2336	2295	1982	2366.19	2945.37	1870.62	2442	1760
1099840	2334	2298	1981	2366.19	2945.37	1870.68	2442	1760
1100000	2330	2300	1979	2366.19	2945.37	1870.73	2442	1760
1100160	2338	2292	1976	2366.19	2945.37	1870.79	2441	1759
1100320	2340	2292	1993	2366.19	2945.37	1870.85	2442	1760
1100480	2343	2295	1982	2366.19	2945.37	1870.90	2442	1759
1100640	2345	2290	1982	2366.19	2945.37	1870.96	2443	1760
1100800	2338	2297	1985	2366.19	2945.37	1871.02	2442	1760
1100960	2341	2289	1980	2366.19	2945.37	1871.08	2442	1760
1101120	2341	2289	1980	2366.19	2945.37	1871.14	2442	1760
1101280	2349	2288	1976	2366.19	2945.37	1871.20	2442	1761
1101440	2345	2292	1983	2366.19	2945.37	1871.26	2442	1760
1101600	2357	2291	1981	2366.19	2945.37	1871.32	2442	1760
1101761	2356	2283	1981	2366.19	2945.37	1871.38	2441	1761
1101921	2356	2287	1982	2366.19	2945.37	1871.44	2442	1760
1102081	2355	2287	1987	2366.19	2945.37	1871.51	2442	1761
1102241	2349	2284	1985	2366.19	2945.37	1871.57	2441	1761
1102401	2360	2278	1981	2366.19	2945.37	1871.63	2441	1760
1102561	2362	2288	1979	2366.19	2945.37	1871.69	2441	1761
1102721	2362	2283	1989	2366.19	2945.37	1871.76	2441	1761
1102880	2367	2278	1980	2366.19	2945.37	1871.82	2442	1760
1103040	2364	2282	1987	2366.19	2945.37	1871.88	2442	1760
1103200	2367	2287	1983	2366.19	2945.37	1871.94	2442	1760
1103360	2368	2280	1981	2366.19	2945.37	1872.01	2442	1760
1103520	2372	2286	1981	2366.19	2945.37	1872.07	2442	1760
1103680	2364	2286	1986	2366.19	2945.37	1872.13	2441	1760
1103840	2370	2287	1981	2366.19	2945.37	1872.20	2441	1760
1104000	2372	2280	1984	2366.19	2945.37	1872.26	2442	1760
1104160	2379	2281	1984	2366.19	2945.37	1872.32	2442	1760
1104320	2375	2293	1988	2366.19	2945.37	1872.38	2441	1759
1104480	2375	2283	1987	2366.19	2945.37	1872.45	2441	1760
1104640	2378	2291	1984	2366.19	2945.37	1872.51	2442	1760
1104800	2380	2288	1984	2366.19	2945.37	1872.57	2442	1760
1104960	2386	2284	1978	2366.19	2945.37	1872.63	2442	1760
1105120	2383	2285	1988	2366.19	2945.37	1872.69	2442	1760
1105281	2382	2286	1978	2366.19	2945.37	1872.75	2441	1760
1105441	2385	2286	1984	2366.19	2945.37	1872.81	2441	1760
1105601	2379	2282	1985	2366.19	2945.37	1872.87	2442	1760
1105761	2398	2288	1979	2366.19	2945.37	1872.93	2441	1760
1105921	2389	2284	1985	2366.19	2945.37	1872.99	2441	1761
1106080	2393	2282	1977	2366.19	2945.37	1873.05	2441	1760
1106240	2391	2283	1985	2366.19	2945.37	1873.11	2441	1760
1106400	2386	2283	1984	2366.19	2945.37	1873.16	2442	1760
1106560	2400	2289	1978	2366.19	2945.37	1873.22	2442	1760
1106720	2395	2289	1984	2366.19	2945.37	1873.28	2441	1760
1106880	2395	2293	1978	2366.19	2945.37	1873.33	2441	1760
1107040	2400	2291	1983	2366.19	2945.37	1873.39	2442	1760
1107200	2403	2292	1988	2366.19	2945.37	1873.44	2442	1760
1107360	2408	2298	1981	2366.19	2945.37	1873.49	2441	1760
1107520	2412	2292	1978	2366.19	2945.37	1873.55	2442	1760
1107680	2411	2293	1980	2366.19	2945.37	1873.60	2441	1759
1107840	2404	2293	1984	2366.19	2945.37	1873.65	2442	1760
1108000	2408	2295	1986	2366.19	2945.37	1873.70	2442	1760
1108160	2406	2298	1979	2366.19	2945.37	1873.75	2441	1760
1108320	2417	2297	1982	2366.19	2945.37	1873.79	2442	1760
1108480	2413	2301	1982	2366.19	2945.37	1873.84	2442	1760
1108640	2412	2295	1983	2366.19	2945.37	1873.89	2442	1760
1108801	2412	2290	1977	2366.19	2945.37	1873.93	2442	1760
1108961	2410	2304	1986	2366.19	2945.37	1873.98	2441	1761
1109121	2417	2302	1975	2366.19	2945.37	1874.02	2442	1760
1109281	2412	2302	1985	2366.19	2945.37	1874.06	2441	1760
1109441	2418	2304	1983	2366.19	2945.37	1874.10	2442	1760
1109601	2419	2304	1982	2366.19	2945.37	1874.14	2441	1760
1109761	2429	2305	1979	2366.19	2945.37	1874.18	2441	1760
1109920	2423	2306	1981	2366.19	2945.37	1874.22	2441	1760
1110080	2422	2300	1988	2366.19	2945.37	1874.25	2442	1760
1110240	2423	2302	1981	2366.19	2945.37	1874.29	2443	1760
1110400	2432	2313	1983	2366.19	2945.37	1874.32	2442	1760
1110560	2425	2314	1982	2366.19	2945.37	1874.36	2442	1760
1110720	2430	2309	1982	2366.19	2945.37	1874.39	2442	1760
1110880	2434	2317	1985	2366.19	2945.37	1874.42	2442	1760
1111040	2433	2312	1980	2366.19	2945.37	1874.45	2441	1760
1111200	2429	2313	1978	2366.19	2945.37	1874.47	2442	1760
1111360	2428	2318	1985	2366.19	2945.37	1874.50	2442	1760
1111520	2439	2319	1981	2366.19	2945.37	1874.52	2442	1760
1111680	2432	2324	1982	2366.19	2945.37	1874.55	2442	1760
1111840	2435	2322	1984	2366.19	2945.37	1874.57	2442	1760
1112000	2438	2325	1988	2366.19	2945.37	1874.59	2441	1761
1112160	2441	2325	1977	2366.19	2945.37	1874.61	2442	1760
1112321	2434	2326	1982	2366.19	2945.37	1874.63	2442	1760
1112481	2441	2332	1982	2366.19	2945.37	1874.65	2441	1760
1112641	2433	2330	1979	2366.19	2945.37	1874.66	2441	1761
1112801	2439	2331	1986	2366.19	2945.37	1874.68	2441	1760
1112961	2435	2323	1980	2366.19	2945.37	1874.69	2441	1761
1113121	2441	2329	1986	2366.19	2945.37	1874.70	2441	1760
1113281	2443	2336	1978	2366.19	2945.37	1874.71	2441	1760
1113440	2439	2332	1981	2366.19	2945.37	1874.72	2442	1760
1113600	2438	2332	1983	2366.19	2945.37	1874.72	2442	1760
1113760	2447	2338	1977	2366.19	2945.37	1874.73	2441	1760
1113920	2443	2340	1988	2366.19	2945.37	1874.73	2442	1760
1114080	2442	2336	1985	2366.19	2945.37	1874.74	2441	1760
1114240	2436	2338	1983	2366.19	2945.37	1874.74	2443	1760
1114400	2439	2344	1981	2366.19	2945.37	1874.74	2441	1760
1114560	2441	2344	1974	2366.19	2945.37	1874.73	2442	1760
1114720	2442	2350	1976	2366.19	2945.37	1874.73	2442	1760
1114880	2440	2346	1988	2366.19	2945.37	1874.73	2441	1759
1115040	2440	2349	1977	2366.19	2945.37	1874.72	2441	1760
1115200	2442	2357	1980	2366.19	2945.37	1874.71	2441	1760
1115360	2440	2356	1981	2366.19	2945.37	1874.70	2442	1760
1115520	2438	2353	1983	2366.19	2945.37	1874.69	2441	1759
1115680	2439	2355	1985	2366.19	2945.37	1874.68	2441	1760
1115841	2441	2356	1984	2366.19	2945.37	1874.67	2441	1760
1116001	2433	2354	1983	2366.19	2945.37	1874.65	2441	1760
1116161	2440	2359	1979	2366.19	2945.37	1874.64	2441	1760
1116321	2437	2360	1984	2366.19	2945.37	1874.62	2441	1761
1116481	2443	2363	1978	2366.19	2945.37	1874.60	2441	1761
1116641	2436	2372	1982	2366.19	2945.37	1874.58	2441	1761
1116801	2439	2365	1982	2366.19	2945.37	1874.56	2441	1761
1116960	2443	2364	1986	2366.19	2945.37	1874.54	2442	1760
1117120	2440	2370	1978	2366.19	2945.37	1874.51	2442	1760
1117280	2438	2370	1989	2366.19	2945.37	1874.49	2442	1760
1117440	2443	2366	1978	2366.19	2945.37	1874.46	2441	1760
1117600	2434	2373	1981	2366.19	2945.37	1874.43	2441	1760
1117760	2439	2370	1985	2366.19	2945.37	1874.40	2442	1759
1117920	2438	2372	1979	2366.19	2945.37	1874.37	2442	1760
1118080	2438	2383	1980	2366.19	2945.37	1874.34	2442	1760
1118240	2438	2377	1984	2366.19	2945.37	1874.30	2442	1761
1118400	2429	2381	1979	2366.19	2945.37	1874.27	2442	1760
1118560	2433	2380	1980	2366.19	2945.37	1874.23	2442	1760
1118720	2438	2384	1982	2366.19	2945.37	1874.20	2441	1760
1118880	2430	2378	1978	2366.19	2945.37	1874.16	2442	1760
1119040	2432	2383	1985	2366.19	2945.37	1874.12	2441	1760
1119200	2426	2389	1983	2366.19	2945.37	1874.08	2442	1761
1119361	2422	2389	1982	2366.19	2945.37	1874.04	2442	1760
1119521	2428	2391	1987	2366.19	2945.37	1874.00	2442	1761
1119681	2427	2379	1984	2366.19	2945.37	1873.95	2441	1761
1119841	2424	2385	1982	2366.19	2945.37	1873.91	2442	1760
1120001	2425	2388	1980	2366.19	2945.37	1873.86	2442	1760
1120161	2424	2389	1984	2366.19	2945.37	1873.82	2441	1759
1120321	2428	2399	1983	2366.19	2945.37	1873.77	2441	1760
1120480	2427	2390	1979	2366.19	2945.37	1873.72	2441	1760
1120640	2420	2398	1980	2366.19	2945.37	1873.67	2443	1760
1120800	2424	2393	1978	2366.19	2945.37	1873.62	2442	1760
1120960	2426	2401	1984	2366.19	2945.37	1873.57	2442	1760
1121120	2417	2403	1986	2366.19	2945.37	1873.52	2442	1760
1121280	2418	2402	1980	2366.19	2945.37	1873.46	2442	1760
1121440	2421	2398	1984	2366.19	2945.37	1873.41	2442	1760
1121600	2419	2402	1985	2366.19	2945.37	1873.36	2441	1760
1121760	2419	2399	1983	2366.19	2945.37	1873.30	2442	1760
1121920	2413	2405	1984	2366.19	2945.37	1873.25	2442	1760
1122080	2415	2410	1985	2366.19	2945.37	1873.19	2442	1761
1122240	2412	2403	1985	2366.19	2945.37	1873.13	2442	1760
1122400	2406	2403	1983	2366.19	2945.37	1873.07	2441	1760
1122560	2410	2400	1984	2366.19	2945.37	1873.02	2442	1760
1122720	2407	2407	1982	2366.19	2945.37	1872.96	2441	1759
1122881	2401	2406	1980	2366.19	2945.37	1872.90	2441	1761
1123041	2401	2408	1980	2366.19	2945.37	1872.84	2441	1761
1123201	2402	2405	1980	2366.19	2945.37	1872.78	2441	1761
1123361	2405	2411	1983	2366.19	2945.37	1872.72	2441	1761
1123521	2399	2410	1983	2366.19	2945.37	1872.66	2442	1761
1123681	2395	2409	1981	2366.19	2945.37	1872.60	2442	1761
1123841	2401	2405	1981	2366.19	2945.37	1872.53	2441	1761
1124001	2383	2412	1976	2366.19	2945.37	1872.47	2441	1761
1124162	2382	2415	1978	2366.19	2945.37	1872.41	2440	1755
1124320	2400	2412	1982	2366.19	2945.37	1872.35	2442	1759
1124480	2393	2415	1983	2366.19	2945.37	1872.29	2442	1760
1124640	2389	2412	1978	2366.19	2945.37	1872.22	2442	1760
1124800	2387	2412	1983	2366.19	2945.37	1872.16	2442	1761
1124960	2383	2414	1985	2366.19	2945.37	1872.10	2442	1760
1125120	2377	2413	1982	2366.19	2945.37	1872.03	2442	1761
1125280	2383	2415	1985	2366.19	2945.37	1871.97	2442	1760
1125440	2378	2412	1983	2366.19	2945.37	1871.91	2443	1760
1125600	2371	2413	1982	2366.19	2945.37	1871.85	2442	1760
1125760	2376	2417	1979	2366.19	2945.37	1871.78	2441	1760
1125920	2377	2416	1989	2366.19	2945.37	1871.72	2442	1761
1126080	2380	2414	1989	2366.19	2945.37	1871.66	2442	1760
1126240	2375	2415	1982	2366.19	2945.37	1871.59	2442	1760
1126401	2373	2408	1978	2366.19	2945.37	1871.53	2441	1760
1126561	2370	2414	1982	2366.19	2945.37	1871.47	2441	1760
1126721	2370	2411	1985	2366.19	2945.37	1871.41	2442	1761
1126881	2370	2406	1980	2366.19	2945.37	1871.35	2441	1760
1127041	2363	2415	1982	2366.19	2945.37	1871.29	2441	1760
1127201	2366	2412	1977	2366.19	2945.37	1871.23	2441	1760
1127361	2372	2408	1976	2366.19	2945.37	1871.17	2442	1760
1127520	2356	2412	1986	2366.19	2945.37	1871.11	2442	1760
1127680	2360	2416	1983	2366.19	2945.37	1871.05	2442	1759
1127840	2370	2409	1985	2366.19	2945.37	1870.99	2442	1760
1128000	2365	2414	1983	2366.19	2945.37	1870.93	2442	1760
1128160	2362	2409	1982	2366.19	2945.37	1870.87	2441	1760
1128320	2355	2411	1983	2366.19	2945.37	1870.82	2442	1760
1128480	2356	2416	1982	2366.19	2945.37	1870.76	2441	1760
1128640	2355	2412	1976	2366.19	2945.37	1870.70	2442	1760
1128800	2351	2403	1979	2366.19	2945.37	1870.65	2442	1761
1128960	2354	2409	1980	2366.19	2945.37	1870.59	2442	1760
1129120	2350	2409	1985	2366.19	2945.37	1870.54	2441	1760
1129280	2349	2398	1978	2366.19	2945.37	1870.49	2441	1760
1129440	2346	2401	1981	2366.19	2945.37	1870.43	2442	1760
1129600	2343	2399	1992	2366.19	2945.37	1870.38	2441	1760
1129760	2343	2400	1982	2366.19	2945.37	1870.33	2442	1760
1129921	2340	2396	1975	2366.19	2945.37	1870.28	2441	1760
1130081	2334	2403	1983	2366.19	2945.37	1870.23	2441	1760
1130241	2342	2405	1988	2366.19	2945.37	1870.19	2441	1760
1130401	2338	2398	1979	2366.19	2945.37	1870.14	2442	1761
1130561	2335	2402	1984	2366.19	2945.37	1870.09	2441	1760
1130721	2333	2404	1976	2366.19	2945.37	1870.05	2442	1760
1130881	2336	2401	1976	2366.19	2945.37	1870.01	2442	1760
1131040	2335	2391	1982	2366.19	2945.37	1869.96	2442	1760
1131200	2330	2403	1981	2366.19	2945.37	1869.92	2442	1760
1131360	2335	2394	1988	2366.19	2945.37	1869.88	2442	1760
1131520	2329	2398	1981	2366.19	2945.37	1869.84	2442	1760
1131680	2337	2396	1983	2366.19	2945.37	1869.80	2442	1760
1131840	2323	2399	1982	2366.19	2945.37	1869.77	2442	1760
1132000	2325	2394	1982	2366.19	2945.37	1869.73	2442	1760
1132160	2329	2394	1987	2366.19	2945.37	1869.69	2442	1760
1132320	2330	2388	1980	2366.19	2945.37	1869.66	2442	1760
1132480	2327	2387	1982	2366.19	2945.37	1869.63	2442	1760
1132640	2325	2387	1986	2366.19	2945.37	1869.60	2442	1759
1132800	2324	2389	1982	2366.19	2945.37	1869.57	2441	1760
1132960	2318	2384	1982	2366.19	2945.37	1869.54	2442	1760
1133120	2317	2383	1981	2366.19	2945.37	1869.51	2442	1760
1133280	2321	2383	1982	2366.19	2945.37	1869.49	2441	1759
1133441	2321	2383	1980	2366.19	2945.37	1869.46	2441	1760
1133601	2311	2373	1980	2366.19	2945.37	1869.44	2441	1761
1133761	2311	2376	1982	2366.19	2945.37	1869.42	2441	1761
1133921	2310	2375	1978	2366.19	2945.37	1869.39	2442	1761
1134081	2318	2377	1982	2366.19	2945.37	1869.38	2442	1761
1134241	2311	2374	1979	2366.19	2945.37	1869.36	2441	1760
1134401	2308	2369	1979	2366.19	2945.37	1869.34	2441	1760
1134560	2318	2369	1982	2366.19	2945.37	1869.33	2442	1760
1134720	2316	2380	1982	2366.19	2945.37	1869.31	2442	1760
1134880	2310	2368	1985	2366.19	2945.37	1869.30	2442	1760
1135040	2315	2366	1978	2366.19	2945.37	1869.29	2441	1760
1135200	2307	2365	1984	2366.19	2945.37	1869.28	2441	1760
1135360	2314	2364	1977	2366.19	2945.37	1869.27	2442	1760
1135520	2313	2359	1980	2366.19	2945.37	1869.27	2442	1760
1135680	2308	2364	1987	2366.19	2945.37	1869.26	2442	1760
1135840	2314	2370	1981	2366.19	2945.37	1869.26	2442	1760
1136000	2307	2354	1987	2366.19	2945.37	1869.25	2442	1761
1136160	2306	2358	1982	2366.19	2945.37	1869.25	2442	1760
1136320	2302	2351	1981	2366.19	2945.37	1869.25	2441	1760
1136480	2311	2352	1986	2366.19	2945.37	1869.26	2442	1760
1136640	2312	2352	1984	2366.19	2945.37	1869.26	2442	1761
1136800	2312	2354	1982	2366.19	2945.37	1869.27	2441	1760
1136961	2303	2345	1979	2366.19	2945.37	1869.27	2441	1761
1137121	2311	2346	1981	2366.19	2945.37	1869.28	2441	1760
1137281	2307	2352	1979	2366.19	2945.37	1869.29	2442	1760
1137441	2303	2344	1984	2366.19	2945.37	1869.30	2441	1760
1137601	2307	2347	1985	2366.19	2945.37	1869.31	2441	1760
1137761	2303	2343	1987	2366.19	2945.37	1869.33	2441	1760
1137921	2308	2338	1976	2366.19	2945.37	1869.34	2441	1761
1138080	2313	2337	1981	2366.19	2945.37	1869.36	2442	1761
1138240	2311	2338	1981	2366.19	2945.37	1869.37	2443	1760
1138400	2311	2339	1981	2366.19	2945.37	1869.39	2442	1759
1138560	2309	2331	1982	2366.19	2945.37	1869.41	2441	1760
1138720	2310	2331	1979	2366.19	2945.37	1869.44	2442	1760
1138880	2312	2338	1979	2366.19	2945.37	1869.46	2441	1760
1139040	2318	2334	1985	2366.19	2945.37	1869.48	2442	1760
1139200	2313	2334	1987	2366.19	2945.37	1869.51	2442	1760
1139360	2316	2322	1985	2366.19	2945.37	1869.54	2441	1760
1139520	2313	2328	1978	2366.19	2945.37	1869.57	2442	1761
1139680	2312	2317	1979	2366.19	2945.37	1869.60	2441	1760
1139840	2313	2324	1984	2366.19	2945.37	1869.63	2442	1760
1140000	2311	2327	1988	2366.19	2945.37	1869.66	2442	1760
1140160	2318	2324	1982	2366.19	2945.37	1869.69	2441	1760
1140320	2320	2321	1982	2366.19	2945.37	1869.73	2442	1760
1140481	2313	2316	1988	2366.19	2945.37	1869.76	2441	1760
1140641	2303	2319	1982	2366.19	2945.37	1869.80	2442	1760
1140801	2315	2320	1978	2366.19	2945.37	1869.84	2441	1761
1140961	2321	2311	1983	2366.19	2945.37	1869.88	2441	1760
1141121	2324	2305	1984	2366.19	2945.37	1869.92	2441	1761
1141281	2322	2310	1986	2366.19	2945.37	1869.96	2442	1760
1141441	2322	2310	1983	2366.19	2945.37	1870.00	2441	1760
1141600	2321	2308	1981	2366.19	2945.37	1870.05	2442	1760
1141760	2325	2307	1984	2366.19	2945.37	1870.09	2442	1761
1141920	2323	2309	1979	2366.19	2945.37	1870.14	2442	1760
1142080	2331	2302	1980	2366.19	2945.37	1870.18	2442	1760
1142240	2319	2308	1987	2366.19	2945.37	1870.23	2441	1760
1142400	2331	2316	1976	2366.19	2945.37	1870.28	2442	1760
1142560	2322	2307	1983	2366.19	2945.37	1870.33	2442	1760
1142720	2330	2305	1980	2366.19	2945.37	1870.38	2441	1760
1142880	2330	2306	1985	2366.19	2945.37	1870.43	2442	1760
1143040	2332	2300	1980	2366.19	2945.37	1870.48	2442	1760
1143200	2337	2306	1984	2366.19	2945.37	1870.54	2442	1760
1143360	2333	2302	1984	2366.19	2945.37	1870.59	2442	1759
1143520	2333	2299	1981	2366.19	2945.37	1870.65	2442	1760
1143680	2343	2302	1976	2366.19	2945.37	1870.70	2442	1760
1143840	2340	2293	1985	2366.19	2945.37	1870.76	2441	1760
1144001	2336	2292	1985	2366.19	2945.37	1870.81	2441	1760
1144161	2336	2290	1986	2366.19	2945.37	1870.87	2441	1761
1144321	2337	2287	1983	2366.19	2945.37	1870.93	2441	1760
1144481	2338	2287	1976	2366.19	2945.37	1870.99	2441	1760
1144641	2340	2290	1984	2366.19	2945.37	1871.04	2441	1760
1144801	2341	2290	1986	2366.19	2945.37	1871.10	2441	1760
1144961	2340	2290	1984	2366.19	2945.37	1871.16	2441	1761
1145120	2355	2293	1989	2366.19	2945.37	1871.22	2442	1760
1145280	2352	2291	1985	2366.19	2945.37	1871.28	2442	1760
1145440	2347	2287	1984	2366.19	2945.37	1871.35	2442	1760
1145600	2352	2290	1982	2366.19	2945.37	1871.41	2442	1760
1145760	2351	2283	1982	2366.19	2945.37	1871.47	2442	1760
1145920	2359	2283	1982	2366.19	2945.37	1871.53	2442	1760
1146080	2364	2289	1982	2366.19	2945.37	1871.59	2441	1760
1146240	2363	2291	1987	2366.19	2945.37	1871.65	2441	1760
1146400	2358	2289	1988	2366.19	2945.37	1871.72	2442	1759
1146560	2365	2284	1983	2366.19	2945.37	1871.78	2442	1760
1146720	2359	2285	1984	2366.19	2945.37	1871.84	2442	1760
1146880	2369	2292	1986	2366.19	2945.37	1871.91	2442	1760
1147040	2365	2287	1988	2366.19	2945.37	1871.97	2441	1760
1147200	2362	2289	1985	2366.19	2945.37	1872.03	2442	1760
1147360	2373	2285	1984	2366.19	2945.37	1872.09	2441	1760
1147522	2376	2288	1979	2366.19	2945.37	1872.16	2441	1760
1147682	2366	2292	1981	2366.19	2945.37	1872.22	2442	1760
1147840	2371	2288	1979	2366.19	2945.37	1872.28	2441	1760
1148000	2377	2283	1984	2366.19	2945.37	1872.35	2442	1760
1148160	2374	2287	1981	2366.19	2945.37	1872.41	2441	1761
1148322	2372	2285	1985	2366.19	2945.37	1872.47	2441	1760
1148480	2379	2282	1984	2366.19	2945.37	1872.53	2441	1760
1148640	2381	2280	1983	2366.19	2945.37	1872.59	2441	1760
1148800	2383	2286	1983	2366.19	2945.37	1872.65	2442	1760
1148960	2380	2292	1991	2366.19	2945.37	1872.72	2442	1760
1149120	2385	2289	1984	2366.19	2945.37	1872.78	2443	1761
1149280	2385	2289	1976	2366.19	2945.37	1872.84	2442	1761
1149440	2389	2282	1977	2366.19	2945.37	1872.90	2442	1760
1149600	2388	2282	1983	2366.19	2945.37	1872.95	2441	1760
1149760	2391	2284	1986	2366.19	2945.37	1873.01	2442	1760
1149920	2395	2290	1983	2366.19	2945.37	1873.07	2442	1760
1150080	2397	2292	1983	2366.19	2945.37	1873.13	2442	1760
1150240	2397	2291	1975	2366.19	2945.37	1873.19	2442	1761
1150400	2398	2290	1978	2366.19	2945.37	1873.24	2441	1760
1150560	2395	2292	1981	2366.19	2945.37	1873.30	2442	1760
1150720	2402	2292	1980	2366.19	2945.37	1873.35	2442	1760
1150880	2399	2298	1984	2366.19	2945.37	1873.41	2441	1760
1151041	2402	2293	1979	2366.19	2945.37	1873.46	2442	1761
1151201	2410	2291	1982	2366.19	2945.37	1873.51	2442	1760
1151361	2403	2291	1979	2366.19	2945.37	1873.57	2441	1761
1151521	2411	2291	1982	2366.19	2945.37	1873.62	2441	1761
1151681	2412	2286	1984	2366.19	2945.37	1873.67	2441	1760
1151841	2411	2293	1981	2366.19	2945.37	1873.72	2442	1761
1152001	2409	2293	1983	2366.19	2945.37	1873.77	2442	1760
1152160	2413	2302	1979	2366.19	2945.37	1873.81	2442	1760
1152320	2413	2306	1982	2366.19	2945.37	1873.86	2442	1760
1152480	2418	2294	1987	2366.19	2945.37	1873.91	2442	1760
1152640	2422	2298	1983	2366.19	2945.37	1873.95	2442	1760
1152800	2416	2308	1979	2366.19	2945.37	1873.99	2442	1760
1152960	2421	2303	1978	2366.19	2945.37	1874.04	2441	1760
1153120	2417	2301	1985	2366.19	2945.37	1874.08	2441	1760
1153280	2420	2301	1980	2366.19	2945.37	1874.12	2441	1760
1153440	2423	2301	1981	2366.19	2945.37	1874.16	2442	1760
1153600	2425	2311	1983	2366.19	2945.37	1874.20	2442	1760
1153760	2420	2301	1979	2366.19	2945.37	1874.23	2441	1759
1153920	2429	2304	1981	2366.19	2945.37	1874.27	2442	1759
1154080	2431	2308	1981	2366.19	2945.37	1874.30	2442	1760
1154240	2418	2305	1980	2366.19	2945.37	1874.34	2442	1760
1154400	2426	2312	1982	2366.19	2945.37	1874.37	2442	1760
1154561	2426	2315	1984	2366.19	2945.37	1874.40	2441	1760
1154721	2432	2312	1979	2366.19	2945.37	1874.43	2442	1761
1154881	2430	2316	1977	2366.19	2945.37	1874.46	2441	1760
1155041	2432	2312	1982	2366.19	2945.37	1874.48	2442	1761
1155201	2437	2317	1979	2366.19	2945.37	1874.51	2441	1760
1155361	2435	2315	1978	2366.19	2945.37	1874.53	2442	1760
1155521	2432	2320	1983	2366.19	2945.37	1874.56	2441	1760
1155680	2431	2323	1979	2366.19	2945.37	1874.58	2441	1760
1155840	2437	2324	1988	2366.19	2945.37	1874.60	2441	1759
1156000	2435	2328	1982	2366.19	2945.37	1874.62	2442	1760
1156160	2438	2322	1977	2366.19	2945.37	1874.64	2442	1760
1156320	2434	2328	1984	2366.19	2945.37	1874.65	2442	1760
1156480	2438	2327	1983	2366.19	2945.37	1874.67	2442	1760
1156640	2438	2325	1978	2366.19	2945.37	1874.68	2441	1760
1156800	2436	2335	1984	2366.19	2945.37	1874.69	2441	1760
1156960	2438	2330	1981	2366.19	2945.37	1874.70	2442	1760
1157120	2438	2333	1981	2366.19	2945.37	1874.71	2442	1760
1157280	2439	2334	1986	2366.19	2945.37	1874.72	2441	1760
1157440	2435	2332	1984	2366.19	2945.37	1874.73	2442	1760
1157600	2435	2336	1979	2366.19	2945.37	1874.73	2442	1760
1157760	2446	2343	1977	2366.19	2945.37	1874.73	2441	1760
1157920	2437	2343	1979	2366.19	2945.37	1874.74	2442	1760
1158081	2439	2345	1982	2366.19	2945.37	1874.74	2441	1760
1158241	2435	2349	1984	2366.19	2945.37	1874.74	2441	1760
1158401	2440	2339	1980	2366.19	2945.37	1874.73	2441	1761
1158561	2444	2350	1975	2366.19	2945.37	1874.73	2441	1760
1158721	2445	2352	1984	2366.19	2945.37	1874.72	2441	1760
1158881	2439	2349	1981	2366.19	2945.37	1874.72	2441	1761
1159041	2442	2346	1981	2366.19	2945.37	1874.71	2441	1760
1159200	2444	2347	1979	2366.19	2945.37	1874.70	2442	1760
1159360	2442	2354	1974	2366.19	2945.37	1874.69	2442	1760
1159520	2435	2355	1985	2366.19	2945.37	1874.68	2442	1760
1159680	2441	2353	1984	2366.19	2945.37	1874.66	2442	1759
1159840	2441	2357	1981	2366.19	2945.37	1874.65	2441	1760
1160000	2437	2362	1989	2366.19	2945.37	1874.63	2442	1760
1160160	2442	2359	1987	2366.19	2945.37	1874.61	2442	1760
1160320	2441	2363	1982	2366.19	2945.37	1874.59	2442	1760
1160480	2440	2368	1980	2366.19	2945.37	1874.57	2441	1760
1160640	2440	2369	1981	2366.19	2945.37	1874.55	2442	1761
1160800	2444	2363	1982	2366.19	2945.37	1874.53	2442	1760
1160960	2438	2363	1984	2366.19	2945.37	1874.50	2442	1760
1161120	2445	2363	1980	2366.19	2945.37	1874.47	2442	1760
1161280	2438	2375	1984	2366.19	2945.37	1874.45	2442	1760
1161440	2442	2373	1981	2366.19	2945.37	1874.42	2442	1760
1161601	2431	2374	1982	2366.19	2945.37	1874.39	2441	1760
1161761	2433	2371	1981	2366.19	2945.37	1874.36	2442	1760
1161921	2434	2375	1982	2366.19	2945.37	1874.32	2441	1760
1162081	2436	2374	1985	2366.19	2945.37	1874.29	2442	1760
1162241	2437	2376	1976	2366.19	2945.37	1874.26	2441	1760
1162401	2440	2377	1984	2366.19	2945.37	1874.22	2441	1761
1162561	2431	2379	1980	2366.19	2945.37	1874.18	2441	1760
1162720	2441	2385	1984	2366.19	2945.37	1874.14	2442	1760
1162880	2429	2386	1984	2366.19	2945.37	1874.10	2442	1759
1163040	2423	2381	1979	2366.19	2945.37	1874.06	2441	1760
1163200	2424	2391	1982	2366.19	2945.37	1874.02	2442	1759
1163360	2432	2385	1983	2366.19	2945.37	1873.98	2441	1760
1163520	2426	2388	1980	2366.19	2945.37	1873.93	2442	1760
1163680	2424	2392	1980	2366.19	2945.37	1873.89	2442	1760
1163840	2428	2388	1983	2366.19	2945.37	1873.84	2442	1760
1164000	2423	2393	1983	2366.19	2945.37	1873.80	2442	1760
1164160	2427	2398	1981	2366.19	2945.37	1873.75	2441	1760
1164320	2428	2393	1979	2366.19	2945.37	1873.70	2442	1760
1164480	2423	2395	1981	2366.19	2945.37	1873.65	2442	1759
1164640	2417	2400	1987	2366.19	2945.37	1873.60	2442	1760
1164800	2418	2399	1978	2366.19	2945.37	1873.55	2442	1761
1164960	2423	2399	1983	2366.19	2945.37	1873.50	2442	1760
1165121	2417	2402	1984	2366.19	2945.37	1873.44	2441	1760
1165281	2417	2395	1984	2366.19	2945.37	1873.39	2441	1760
1165441	2414	2404	1982	2366.19	2945.37	1873.33	2441	1760
1165601	2405	2407	1981	2366.19	2945.37	1873.28	2441	1761
1165761	2410	2399	1977	2366.19	2945.37	1873.22	2441	1760
1165921	2412	2402	1981	2366.19	2945.37	1873.17	2442	1760
1166081	2404	2398	1990	2366.19	2945.37	1873.11	2441	1761
1166240	2410	2405	1981	2366.19	2945.37	1873.05	2442	1760
1166400	2412	2401	1980	2366.19	2945.37	1872.99	2442	1759
1166560	2405	2409	1979	2366.19	2945.37	1872.93	2442	1760
1166720	2408	2404	1978	2366.19	2945.37	1872.87	2442	1760
1166880	2406	2404	1984	2366.19	2945.37	1872.81	2443	1760
1167040	2405	2416	1982	2366.19	2945.37	1872.75	2441	1760
1167200	2404	2412	1979	2366.19	2945.37	1872.69	2442	1760
1167360	2408	2412	1985	2366.19	2945.37	1872.63	2442	1760
1167520	2398	2409	1981	2366.19	2945.37	1872.57	2442	1760
1167680	2400	2407	1988	2366.19	2945.37	1872.51	2442	1760
1167840	2390	2411	1980	2366.19	2945.37	1872.45	2441	1760
1168000	2394	2412	1983	2366.19	2945.37	1872.39	2442	1761
1168160	2392	2411	1979	2366.19	2945.37	1872.32	2443	1760
1168320	2390	2417	1981	2366.19	2945.37	1872.26	2442	1760
1168480	2388	2412	1985	2366.19	2945.37	1872.20	2441	1760
1168641	2389	2411	1981	2366.19	2945.37	1872.14	2441	1760
1168801	2380	2411	1976	2366.19	2945.37	1872.07	2441	1760
1168961	2387	2412	1976	2366.19	2945.37	1872.01	2442	1760
1169121	2383	2411	1984	2366.19	2945.37	1871.95	2442	1760
1169281	2387	2410	1982	2366.19	2945.37	1871.88	2442	1760
1169441	2379	2408	1987	2366.19	2945.37	1871.82	2441	1761
1169601	2377	2415	1979	2366.19	2945.37	1871.76	2442	1760
1169760	2374	2418	1981	2366.19	2945.37	1871.70	2442	1759
1169920	2378	2410	1978	2366.19	2945.37	1871.63	2442	1760
1170080	2377	2417	1986	2366.19	2945.37	1871.57	2441	1760
1170240	2367	2417	1983	2366.19	2945.37	1871.51	2442	1760
1170400	2375	2416	1976	2366.19	2945.37	1871.45	2442	1760
1170560	2369	2411	1978	2366.19	2945.37	1871.39	2442	1760
1170720	2370	2416	1985	2366.19	2945.37	1871.32	2442	1760
1170880	2367	2412	1982	2366.19	2945.37	1871.26	2442	1760
1171040	2363	2409	1982	2366.19	2945.37	1871.20	2442	1759
1171200	2361	2411	1985	2366.19	2945.37	1871.14	2442	1759
1171360	2355	2415	1985	2366.19	2945.37	1871.08	2442	1760
1171520	2364	2406	1987	2366.19	2945.37	1871.02	2442	1760
1171680	2361	2410	1985	2366.19	2945.37	1870.97	2442	1760
1171840	2364	2416	1986	2366.19	2945.37	1870.91	2441	1760
1172000	2355	2412	1983	2366.19	2945.37	1870.85	2442	1760
1172160	2354	2412	1984	2366.19	2945.37	1870.79	2441	1759
1172320	2343	2407	1982	2366.19	2945.37	1870.74	2442	1761
1172480	2361	2407	1982	2366.19	2945.37	1870.68	2441	1761
1172640	2355	2408	1990	2366.19	2945.37	1870.63	2441	1760
1172800	2344	2406	1984	2366.19	2945.37	1870.57	2442	1760
1172960	2345	2404	1979	2366.19	2945.37	1870.52	2441	1760
1173120	2350	2407	1987	2366.19	2945.37	1870.47	2441	1760
1173280	2340	2407	1975	2366.19	2945.37	1870.41	2442	1760
1173440	2341	2406	1988	2366.19	2945.37	1870.36	2442	1760
1173600	2343	2405	1986	2366.19	2945.37	1870.31	2442	1760
1173760	2334	2406	1987	2366.19	2945.37	1870.26	2442	1760
1173920	2344	2406	1986	2366.19	2945.37	1870.22	2441	1760
1174080	2331	2407	1983	2366.19	2945.37	1870.17	2441	1760
1174240	2334	2401	1975	2366.19	2945.37	1870.12	2442	1760
1174400	2335	2403	1986	2366.19	2945.37	1870.08	2442	1760
1174560	2341	2405	1980	2366.19	2945.37	1870.03	2442	1760
1174720	2334	2395	1980	2366.19	2945.37	1869.99	2442	1760
1174880	2332	2405	1976	2366.19	2945.37	1869.95	2441	1759
1175040	2325	2401	1980	2366.19	2945.37	1869.90	2441	1759
1175200	2326	2391	1987	2366.19	2945.37	1869.86	2442	1760
1175360	2330	2398	1984	2366.19	2945.37	1869.83	2442	1760
1175520	2325	2388	1984	2366.19	2945.37	1869.79	2442	1760
1175681	2325	2396	1981	2366.19	2945.37	1869.75	2442	1760
1175841	2327	2392	1982	2366.19	2945.37	1869.72	2442	1760
1176001	2328	2386	1980	2366.19	2945.37	1869.68	2441	1760
1176161	2325	2385	1983	2366.19	2945.37	1869.65	2442	1760
1176321	2321	2385	1975	2366.19	2945.37	1869.62	2442	1760
1176481	2319	2385	1982	2366.19	2945.37	1869.59	2442	1760
1176641	2319	2383	1979	2366.19	2945.37	1869.56	2441	1760
1176800	2310	2383	1983	2366.19	2945.37	1869.53	2442	1760
1176960	2317	2380	1983	2366.19	2945.37	1869.50	2442	1760
1177120	2320	2378	1985	2366.19	2945.37	1869.48	2442	1760
1177280	2318	2376	1976	2366.19	2945.37	1869.45	2442	1760
1177440	2313	2376	1988	2366.19	2945.37	1869.43	2442	1760
1177600	2321	2380	1981	2366.19	2945.37	1869.41	2442	1760
1177760	2313	2374	1981	2366.19	2945.37	1869.39	2442	1761
1177920	2317	2377	1977	2366.19	2945.37	1869.37	2441	1760
1178080	2309	2376	1984	2366.19	2945.37	1869.35	2441	1760
1178240	2319	2370	1980	2366.19	2945.37	1869.34	2441	1760
1178400	2310	2374	1983	2366.19	2945.37	1869.32	2442	1760
1178560	2317	2368	1984	2366.19	2945.37	1869.31	2442	1761
1178720	2308	2360	1984	2366.19	2945.37	1869.30	2441	1760
1178880	2309	2367	1988	2366.19	2945.37	1869.29	2442	1759
1179040	2312	2364	1983	2366.19	2945.37	1869.28	2442	1760
1179201	2311	2358	1987	2366.19	2945.37	1869.27	2441	1761
1179361	2304	2361	1986	2366.19	2945.37	1869.26	2441	1760
1179521	2302	2356	1985	2366.19	2945.37	1869.26	2441	1761
1179681	2308	2353	1983	2366.19	2945.37	1869.26	2441	1761
1179841	2302	2358	1982	2366.19	2945.37	1869.25	2441	1761
1180001	2304	2355	1979	2366.19	2945.37	1869.25	2441	1760
1180161	2317	2357	1986	2366.19	2945.37	1869.26	2441	1760
1180320	2306	2355	1982	2366.19	2945.37	1869.26	2441	1760
1180480	2314	2350	1980	2366.19	2945.37	1869.26	2442	1761
1180640	2314	2349	1979	2366.19	2945.37	1869.27	2441	1760
1180800	2308	2353	1976	2366.19	2945.37	1869.27	2442	1760
1180960	2310	2348	1978	2366.19	2945.37	1869.28	2442	1760
1181120	2310	2349	1984	2366.19	2945.37	1869.29	2442	1759
1181280	2306	2349	1982	2366.19	2945.37	1869.30	2442	1760
1181440	2311	2344	1985	2366.19	2945.37	1869.32	2441	1760
1181600	2312	2341	1980	2366.19	2945.37	1869.33	2441	1760
1181760	2310	2337	1985	2366.19	2945.37	1869.35	2441	1760
1181920	2311	2344	1981	2366.19	2945.37	1869.36	2442	1760
1182080	2313	2341	1982	2366.19	2945.37	1869.38	2442	1759
1182240	2312	2340	1984	2366.19	2945.37	1869.40	2442	1760
1182400	2307	2330	1989	2366.19	2945.37	1869.42	2441	1760
1182560	2311	2331	1983	2366.19	2945.37	1869.45	2442	1760
1182721	2314	2327	1982	2366.19	2945.37	1869.47	2441	1760
1182881	2316	2331	1979	2366.19	2945.37	1869.49	2441	1761
1183041	2311	2326	1977	2366.19	2945.37	1869.52	2442	1761
1183201	2303	2325	1989	2366.19	2945.37	1869.55	2442	1760
1183361	2315	2325	1986	2366.19	2945.37	1869.58	2441	1760
1183521	2311	2321	1984	2366.19	2945.37	1869.61	2441	1760
1183681	2316	2320	1976	2366.19	2945.37	1869.64	2441	1760
1183840	2318	2325	1987	2366.19	2945.37	1869.67	2441	1759
1184000	2317	2322	1982	2366.19	2945.37	1869.71	2442	1761
1184160	2321	2311	1986	2366.19	2945.37	1869.74	2441	1760
1184320	2321	2320	1990	2366.19	2945.37	1869.78	2441	1760
1184480	2316	2313	1984	2366.19	2945.37	1869.82	2442	1760
1184640	2322	2314	1983	2366.19	2945.37	1869.85	2442	1760
1184800	2316	2315	1982	2366.19	2945.37	1869.89	2442	1760
1184960	2320	2311	1980	2366.19	2945.37	1869.94	2442	1760
1185120	2320	2317	1979	2366.19	2945.37	1869.98	2441	1760
1185280	2327	2311	1981	2366.19	2945.37	1870.02	2443	1761
1185440	2318	2307	1978	2366.19	2945.37	1870.06	2442	1760
1185600	2326	2309	1982	2366.19	2945.37	1870.11	2441	1760
1185760	2333	2304	1981	2366.19	2945.37	1870.16	2441	1760
1185920	2324	2309	1988	2366.19	2945.37	1870.20	2442	1760
1186080	2328	2301	1988	2366.19	2945.37	1870.25	2442	1760
1186241	2330	2300	1980	2366.19	2945.37	1870.30	2441	1760
1186401	2334	2299	1979	2366.19	2945.37	1870.35	2441	1761
1186561	2330	2296	1981	2366.19	2945.37	1870.40	2441	1760
1186721	2329	2296	1987	2366.19	2945.37	1870.45	2441	1760
1186881	2338	2299	1982	2366.19	2945.37	1870.50	2441	1761
1187041	2335	2301	1981	2366.19	2945.37	1870.56	2442	1760
1187201	2327	2301	1985	2366.19	2945.37	1870.61	2441	1760
1187360	2334	2303	1975	2366.19	2945.37	1870.67	2441	1760
1187520	2350	2295	1989	2366.19	2945.37	1870.72	2441	1760
1187680	2333	2292	1984	2366.19	2945.37	1870.78	2442	1760
1187840	2339	2290	1983	2366.19	2945.37	1870.84	2442	1760
1188000	2337	2295	1975	2366.19	2945.37	1870.89	2441	1760
1188160	2338	2294	1979	2366.19	2945.37	1870.95	2441	1759
1188320	2343	2295	1980	2366.19	2945.37	1871.01	2442	1760
1188480	2346	2287	1982	2366.19	2945.37	1871.07	2442	1760
1188640	2343	2289	1982	2366.19	2945.37	1871.13	2441	1760
1188800	2356	2285	1990	2366.19	2945.37	1871.19	2441	1761
1188960	2344	2296	1984	2366.19	2945.37	1871.25	2442	1760
1189120	2346	2289	1980	2366.19	2945.37	1871.31	2442	1760
1189280	2355	2286	1981	2366.19	2945.37	1871.37	2442	1760
1189440	2354	2286	1986	2366.19	2945.37	1871.43	2442	1760
1189600	2360	2287	1981	2366.19	2945.37	1871.49	2441	1760
1189761	2349	2288	1977	2366.19	2945.37	1871.55	2441	1760
1189921	2357	2288	1979	2366.19	2945.37	1871.62	2441	1760
1190081	2362	2283	1981	2366.19	2945.37	1871.68	2441	1761
1190241	2360	2287	1982	2366.19	2945.37	1871.74	2441	1760
1190401	2360	2284	1976	2366.19	2945.37	1871.80	2441	1760
1190561	2361	2287	1984	2366.19	2945.37	1871.87	2440	1760
1190721	2367	2281	1982	2366.19	2945.37	1871.93	2441	1760
1190880	2369	2288	1979	2366.19	2945.37	1871.99	2442	1761
1191040	2367	2289	1984	2366.19	2945.37	1872.06	2442	1760
1191200	2374	2289	1989	2366.19	2945.37	1872.12	2442	1760
1191360	2368	2285	1979	2366.19	2945.37	1872.18	2442	1760
1191520	2376	2286	1985	2366.19	2945.37	1872.24	2441	1760
1191680	2376	2287	1983	2366.19	2945.37	1872.31	2442	1760
1191840	2375	2289	1987	2366.19	2945.37	1872.37	2442	1760
1192000	2382	2286	1980	2366.19	2945.37	1872.43	2442	1760
1192160	2378	2283	1977	2366.19	2945.37	1872.49	2442	1760
1192320	2380	2288	1981	2366.19	2945.37	1872.56	2442	1760
1192480	2380	2289	1985	2366.19	2945.37	1872.62	2441	1760
1192640	2382	2284	1985	2366.19	2945.37	1872.68	2442	1760
1192800	2384	2286	1978	2366.19	2945.37	1872.74	2442	1760
1192960	2388	2283	1982	2366.19	2945.37	1872.80	2442	1760
1193120	2387	2283	1987	2366.19	2945.37	1872.86	2441	1760
1193281	2388	2286	1987	2366.19	2945.37	1872.92	2441	1760
1193441	2387	2282	1983	2366.19	2945.37	1872.98	2441	1760
1193601	2390	2287	1981	2366.19	2945.37	1873.04	2441	1760
1193761	2393	2283	1981	2366.19	2945.37	1873.09	2441	1761
1193921	2395	2288	1981	2366.19	2945.37	1873.15	2442	1760
1194081	2392	2289	1979	2366.19	2945.37	1873.21	2441	1761
1194241	2399	2286	1980	2366.19	2945.37	1873.26	2442	1760
1194400	2403	2284	1978	2366.19	2945.37	1873.32	2441	1761
1194560	2402	2289	1987	2366.19	2945.37	1873.37	2442	1760
1194720	2404	2290	1987	2366.19	2945.37	1873.43	2442	1760
1194880	2401	2287	1981	2366.19	2945.37	1873.48	2442	1760
1195040	2404	2294	1985	2366.19	2945.37	1873.53	2441	1760
1195200	2410	2289	1984	2366.19	2945.37	1873.59	2442	1760
1195360	2410	2291	1983	2366.19	2945.37	1873.64	2441	1760
1195520	2410	2297	1983	2366.19	2945.37	1873.69	2442	1760
1195680	2410	2296	1984	2366.19	2945.37	1873.74	2441	1760
1195840	2414	2294	1982	2366.19	2945.37	1873.78	2441	1761
1196000	2418	2294	1988	2366.19	2945.37	1873.83	2442	1760
1196160	2414	2295	1984	2366.19	2945.37	1873.88	2442	1760
1196320	2420	2299	1979	2366.19	2945.37	1873.92	2442	1760
1196480	2413	2294	1978	2366.19	2945.37	1873.97	2442	1760
1196640	2418	2297	1981	2366.19	2945.37	1874.01	2441	1760
1196800	2421	2304	1977	2366.19	2945.37	1874.05	2441	1760
1196960	2416	2295	1977	2366.19	2945.37	1874.09	2441	1760
1197120	2413	2301	1980	2366.19	2945.37	1874.13	2442	1761
1197280	2418	2307	1979	2366.19	2945.37	1874.17	2442	1761
1197440	2419	2309	1982	2366.19	2945.37	1874.21	2441	1760
1197600	2423	2305	1978	2366.19	2945.37	1874.25	2441	1760
1197762	2423	2313	1973	2366.19	2945.37	1874.28	2442	1760
1197920	2422	2302	1978	2366.19	2945.37	1874.32	2442	1760
1198080	2436	2313	1983	2366.19	2945.37	1874.35	2442	1760
1198240	2425	2309	1986	2366.19	2945.37	1874.38	2442	1760
1198400	2424	2316	1982	2366.19	2945.37	1874.41	2442	1760
1198560	2431	2314	1985	2366.19	2945.37	1874.44	2442	1760
1198720	2434	2313	1981	2366.19	2945.37	1874.47	2442	1760
1198880	2425	2315	1981	2366.19	2945.37	1874.49	2442	1760
1199040	2436	2322	1982	2366.19	2945.37	1874.52	2442	1760
1199200	2434	2315	1978	2366.19	2945.37	1874.54	2442	1760
1199360	2434	2310	1979	2366.19	2945.37	1874.57	2442	1760
1199520	2434	2323	1982	2366.19	2945.37	1874.59	2442	1760
1199680	2433	2321	1984	2366.19	2945.37	1874.61	2442	1760
1199840	2435	2315	1976	2366.19	2945.37	1874.63	2442	1760
1200000	2432	2330	1985	2366.19	2945.37	1874.64	2442	1760
1200160	2439	2328	1985	2366.19	2945.37	1874.66	2442	1760
1200321	2437	2324	1979	2366.19	2945.37	1874.67	2441	1760
1200481	2437	2331	1983	2366.19	2945.37	1874.69	2441	1760
1200641	2438	2331	1986	2366.19	2945.37	1874.70	2441	1760
1200801	2431	2332	1990	2366.19	2945.37	1874.71	2441	1761
1200961	2435	2334	1982	2366.19	2945.37	1874.71	2441	1761
1201121	2438	2336	1980	2366.19	2945.37	1874.72	2441	1760
1201281	2436	2336	1981	2366.19	2945.37	1874.73	2441	1760
1201441	2432	2337	1980	2366.19	2945.37	1874.73	2441	1761
1201600	2446	2339	1981	2366.19	2945.37	1874.73	2442	1760
1201760	2440	2343	1983	2366.19	2945.37	1874.74	2441	1760
1201920	2444	2342	1983	2366.19	2945.37	1874.74	2442	1760
1202080	2448	2345	1978	2366.19	2945.37	1874.73	2441	1760
1202240	2442	2345	1985	2366.19	2945.37	1874.73	2443	1760
1202400	2443	2355	1981	2366.19	2945.37	1874.73	2442	1760
1202560	2443	2353	1985	2366.19	2945.37	1874.72	2442	1760
1202720	2441	2354	1988	2366.19	2945.37	1874.71	2442	1759
1202880	2439	2357	1984	2366.19	2945.37	1874.71	2442	1760
1203040	2446	2354	1975	2366.19	2945.37	1874.69	2442	1760
1203200	2444	2350	1978	2366.19	2945.37	1874.68	2442	1760
1203360	2443	2360	1986	2366.19	2945.37	1874.67	2441	1760
1203520	2448	2361	1986	2366.19	2945.37	1874.66	2441	1760
1203680	2444	2363	1986	2366.19	2945.37	1874.64	2442	1759
1203841	2437	2361	1984	2366.19	2945.37	1874.62	2441	1760
1204001	2443	2361	1985	2366.19	2945.37	1874.60	2441	1760
1204161	2441	2366	1983	2366.19	2945.37	1874.58	2441	1760
1204321	2438	2362	1979	2366.19	2945.37	1874.56	2441	1760
1204481	2439	2370	1982	2366.19	2945.37	1874.54	2441	1760
1204641	2444	2372	1980	2366.19	2945.37	1874.52	2441	1760
1204801	2438	2373	1983	2366.19	2945.37	1874.49	2441	1761
1204960	2440	2371	1988	2366.19	2945.37	1874.46	2442	1761
1205120	2434	2377	1980	2366.19	2945.37	1874.44	2441	1759
1205280	2441	2371	1980	2366.19	2945.37	1874.41	2442	1759
1205440	2438	2377	1982	2366.19	2945.37	1874.38	2442	1760
1205600	2428	2376	1978	2366.19	2945.37	1874.34	2442	1760
1205760	2435	2378	1985	2366.19	2945.37	1874.31	2441	1760
1205920	2435	2381	1984	2366.19	2945.37	1874.28	2442	1760
1206080	2436	2385	1977	2366.19	2945.37	1874.24	2442	1760
1206240	2431	2387	1990	2366.19	2945.37	1874.21	2442	1760
1206400	2428	2379	1985	2366.19	2945.37	1874.17	2442	1760
1206560	2425	2380	1982	2366.19	2945.37	1874.13	2442	1760
1206720	2430	2380	1987	2366.19	2945.37	1874.09	2441	1760
1206880	2425	2383	1986	2366.19	2945.37	1874.05	2442	1760
1207040	2425	2379	1981	2366.19	2945.37	1874.00	2442	1760
1207200	2421	2394	1986	2366.19	2945.37	1873.96	2442	1760
1207361	2427	2384	1978	2366.19	2945.37	1873.92	2442	1760
1207521	2429	2387	1984	2366.19	2945.37	1873.87	2441	1760
1207681	2423	2390	1979	2366.19	2945.37	1873.83	2442	1760
1207841	2422	2391	1980	2366.19	2945.37	1873.78	2441	1760
1208001	2427	2389	1978	2366.19	2945.37	1873.73	2441	1761
1208161	2424	2397	1980	2366.19	2945.37	1873.68	2441	1760
1208321	2417	2400	1982	2366.19	2945.37	1873.63	2441	1760
1208480	2425	2395	1981	2366.19	2945.37	1873.58	2442	1760
1208640	2418	2401	1979	2366.19	2945.37	1873.53	2442	1760
1208800	2419	2399	1981	2366.19	2945.37	1873.47	2442	1760
1208960	2420	2403	1991	2366.19	2945.37	1873.42	2442	1760
1209120	2418	2404	1982	2366.19	2945.37	1873.37	2442	1760
1209280	2422	2404	1980	2366.19	2945.37	1873.31	2442	1760
1209440	2414	2407	1984	2366.19	2945.37	1873.26	2442	1760
1209600	2412	2407	1982	2366.19	2945.37	1873.20	2441	1761
1209760	2413	2399	1986	2366.19	2945.37	1873.14	2442	1760
1209920	2411	2401	1982	2366.19	2945.37	1873.09	2442	1760
1210080	2402	2403	1987	2366.19	2945.37	1873.03	2442	1760
1210240	2415	2403	1979	2366.19	2945.37	1872.97	2443	1760
1210400	2408	2400	1983	2366.19	2945.37	1872.91	2442	1760
1210560	2405	2409	1986	2366.19	2945.37	1872.85	2442	1760
1210720	2402	2411	1986	2366.19	2945.37	1872.79	2442	1761
1210881	2399	2406	1984	2366.19	2945.37	1872.73	2441	1761
1211041	2393	2407	1976	2366.19	2945.37	1872.67	2442	1760
1211201	2397	2407	1986	2366.19	2945.37	1872.61	2441	1761
1211361	2396	2411	1982	2366.19	2945.37	1872.55	2441	1760
1211521	2400	2410	1979	2366.19	2945.37	1872.49	2441	1760
1211681	2391	2417	1981	2366.19	2945.37	1872.42	2442	1760
1211841	2387	2410	1974	2366.19	2945.37	1872.36	2441	1760
1212000	2390	2415	1983	2366.19	2945.37	1872.30	2442	1759
1212160	2389	2408	1986	2366.19	2945.37	1872.24	2441	1760
1212320	2388	2413	1984	2366.19	2945.37	1872.17	2442	1760
1212480	2393	2416	1985	2366.19	2945.37	1872.11	2441	1760
1212640	2387	2409	1986	2366.19	2945.37	1872.05	2442	1760
1212800	2381	2413	1978	2366.19	2945.37	1871.98	2441	1761
1212960	2384	2410	1984	2366.19	2945.37	1871.92	2441	1760
1213120	2385	2409	1988	2366.19	2945.37	1871.86	2441	1760
1213280	2378	2413	1981	2366.19	2945.37	1871.80	2441	1760
1213440	2380	2410	1981	2366.19	2945.37	1871.73	2442	1760
1213600	2379	2409	1983	2366.19	2945.37	1871.67	2442	1760
1213760	2379	2414	1979	2366.19	2945.37	1871.61	2442	1760
1213920	2379	2415	1983	2366.19	2945.37	1871.55	2441	1760
1214080	2377	2412	1987	2366.19	2945.37	1871.48	2441	1760
1214240	2373	2406	1984	2366.19	2945.37	1871.42	2442	1760
1214401	2368	2417	1979	2366.19	2945.37	1871.36	2441	1761
1214561	2366	2416	1976	2366.19	2945.37	1871.30	2441	1760
1214721	2360	2409	1982	2366.19	2945.37	1871.24	2441	1761
1214881	2367	2413	1985	2366.19	2945.37	1871.18	2441	1760
1215041	2357	2412	1982	2366.19	2945.37	1871.12	2441	1760
1215201	2354	2404	1983	2366.19	2945.37	1871.06	2441	1760
1215361	2361	2403	1985	2366.19	2945.37	1871.00	2441	1760
1215520	2362	2408	1979	2366.19	2945.37	1870.94	2442	1760
1215680	2354	2404	1986	2366.19	2945.37	1870.88	2441	1760
1215840	2354	2410	1984	2366.19	2945.37	1870.83	2442	1760
1216000	2355	2412	1984	2366.19	2945.37	1870.77	2442	1760
1216160	2356	2409	1989	2366.19	2945.37	1870.71	2442	1760
1216320	2345	2404	1985	2366.19	2945.37	1870.66	2442	1759
1216480	2353	2411	1982	2366.19	2945.37	1870.60	2442	1760
1216640	2349	2407	1984	2366.19	2945.37	1870.55	2442	1760
1216800	2350	2407	1985	2366.19	2945.37	1870.50	2441	1760
1216960	2351	2403	1983	2366.19	2945.37	1870.45	2442	1761
1217120	2339	2410	1986	2366.19	2945.37	1870.39	2442	1760
1217280	2335	2408	1986	2366.19	2945.37	1870.34	2442	1760
1217440	2340	2402	1983	2366.19	2945.37	1870.29	2442	1760
1217600	2346	2406	1978	2366.19	2945.37	1870.24	2442	1760
1217760	2340	2394	1982	2366.19	2945.37	1870.20	2442	1761
1217921	2333	2401	1982	2366.19	2945.37	1870.15	2441	1761
1218081	2337	2398	1989	2366.19	2945.37	1870.10	2441	1761
1218241	2333	2401	1981	2366.19	2945.37	1870.06	2441	1760
1218401	2338	2396	1984	2366.19	2945.37	1870.01	2441	1760
1218561	2330	2400	1979	2366.19	2945.37	1869.97	2442	1761
1218721	2329	2394	1977	2366.19	2945.37	1869.93	2441	1760
1218881	2336	2396	1986	2366.19	2945.37	1869.89	2442	1761
1219040	2332	2395	1987	2366.19	2945.37	1869.85	2442	1760
1219200	2328	2399	1987	2366.19	2945.37	1869.81	2442	1760
1219360	2327	2391	1983	2366.19	2945.37	1869.77	2442	1760
1219520	2325	2392	1986	2366.19	2945.37	1869.74	2442	1760
1219680	2323	2392	1987	2366.19	2945.37	1869.70	2442	1760
1219840	2320	2391	1984	2366.19	2945.37	1869.67	2442	1759
1220000	2316	2395	1987	2366.19	2945.37	1869.64	2442	1760
1220160	2322	2387	1988	2366.19	2945.37	1869.60	2441	1759
1220320	2323	2386	1980	2366.19	2945.37	1869.57	2443	1760
1220480	2322	2381	1981	2366.19	2945.37	1869.54	2442	1760
1220640	2314	2386	1988	2366.19	2945.37	1869.52	2442	1760
1220800	2320	2386	1979	2366.19	2945.37	1869.49	2443	1760
1220960	2317	2379	1980	2366.19	2945.37	1869.47	2442	1760
1221120	2319	2377	1986	2366.19	2945.37	1869.44	2442	1760
1221280	2317	2380	1981	2366.19	2945.37	1869.42	2441	1760
1221440	2312	2373	1989	2366.19	2945.37	1869.40	2441	1759
1221600	2317	2363	1980	2366.19	2945.37	1869.38	2442	1760
1221760	2315	2366	1978	2366.19	2945.37	1869.36	2441	1761
1221920	2315	2372	1983	2366.19	2945.37	1869.34	2442	1760
1222080	2316	2364	1986	2366.19	2945.37	1869.33	2441	1761
1222240	2307	2365	1979	2366.19	2945.37	1869.32	2442	1760
1222400	2314	2371	1979	2366.19	2945.37	1869.30	2441	1760
1222560	2307	2366	1981	2366.19	2945.37	1869.29	2442	1760
1222720	2309	2365	1986	2366.19	2945.37	1869.28	2443	1760
1222880	2313	2370	1976	2366.19	2945.37	1869.27	2442	1760
1223040	2310	2367	1981	2366.19	2945.37	1869.27	2442	1760
1223200	2310	2363	1980	2366.19	2945.37	1869.26	2442	1760
1223360	2315	2361	1984	2366.19	2945.37	1869.26	2442	1760
1223520	2309	2358	1983	2366.19	2945.37	1869.26	2442	1760
1223680	2303	2358	1979	2366.19	2945.37	1869.25	2441	1760
1223840	2313	2363	1993	2366.19	2945.37	1869.25	2442	1760
1224000	2317	2362	1983	2366.19	2945.37	1869.26	2441	1760
1224160	2303	2355	1982	2366.19	2945.37	1869.26	2442	1760
1224320	2314	2355	1985	2366.19	2945.37	1869.26	2442	1760
1224480	2314	2346	1982	2366.19	2945.37	1869.27	2442	1760
1224640	2307	2354	1980	2366.19	2945.37	1869.28	2442	1759
1224800	2320	2352	1980	2366.19	2945.37	1869.29	2442	1760
1224961	2309	2346	1986	2366.19	2945.37	1869.30	2441	1761
1225121	2313	2347	1987	2366.19	2945.37	1869.31	2441	1760
1225281	2307	2348	1980	2366.19	2945.37	1869.32	2442	1760
1225441	2314	2336	1975	2366.19	2945.37	1869.34	2442	1761
1225601	2312	2341	1981	2366.19	2945.37	1869.35	2441	1760
1225761	2310	2335	1984	2366.19	2945.37	1869.37	2441	1760
1225921	2315	2339	1985	2366.19	2945.37	1869.39	2441	1761
1226080	2311	2332	1987	2366.19	2945.37	1869.41	2442	1760
1226240	2308	2335	1986	2366.19	2945.37	1869.43	2442	1760
1226400	2315	2338	1981	2366.19	2945.37	1869.45	2442	1759
1226560	2304	2335	1982	2366.19	2945.37	1869.48	2441	1760
1226720	2307	2328	1987	2366.19	2945.37	1869.50	2442	1760
1226880	2323	2331	1985	2366.19	2945.37	1869.53	2441	1760
1227040	2314	2329	1982	2366.19	2945.37	1869.56	2442	1760
1227200	2316	2325	1987	2366.19	2945.37	1869.59	2442	1760
1227360	2318	2325	1981	2366.19	2945.37	1869.62	2442	1759
1227520	2310	2322	1985	2366.19	2945.37	1869.65	2442	1760
1227680	2317	2318	1979	2366.19	2945.37	1869.69	2442	1760
1227840	2316	2317	1980	2366.19	2945.37	1869.72	2442	1759
1228000	2318	2320	1982	2366.19	2945.37	1869.76	2442	1760
1228160	2318	2323	1981	2366.19	2945.37	1869.79	2442	1760
1228320	2321	2318	1986	2366.19	2945.37	1869.83	2442	1760
1228481	2317	2315	1986	2366.19	2945.37	1869.87	2441	1760
1228641	2314	2315	1978	2366.19	2945.37	1869.91	2442	1761
1228801	2318	2309	1979	2366.19	2945.37	1869.95	2441	1761
1228961	2318	2306	1984	2366.19	2945.37	1869.99	2442	1760
1229121	2322	2307	1984	2366.19	2945.37	1870.04	2441	1761
1229281	2325	2304	1984	2366.19	2945.37	1870.08	2441	1761
1229441	2325	2306	1977	2366.19	2945.37	1870.13	2441	1760
1229600	2328	2307	1982	2366.19	2945.37	1870.17	2442	1760
1229760	2330	2305	1992	2366.19	2945.37	1870.22	2442	1761
1229920	2327	2297	1981	2366.19	2945.37	1870.27	2441	1759
1230080	2333	2304	1985	2366.19	2945.37	1870.32	2442	1760
1230240	2335	2300	1983	2366.19	2945.37	1870.37	2442	1760
1230400	2328	2304	1983	2366.19	2945.37	1870.42	2442	1760
1230560	2327	2299	1982	2366.19	2945.37	1870.47	2442	1760
1230720	2330	2299	1985	2366.19	2945.37	1870.53	2442	1760
1230880	2339	2300	1981	2366.19	2945.37	1870.58	2442	1760
1231040	2341	2299	1985	2366.19	2945.37	1870.63	2442	1760
1231200	2334	2293	1985	2366.19	2945.37	1870.69	2442	1759
1231360	2341	2293	1985	2366.19	2945.37	1870.74	2442	1760
1231520	2339	2291	1978	2366.19	2945.37	1870.80	2441	1760
1231680	2345	2293	1985	2366.19	2945.37	1870.86	2442	1760
1231840	2347	2295	1991	2366.19	2945.37	1870.92	2442	1760
1232001	2346	2295	1982	2366.19	2945.37	1870.97	2441	1761
1232161	2347	2291	1982	2366.19	2945.37	1871.03	2441	1761
1232321	2346	2294	1979	2366.19	2945.37	1871.09	2441	1761
1232481	2349	2294	1976	2366.19	2945.37	1871.15	2442	1761
1232641	2349	2283	1978	2366.19	2945.37	1871.21	2441	1760
1232801	2354	2285	1983	2366.19	2945.37	1871.27	2441	1761
1232961	2353	2287	1983	2366.19	2945.37	1871.33	2441	1760
1233120	2359	2292	1982	2366.19	2945.37	1871.39	2442	1760
1233280	2355	2292	1984	2366.19	2945.37	1871.46	2442	1760
1233440	2353	2287	1985	2366.19	2945.37	1871.52	2442	1760
1233600	2357	2285	1980	2366.19	2945.37	1871.58	2442	1760
1233760	2364	2287	1972	2366.19	2945.37	1871.64	2442	1759
1233920	2361	2289	1985	2366.19	2945.37	1871.70	2442	1760
1234080	2366	2286	1982	2366.19	2945.37	1871.77	2442	1760
1234240	2363	2290	1982	2366.19	2945.37	1871.83	2442	1760
1234400	2364	2287	1985	2366.19	2945.37	1871.89	2441	1760
1234560	2365	2290	1981	2366.19	2945.37	1871.96	2442	1759
1234720	2368	2281	1981	2366.19	2945.37	1872.02	2442	1760
1234880	2367	2286	1985	2366.19	2945.37	1872.08	2442	1760
1235040	2370	2289	1989	2366.19	2945.37	1872.14	2442	1760
1235200	2373	2284	1984	2366.19	2945.37	1872.21	2442	1760
1235360	2368	2278	1989	2366.19	2945.37	1872.27	2442	1761
1235521	2368	2289	1978	2366.19	2945.37	1872.33	2441	1760
1235681	2372	2282	1983	2366.19	2945.37	1872.39	2442	1761
1235841	2381	2291	1982	2366.19	2945.37	1872.46	2442	1760
1236001	2382	2281	1977	2366.19	2945.37	1872.52	2442	1761
1236161	2380	2280	1985	2366.19	2945.37	1872.58	2441	1760
1236321	2383	2282	1977	2366.19	2945.37	1872.64	2441	1760
1236481	2381	2287	1979	2366.19	2945.37	1872.70	2441	1760
1236640	2386	2293	1983	2366.19	2945.37	1872.76	2442	1760
1236800	2388	2280	1987	2366.19	2945.37	1872.82	2442	1760
1236960	2392	2283	1983	2366.19	2945.37	1872.88	2442	1760
1237120	2395	2286	1978	2366.19	2945.37	1872.94	2442	1760
1237280	2388	2284	1984	2366.19	2945.37	1873.00	2442	1760
1237440	2387	2288	1977	2366.19	2945.37	1873.06	2441	1760
1237600	2397	2288	1983	2366.19	2945.37	1873.12	2442	1760
1237760	2398	2288	1990	2366.19	2945.37	1873.17	2441	1760
1237920	2393	2294	1988	2366.19	2945.37	1873.23	2442	1761
1238080	2401	2292	1984	2366.19	2945.37	1873.29	2442	1760
1238240	2397	2290	1981	2366.19	2945.37	1873.34	2442	1760
1238400	2399	2288	1984	2366.19	2945.37	1873.40	2442	1760
1238560	2407	2292	1982	2366.19	2945.37	1873.45	2442	1760
1238720	2411	2298	1982	2366.19	2945.37	1873.50	2441	1760
1238880	2409	2296	1987	2366.19	2945.37	1873.56	2442	1760
1239041	2411	2289	1979	2366.19	2945.37	1873.61	2442	1760
1239201	2413	2286	1982	2366.19	2945.37	1873.66	2441	1760
1239361	2406	2294	1980	2366.19	2945.37	1873.71	2442	1761
1239521	2411	2291	1981	2366.19	2945.37	1873.76	2441	1761
1239681	2412	2293	1977	2366.19	2945.37	1873.80	2441	1761
1239841	2417	2294	1980	2366.19	2945.37	1873.85	2442	1761
1240001	2415	2295	1979	2366.19	2945.37	1873.90	2441	1760
1240160	2419	2300	1983	2366.19	2945.37	1873.94	2442	1759
1240320	2415	2296	1984	2366.19	2945.37	1873.98	2442	1760
1240480	2423	2301	1980	2366.19	2945.37	1874.03	2442	1760
1240640	2422	2306	1985	2366.19	2945.37	1874.07	2442	1760
1240800	2420	2303	1979	2366.19	2945.37	1874.11	2442	1760
1240960	2424	2303	1985	2366.19	2945.37	1874.15	2442	1760
1241120	2426	2311	1986	2366.19	2945.37	1874.19	2442	1760
1241280	2427	2307	1983	2366.19	2945.37	1874.22	2442	1760
1241440	2425	2305	1983	2366.19	2945.37	1874.26	2441	1760
1241600	2423	2308	1985	2366.19	2945.37	1874.30	2442	1759
1241760	2435	2310	1979	2366.19	2945.37	1874.33	2441	1760
1241920	2433	2309	1983	2366.19	2945.37	1874.36	2441	1760
1242080	2431	2312	1980	2366.19	2945.37	1874.39	2441	1759
1242240	2431	2304	1982	2366.19	2945.37	1874.42	2442	1761
1242400	2428	2312	1982	2366.19	2945.37	1874.45	2442	1760
1242561	2428	2314	1979	2366.19	2945.37	1874.48	2441	1760
1242721	2429	2312	1983	2366.19	2945.37	1874.50	2441	1760
1242881	2437	2317	1986	2366.19	2945.37	1874.53	2441	1761
1243041	2433	2320	1981	2366.19	2945.37	1874.55	2441	1761
1243201	2436	2314	1984	2366.19	2945.37	1874.57	2441	1760
1243361	2432	2318	1980	2366.19	2945.37	1874.60	2441	1761
1243521	2434	2326	1979	2366.19	2945.37	1874.61	2441	1761
1243680	2442	2318	1984	2366.19	2945.37	1874.63	2442	1761
1243840	2438	2325	1974	2366.19	2945.37	1874.65	2442	1760
1244000	2434	2324	1985	2366.19	2945.37	1874.66	2442	1760
1244160	2446	2335	1990	2366.19	2945.37	1874.68	2442	1760
1244320	2441	2329	1986	2366.19	2945.37	1874.69	2443	1760
1244480	2439	2334	1980	2366.19	2945.37	1874.70	2442	1760
1244640	2435	2332	1981	2366.19	2945.37	1874.71	2441	1760
1244800	2438	2336	1988	2366.19	2945.37	1874.72	2442	1760
1244960	2441	2332	1982	2366.19	2945.37	1874.72	2441	1760
1245120	2442	2348	1977	2366.19	2945.37	1874.73	2442	1760
1245280	2442	2338	1985	2366.19	2945.37	1874.73	2442	1760
1245440	2435	2344	1985	2366.19	2945.37	1874.74	2442	1760
1245600	2440	2337	1987	2366.19	2945.37	1874.74	2442	1760
1245760	2443	2345	1989	2366.19	2945.37	1874.74	2442	1760
1245920	2441	2351	1983	2366.19	2945.37	1874.73	2441	1760
1246081	2438	2342	1980	2366.19	2945.37	1874.73	2441	1761
1246242	2444	2346	1979	2366.19	2945.37	1874.72	2442	1760
1246402	2437	2349	1986	2366.19	2945.37	1874.72	2442	1761
1246561	2445	2353	1984	2366.19	2945.37	1874.71	2441	1760
1246722	2442	2353	1975	2366.19	2945.37	1874.70	2441	1761
1246882	2442	2352	1977	2366.19	2945.37	1874.69	2441	1761
1247042	2439	2364	1982	2366.19	2945.37	1874.68	2441	1760
1247200	2449	2360	1981	2366.19	2945.37	1874.66	2442	1760
1247360	2446	2358	1983	2366.19	2945.37	1874.65	2442	1760
1247520	2440	2362	1986	2366.19	2945.37	1874.63	2441	1760
1247680	2449	2363	1987	2366.19	2945.37	1874.62	2442	1760
1247840	2440	2366	1979	2366.19	2945.37	1874.60	2442	1760
1248000	2442	2365	1975	2366.19	2945.37	1874.58	2442	1760
1248160	2448	2369	1987	2366.19	2945.37	1874.55	2442	1760
1248320	2441	2370	1984	2366.19	2945.37	1874.53	2441	1760
1248480	2446	2376	1979	2366.19	2945.37	1874.51	2442	1760
1248640	2439	2369	1982	2366.19	2945.37	1874.48	2442	1760
1248800	2441	2374	1986	2366.19	2945.37	1874.45	2442	1760
1248960	2442	2373	1979	2366.19	2945.37	1874.42	2441	1760
1249120	2436	2369	1986	2366.19	2945.37	1874.39	2442	1760
1249280	2434	2377	1985	2366.19	2945.37	1874.36	2442	1760
1249440	2437	2377	1981	2366.19	2945.37	1874.33	2441	1760
1249601	2437	2381	1977	2366.19	2945.37	1874.30	2441	1760
1249761	2434	2373	1981	2366.19	2945.37	1874.26	2442	1760
1249921	2436	2371	1976	2366.19	2945.37	1874.23	2442	1761
1250081	2438	2381	1980	2366.19	2945.37	1874.19	2441	1760
1250241	2434	2384	1978	2366.19	2945.37	1874.15	2441	1760
1250401	2431	2386	1977	2366.19	2945.37	1874.11	2441	1761
1250561	2429	2390	1985	2366.19	2945.37	1874.07	2441	1761
1250720	2433	2392	1980	2366.19	2945.37	1874.03	2442	1760
1250880	2425	2386	1987	2366.19	2945.37	1873.99	2441	1760
1251040	2428	2391	1980	2366.19	2945.37	1873.94	2442	1760
1251200	2424	2388	1984	2366.19	2945.37	1873.90	2441	1759
1251360	2415	2393	1983	2366.19	2945.37	1873.85	2442	1759
1251520	2423	2397	1985	2366.19	2945.37	1873.81	2442	1760
1251680	2426	2388	1977	2366.19	2945.37	1873.76	2441	1760
1251840	2418	2398	1982	2366.19	2945.37	1873.71	2441	1760
1252000	2424	2393	1987	2366.19	2945.37	1873.66	2442	1760
1252160	2425	2393	1982	2366.19	2945.37	1873.61	2442	1760
1252320	2417	2398	1986	2366.19	2945.37	1873.56	2442	1760
1252480	2421	2401	1979	2366.19	2945.37	1873.51	2442	1760
1252640	2414	2401	1975	2366.19	2945.37	1873.45	2442	1759
1252800	2420	2400	1980	2366.19	2945.37	1873.40	2442	1760
1252960	2418	2407	1982	2366.19	2945.37	1873.35	2442	1760
1253121	2418	2402	1975	2366.19	2945.37	1873.29	2441	1760
1253281	2415	2408	1979	2366.19	2945.37	1873.24	2442	1761
1253441	2407	2404	1981	2366.19	2945.37	1873.18	2441	1761
1253601	2406	2401	1981	2366.19	2945.37	1873.12	2441	1761
1253761	2403	2401	1978	2366.19	2945.37	1873.06	2441	1760
1253921	2410	2402	1978	2366.19	2945.37	1873.01	2442	1760
1254081	2404	2408	1985	2366.19	2945.37	1872.95	2441	1760
1254240	2403	2410	1977	2366.19	2945.37	1872.89	2442	1759
1254400	2401	2406	1978	2366.19	2945.37	1872.83	2442	1760
1254560	2405	2411	1979	2366.19	2945.37	1872.77	2442	1760
1254720	2405	2408	1980	2366.19	2945.37	1872.71	2442	1760
1254880	2403	2409	1982	2366.19	2945.37	1872.65	2442	1760
1255040	2400	2405	1983	2366.19	2945.37	1872.58	2441	1760
1255200	2399	2415	1986	2366.19	2945.37	1872.52	2442	1760
1255360	2393	2401	1987	2366.19	2945.37	1872.46	2442	1760
1255520	2397	2408	1985	2366.19	2945.37	1872.40	2442	1760
1255680	2395	2412	1979	2366.19	2945.37	1872.34	2442	1761
1255840	2387	2412	1983	2366.19	2945.37	1872.27	2442	1760
1256000	2389	2411	1985	2366.19	2945.37	1872.21	2441	1760
1256160	2390	2409	1983	2366.19	2945.37	1872.15	2442	1760
1256320	2386	2411	1982	2366.19	2945.37	1872.09	2442	1760
1256480	2391	2416	1991	2366.19	2945.37	1872.02	2441	1760
1256641	2378	2411	1982	2366.19	2945.37	1871.96	2442	1760
1256801	2384	2407	1980	2366.19	2945.37	1871.90	2441	1760
1256961	2378	2414	1986	2366.19	2945.37	1871.83	2441	1761
1257121	2381	2413	1983	2366.19	2945.37	1871.77	2441	1760
1257281	2373	2416	1981	2366.19	2945.37	1871.71	2441	1760
1257441	2382	2416	1978	2366.19	2945.37	1871.65	2442	1761
1257601	2368	2410	1982	2366.19	2945.37	1871.58	2441	1761
1257760	2377	2408	1979	2366.19	2945.37	1871.52	2442	1760
1257920	2369	2415	1988	2366.19	2945.37	1871.46	2441	1760
1258080	2363	2419	1984	2366.19	2945.37	1871.40	2442	1760
1258240	2368	2407	1984	2366.19	2945.37	1871.34	2442	1761
1258400	2362	2417	1980	2366.19	2945.37	1871.28	2442	1760
1258560	2368	2417	1984	2366.19	2945.37	1871.22	2442	1760
1258720	2367	2412	1981	2366.19	2945.37	1871.16	2442	1760
1258880	2357	2411	1986	2366.19	2945.37	1871.10	2441	1760
1259040	2358	2413	1987	2366.19	2945.37	1871.04	2441	1760
1259200	2357	2414	1980	2366.19	2945.37	1870.98	2442	1760
1259360	2361	2410	1979	2366.19	2945.37	1870.92	2442	1760
1259520	2357	2412	1985	2366.19	2945.37	1870.86	2442	1761
1259680	2354	2409	1980	2366.19	2945.37	1870.80	2442	1760
1259840	2353	2406	1978	2366.19	2945.37	1870.75	2441	1760
1260000	2353	2408	1982	2366.19	2945.37	1870.69	2442	1760
1260161	2349	2405	1984	2366.19	2945.37	1870.64	2441	1761
1260321	2347	2406	1980	2366.19	2945.37	1870.58	2441	1761
1260481	2351	2407	1981	2366.19	2945.37	1870.53	2441	1760
1260641	2348	2403	1986	2366.19	2945.37	1870.48	2441	1760
1260801	2344	2407	1983	2366.19	2945.37	1870.43	2441	1760
1260961	2346	2400	1984	2366.19	2945.37	1870.37	2441	1760
1261121	2342	2405	1987	2366.19	2945.37	1870.32	2441	1760
1261280	2337	2403	1987	2366.19	2945.37	1870.27	2442	1759
1261440	2339	2411	1988	2366.19	2945.37	1870.23	2442	1760
1261600	2337	2400	1983	2366.19	2945.37	1870.18	2441	1759
1261760	2341	2405	1982	2366.19	2945.37	1870.13	2442	1760
1261920	2343	2405	1977	2366.19	2945.37	1870.09	2442	1760
1262080	2331	2401	1979	2366.19	2945.37	1870.04	2442	1760
1262240	2339	2394	1972	2366.19	2945.37	1870.00	2443	1761
1262400	2332	2399	1985	2366.19	2945.37	1869.95	2441	1760
1262560	2335	2397	1982	2366.19	2945.37	1869.91	2442	1760
1262720	2329	2395	1985	2366.19	2945.37	1869.87	2441	1760
1262880	2324	2394	1988	2366.19	2945.37	1869.83	2442	1760
1263040	2327	2390	1979	2366.19	2945.37	1869.80	2442	1760
1263200	2331	2395	1983	2366.19	2945.37	1869.76	2441	1760
1263360	2325	2392	1984	2366.19	2945.37	1869.72	2442	1761
1263520	2322	2389	1985	2366.19	2945.37	1869.69	2441	1760
1263681	2322	2386	1979	2366.19	2945.37	1869.65	2441	1761
1263841	2324	2390	1982	2366.19	2945.37	1869.62	2441	1761
1264001	2328	2380	1980	2366.19	2945.37	1869.59	2441	1760
1264161	2323	2387	1980	2366.19	2945.37	1869.56	2441	1760
1264321	2321	2380	1985	2366.19	2945.37	1869.53	2441	1761
1264481	2317	2385	1979	2366.19	2945.37	1869.51	2441	1760
1264641	2316	2382	1981	2366.19	2945.37	1869.48	2442	1760
1264800	2313	2375	1986	2366.19	2945.37	1869.46	2442	1761
1264960	2318	2381	1982	2366.19	2945.37	1869.43	2441	1760
1265120	2321	2389	1986	2366.19	2945.37	1869.41	2442	1760
1265280	2310	2376	1986	2366.19	2945.37	1869.39	2442	1761
1265440	2314	2371	1976	2366.19	2945.37	1869.37	2442	1761
1265600	2318	2377	1982	2366.19	2945.37	1869.35	2442	1760
1265760	2313	2371	1980	2366.19	2945.37	1869.34	2441	1760
1265920	2305	2375	1985	2366.19	2945.37	1869.32	2442	1760
1266080	2311	2369	1981	2366.19	2945.37	1869.31	2443	1760
1266240	2316	2365	1987	2366.19	2945.37	1869.30	2442	1760
1266400	2311	2365	1985	2366.19	2945.37	1869.29	2442	1760
1266560	2309	2369	1981	2366.19	2945.37	1869.28	2442	1760
1266720	2310	2364	1986	2366.19	2945.37	1869.27	2441	1760
1266880	2315	2361	1984	2366.19	2945.37	1869.26	2442	1761
1267040	2310	2368	1986	2366.19	2945.37	1869.26	2442	1760
1267201	2309	2359	1977	2366.19	2945.37	1869.26	2441	1761
1267361	2311	2359	1989	2366.19	2945.37	1869.25	2441	1760
1267521	2311	2361	1981	2366.19	2945.37	1869.25	2441	1760
1267681	2316	2355	1977	2366.19	2945.37	1869.26	2441	1761
1267841	2306	2353	1980	2366.19	2945.37	1869.26	2441	1759
1268001	2311	2349	1983	2366.19	2945.37	1869.26	2441	1760
1268161	2305	2352	1985	2366.19	2945.37	1869.27	2441	1760
1268320	2310	2350	1987	2366.19	2945.37	1869.27	2442	1760
1268480	2310	2353	1987	2366.19	2945.37	1869.28	2441	1760
1268640	2309	2342	1984	2366.19	2945.37	1869.29	2442	1760
1268800	2311	2341	1977	2366.19	2945.37	1869.30	2442	1760
1268960	2313	2346	1981	2366.19	2945.37	1869.31	2442	1760
1269120	2314	2339	1979	2366.19	2945.37	1869.33	2441	1760
1269280	2309	2344	1984	2366.19	2945.37	1869.34	2442	1760
1269440	2314	2336	1982	2366.19	2945.37	1869.36	2442	1759
1269600	2308	2334	1977	2366.19	2945.37	1869.38	2442	1760
1269760	2313	2340	1981	2366.19	2945.37	1869.40	2442	1760
1269920	2305	2334	1987	2366.19	2945.37	1869.42	2441	1760
1270080	2314	2331	1989	2366.19	2945.37	1869.44	2441	1760
1270240	2316	2334	1987	2366.19	2945.37	1869.46	2441	1760
1270400	2315	2339	1979	2366.19	2945.37	1869.49	2441	1760
1270560	2319	2330	1980	2366.19	2945.37	1869.52	2442	1760
1270721	2312	2327	1982	2366.19	2945.37	1869.54	2441	1760
1270881	2309	2324	1983	2366.19	2945.37	1869.57	2441	1761
1271041	2311	2315	1982	2366.19	2945.37	1869.60	2441	1761
1271201	2317	2321	1987	2366.19	2945.37	1869.63	2441	1761
1271361	2312	2322	1986	2366.19	2945.37	1869.67	2441	1760
1271521	2314	2316	1977	2366.19	2945.37	1869.70	2442	1761
1271681	2321	2320	1987	2366.19	2945.37	1869.73	2442	1760
1271840	2325	2315	1986	2366.19	2945.37	1869.77	2442	1760
1272000	2319	2320	1980	2366.19	2945.37	1869.81	2441	1760
1272160	2315	2318	1989	2366.19	2945.37	1869.85	2442	1760
1272320	2320	2312	1983	2366.19	2945.37	1869.89	2442	1761
1272480	2321	2316	1979	2366.19	2945.37	1869.93	2442	1760
1272640	2321	2312	1982	2366.19	2945.37	1869.97	2442	1760
1272800	2322	2311	1983	2366.19	2945.37	1870.01	2442	1760
1272960	2321	2313	1987	2366.19	2945.37	1870.05	2442	1760
1273120	2328	2310	1986	2366.19	2945.37	1870.10	2442	1760
1273280	2324	2311	1981	2366.19	2945.37	1870.15	2442	1760
1273440	2325	2307	1983	2366.19	2945.37	1870.19	2442	1760
1273600	2327	2307	1984	2366.19	2945.37	1870.24	2442	1760
1273760	2327	2307	1989	2366.19	2945.37	1870.29	2442	1760
1273920	2328	2297	1980	2366.19	2945.37	1870.34	2441	1760
1274080	2328	2301	1978	2366.19	2945.37	1870.39	2441	1760
1274241	2332	2299	1976	2366.19	2945.37	1870.44	2442	1760
1274401	2331	2299	1979	2366.19	2945.37	1870.49	2441	1761
1274561	2333	2296	1985	2366.19	2945.37	1870.55	2442	1760
1274721	2332	2298	1981	2366.19	2945.37	1870.60	2441	1760
1274881	2333	2304	1979	2366.19	2945.37	1870.66	2441	1762
1275041	2341	2296	1985	2366.19	2945.37	1870.71	2441	1760
1275201	2342	2293	1980	2366.19	2945.37	1870.77	2441	1760
1275360	2338	2286	1984	2366.19	2945.37	1870.82	2442	1760
1275520	2339	2298	1979	2366.19	2945.37	1870.88	2442	1761
1275680	2342	2288	1982	2366.19	2945.37	1870.94	2442	1760
1275840	2345	2292	1986	2366.19	2945.37	1871.00	2442	1760
1276000	2343	2298	1982	2366.19	2945.37	1871.06	2442	1759
1276160	2349	2288	1986	2366.19	2945.37	1871.11	2442	1760
1276320	2352	2288	1989	2366.19	2945.37	1871.17	2442	1760
1276480	2351	2287	1982	2366.19	2945.37	1871.23	2442	1760
1276640	2351	2293	1981	2366.19	2945.37	1871.30	2441	1759
1276800	2349	2284	1981	2366.19	2945.37	1871.36	2442	1760
1276960	2362	2293	1986	2366.19	2945.37	1871.42	2441	1759
1277120	2354	2291	1982	2366.19	2945.37	1871.48	2442	1760
1277280	2357	2293	1985	2366.19	2945.37	1871.54	2442	1760
1277440	2360	2291	1986	2366.19	2945.37	1871.60	2442	1760
1277600	2358	2287	1981	2366.19	2945.37	1871.67	2442	1760
1277761	2368	2285	1983	2366.19	2945.37	1871.73	2441	1761
1277921	2359	2286	1982	2366.19	2945.37	1871.79	2441	1761
1278081	2359	2290	1983	2366.19	2945.37	1871.85	2442	1761
1278241	2369	2287	1981	2366.19	2945.37	1871.92	2441	1760
1278401	2363	2286	1982	2366.19	2945.37	1871.98	2441	1760
1278561	2371	2282	1983	2366.19	2945.37	1872.04	2442	1760
1278721	2370	2282	1977	2366.19	2945.37	1872.11	2441	1761
1278880	2373	2286	1986	2366.19	2945.37	1872.17	2442	1760
1279040	2375	2285	1986	2366.19	2945.37	1872.23	2442	1760
1279200	2379	2285	1984	2366.19	2945.37	1872.29	2442	1760
1279360	2373	2283	1979	2366.19	2945.37	1872.36	2442	1760
1279520	2378	2287	1986	2366.19	2945.37	1872.42	2441	1759
1279680	2379	2280	1986	2366.19	2945.37	1872.48	2442	1761
1279840	2372	2284	1983	2366.19	2945.37	1872.54	2442	1760
1280000	2380	2282	1982	2366.19	2945.37	1872.60	2442	1760
1280160	2384	2284	1980	2366.19	2945.37	1872.67	2442	1760
1280320	2386	2285	1985	2366.19	2945.37	1872.73	2442	1760
1280480	2389	2286	1985	2366.19	2945.37	1872.79	2442	1760
1280640	2394	2287	1991	2366.19	2945.37	1872.85	2441	1760
1280800	2389	2289	1987	2366.19	2945.37	1872.91	2442	1760
1280960	2394	2286	1978	2366.19	2945.37	1872.97	2442	1760
1281120	2400	2284	1988	2366.19	2945.37	1873.02	2441	1760
1281281	2394	2287	1976	2366.19	2945.37	1873.08	2441	1760
1281441	2387	2291	1982	2366.19	2945.37	1873.14	2441	1761
1281601	2399	2286	1976	2366.19	2945.37	1873.20	2441	1760
1281761	2397	2285	1979	2366.19	2945.37	1873.25	2441	1761
1281921	2403	2287	1980	2366.19	2945.37	1873.31	2441	1760
1282081	2396	2288	1975	2366.19	2945.37	1873.36	2441	1761
1282241	2403	2298	1979	2366.19	2945.37	1873.42	2441	1760
1282400	2397	2291	1975	2366.19	2945.37	1873.47	2441	1760
1282560	2406	2285	1978	2366.19	2945.37	1873.52	2441	1760
1282720	2405	2292	1984	2366.19	2945.37	1873.58	2442	1760
1282880	2411	2296	1979	2366.19	2945.37	1873.63	2441	1760
1283040	2397	2299	1981	2366.19	2945.37	1873.68	2442	1760
1283200	2415	2295	1985	2366.19	2945.37	1873.73	2442	1760
1283360	2415	2299	1979	2366.19	2945.37	1873.77	2442	1760
1283520	2415	2298	1985	2366.19	2945.37	1873.82	2442	1760
1283680	2410	2294	1981	2366.19	2945.37	1873.87	2442	1759
1283840	2415	2303	1980	2366.19	2945.37	1873.91	2442	1760
1284000	2416	2296	1977	2366.19	2945.37	1873.96	2441	1760
1284160	2422	2301	1986	2366.19	2945.37	1874.00	2441	1760
1284320	2419	2301	1980	2366.19	2945.37	1874.04	2442	1760
1284480	2422	2304	1979	2366.19	2945.37	1874.08	2442	1760
1284640	2414	2303	1984	2366.19	2945.37	1874.13	2441	1760
1284801	2423	2297	1977	2366.19	2945.37	1874.16	2442	1760
1284961	2423	2306	1975	2366.19	2945.37	1874.20	2441	1761
1285121	2427	2299	1985	2366.19	2945.37	1874.24	2441	1760
1285281	2427	2304	1984	2366.19	2945.37	1874.27	2441	1760
1285441	2430	2304	1979	2366.19	2945.37	1874.31	2441	1760
1285601	2425	2311	1980	2366.19	2945.37	1874.34	2442	1761
1285761	2423	2307	1985	2366.19	2945.37	1874.37	2441	1760
1285920	2428	2316	1982	2366.19	2945.37	1874.40	2442	1760
1286080	2429	2315	1981	2366.19	2945.37	1874.43	2441	1760
1286240	2427	2312	1978	2366.19	2945.37	1874.46	2442	1760
1286400	2426	2315	1981	2366.19	2945.37	1874.49	2442	1761
1286560	2425	2320	1981	2366.19	2945.37	1874.51	2441	1760
1286720	2427	2320	1985	2366.19	2945.37	1874.54	2441	1760
1286880	2440	2319	1983	2366.19	2945.37	1874.56	2442	1760
1287040	2438	2324	1978	2366.19	2945.37	1874.58	2442	1760
1287200	2435	2328	1984	2366.19	2945.37	1874.60	2442	1760
1287360	2435	2326	1989	2366.19	2945.37	1874.62	2442	1759
1287520	2436	2328	1987	2366.19	2945.37	1874.64	2442	1760
1287680	2441	2323	1979	2366.19	2945.37	1874.65	2442	1760
1287840	2439	2333	1986	2366.19	2945.37	1874.67	2441	1760
1288000	2436	2329	1982	2366.19	2945.37	1874.68	2442	1760
1288160	2442	2336	1974	2366.19	2945.37	1874.69	2441	1760
1288321	2438	2329	1982	2366.19	2945.37	1874.70	2440	1760
1288481	2443	2334	1974	2366.19	2945.37	1874.71	2441	1760
1288641	2436	2339	1987	2366.19	2945.37	1874.72	2441	1761
1288801	2446	2340	1978	2366.19	2945.37	1874.73	2441	1761
1288961	2437	2338	1984	2366.19	2945.37	1874.73	2442	1760
1289121	2441	2336	1974	2366.19	2945.37	1874.73	2441	1761
1289281	2441	2339	1982	2366.19	2945.37	1874.74	2441	1760
1289440	2433	2335	1984	2366.19	2945.37	1874.74	2442	1760
1289600	2444	2347	1984	2366.19	2945.37	1874.73	2442	1760
1289760	2443	2343	1982	2366.19	2945.37	1874.73	2442	1760
1289920	2445	2348	1982	2366.19	2945.37	1874.73	2441	1761
1290080	2440	2346	1987	2366.19	2945.37	1874.72	2441	1760
1290240	2445	2347	1982	2366.19	2945.37	1874.72	2442	1761
1290400	2440	2355	1975	2366.19	2945.37	1874.71	2441	1760
1290560	2437	2352	1983	2366.19	2945.37	1874.70	2442	1760
1290720	2438	2353	1973	2366.19	2945.37	1874.69	2442	1760
1290880	2438	2352	1979	2366.19	2945.37	1874.67	2441	1760
1291040	2447	2352	1988	2366.19	2945.37	1874.66	2442	1760
1291200	2437	2358	1986	2366.19	2945.37	1874.64	2442	1760
1291360	2437	2361	1985	2366.19	2945.37	1874.63	2442	1759
1291520	2445	2366	1981	2366.19	2945.37	1874.61	2442	1760
1291680	2433	2360	1979	2366.19	2945.37	1874.59	2442	1760
1291841	2440	2359	1979	2366.19	2945.37	1874.57	2441	1760
1292001	2440	2362	1978	2366.19	2945.37	1874.55	2441	1760
1292161	2434	2375	1979	2366.19	2945.37	1874.52	2441	1761
1292321	2436	2364	1983	2366.19	2945.37	1874.50	2442	1761
1292481	2443	2366	1980	2366.19	2945.37	1874.47	2442	1760
1292641	2435	2370	1983	2366.19	2945.37	1874.44	2441	1760
1292801	2435	2380	1988	2366.19	2945.37	1874.41	2441	1761
1292960	2432	2375	1987	2366.19	2945.37	1874.38	2441	1760
1293120	2439	2376	1986	2366.19	2945.37	1874.35	2442	1760
1293280	2434	2384	1982	2366.19	2945.37	1874.32	2441	1760
1293440	2432	2376	1987	2366.19	2945.37	1874.28	2442	1760
1293600	2437	2381	1980	2366.19	2945.37	1874.25	2442	1761
1293760	2434	2380	1983	2366.19	2945.37	1874.21	2442	1761
1293920	2432	2384	1981	2366.19	2945.37	1874.18	2442	1760
1294080	2435	2386	1985	2366.19	2945.37	1874.14	2442	1760
1294240	2431	2386	1982	2366.19	2945.37	1874.10	2442	1760
1294400	2435	2385	1985	2366.19	2945.37	1874.06	2442	1760
1294560	2430	2390	1984	2366.19	2945.37	1874.01	2442	1759
1294720	2435	2386	1986	2366.19	2945.37	1873.97	2442	1760
1294880	2431	2394	1989	2366.19	2945.37	1873.93	2441	1760
1295040	2427	2387	1982	2366.19	2945.37	1873.88	2441	1760
1295200	2427	2394	1981	2366.19	2945.37	1873.84	2442	1760
1295361	2426	2390	1986	2366.19	2945.37	1873.79	2441	1760
1295521	2427	2394	1982	2366.19	2945.37	1873.74	2441	1761
1295681	2419	2399	1980	2366.19	2945.37	1873.69	2441	1761
1295841	2419	2392	1985	2366.19	2945.37	1873.64	2441	1760
1296001	2425	2396	1987	2366.19	2945.37	1873.59	2441	1760
1296161	2417	2404	1983	2366.19	2945.37	1873.54	2441	1761
1296321	2415	2400	1981	2366.19	2945.37	1873.49	2441	1760
1296480	2414	2400	1979	2366.19	2945.37	1873.43	2442	1760
1296640	2421	2395	1979	2366.19	2945.37	1873.38	2442	1760
1296800	2418	2404	1981	2366.19	2945.37	1873.32	2442	1760
1296960	2415	2406	1982	2366.19	2945.37	1873.27	2442	1761
1297120	2411	2402	1977	2366.19	2945.37	1873.21	2441	1759
1297280	2414	2405	1984	2366.19	2945.37	1873.16	2442	1760
1297440	2409	2406	1982	2366.19	2945.37	1873.10	2441	1760
1297600	2408	2399	1983	2366.19	2945.37	1873.04	2441	1760
1297760	2412	2409	1979	2366.19	2945.37	1872.98	2442	1760
1297920	2400	2397	1983	2366.19	2945.37	1872.92	2442	1760
1298080	2405	2406	1985	2366.19	2945.37	1872.86	2442	1760
1298240	2400	2407	1978	2366.19	2945.37	1872.80	2442	1760
1298400	2409	2412	1988	2366.19	2945.37	1872.74	2441	1760
1298560	2404	2409	1986	2366.19	2945.37	1872.68	2442	1760
1298720	2406	2413	1981	2366.19	2945.37	1872.62	2442	1760
1298881	2398	2413	1981	2366.19	2945.37	1872.56	2441	1760
1299041	2394	2406	1979	2366.19	2945.37	1872.50	2441	1761
1299201	2404	2412	1982	2366.19	2945.37	1872.44	2441	1760
1299361	2388	2404	1980	2366.19	2945.37	1872.37	2442	1760
1299521	2397	2404	1983	2366.19	2945.37	1872.31	2442	1760
1299681	2385	2415	1979	2366.19	2945.37	1872.25	2442	1760
1299841	2382	2415	1980	2366.19	2945.37	1872.19	2441	1760
1300000	2378	2410	1977	2366.19	2945.37	1872.12	2441	1760
1300160	2396	2409	1982	2366.19	2945.37	1872.06	2442	1760
1300320	2386	2411	1982	2366.19	2945.37	1872.00	2442	1760
1300480	2383	2413	1981	2366.19	2945.37	1871.94	2442	1760
1300640	2382	2412	1984	2366.19	2945.37	1871.87	2442	1760
1300800	2382	2416	1982	2366.19	2945.37	1871.81	2442	1760
1300960	2381	2414	1987	2366.19	2945.37	1871.75	2442	1760
1301120	2382	2411	1985	2366.19	2945.37	1871.68	2441	1760
1301280	2376	2413	1988	2366.19	2945.37	1871.62	2442	1760
1301440	2372	2424	1979	2366.19	2945.37	1871.56	2442	1760
1301600	2370	2406	1988	2366.19	2945.37	1871.50	2442	1760
1301760	2372	2411	1987	2366.19	2945.37	1871.44	2442	1760
1301920	2371	2417	1979	2366.19	2945.37	1871.37	2442	1761
1302080	2364	2413	1977	2366.19	2945.37	1871.31	2442	1760
1302240	2366	2411	1984	2366.19	2945.37	1871.25	2442	1759
1302401	2358	2410	1987	2366.19	2945.37	1871.19	2441	1760
1302561	2365	2410	1985	2366.19	2945.37	1871.13	2441	1761
1302721	2354	2409	1981	2366.19	2945.37	1871.07	2441	1761
1302881	2359	2401	1987	2366.19	2945.37	1871.01	2441	1760
1303041	2363	2409	1980	2366.19	2945.37	1870.95	2441	1761
1303201	2354	2401	1981	2366.19	2945.37	1870.90	2441	1761
1303361	2357	2411	1982	2366.19	2945.37	1870.84	2441	1760
1303520	2352	2411	1986	2366.19	2945.37	1870.78	2442	1760
1303680	2360	2409	1978	2366.19	2945.37	1870.73	2442	1760
1303840	2348	2413	1985	2366.19	2945.37	1870.67	2442	1760
1304000	2353	2412	1984	2366.19	2945.37	1870.62	2442	1760
1304160	2347	2408	1979	2366.19	2945.37	1870.56	2442	1760
1304320	2349	2415	1986	2366.19	2945.37	1870.51	2442	1761
1304480	2342	2409	1984	2366.19	2945.37	1870.46	2442	1760
1304640	2350	2407	1982	2366.19	2945.37	1870.40	2442	1761
1304800	2341	2410	1980	2366.19	2945.37	1870.35	2442	1761
1304960	2345	2405	1978	2366.19	2945.37	1870.30	2442	1760
1305120	2345	2407	1982	2366.19	2945.37	1870.25	2442	1760
1305280	2341	2398	1980	2366.19	2945.37	1870.21	2442	1760
1305440	2335	2400	1981	2366.19	2945.37	1870.16	2441	1760
1305600	2339	2399	1985	2366.19	2945.37	1870.11	2442	1760
1305760	2333	2404	1985	2366.19	2945.37	1870.07	2442	1760
1305921	2339	2399	1981	2366.19	2945.37	1870.02	2442	1761
1306081	2330	2400	1983	2366.19	2945.37	1869.98	2441	1760
1306241	2327	2392	1977	2366.19	2945.37	1869.94	2442	1760
1306401	2331	2400	1982	2366.19	2945.37	1869.90	2441	1760
1306561	2326	2398	1984	2366.19	2945.37	1869.86	2441	1760
1306721	2323	2397	1983	2366.19	2945.37	1869.82	2441	1760
1306881	2330	2389	1984	2366.19	2945.37	1869.78	2442	1760
1307040	2325	2392	1983	2366.19	2945.37	1869.74	2441	1760
1307200	2322	2391	1983	2366.19	2945.37	1869.71	2442	1760
1307360	2327	2392	1983	2366.19	2945.37	1869.67	2442	1760
1307520	2328	2387	1985	2366.19	2945.37	1869.64	2441	1760
1307680	2326	2389	1983	2366.19	2945.37	1869.61	2442	1760
1307840	2317	2388	1986	2366.19	2945.37	1869.58	2442	1761
1308000	2325	2389	1989	2366.19	2945.37	1869.55	2442	1760
1308160	2322	2389	1981	2366.19	2945.37	1869.52	2442	1759
1308320	2321	2383	1985	2366.19	2945.37	1869.50	2442	1759
1308480	2317	2383	1989	2366.19	2945.37	1869.47	2442	1760
1308640	2315	2378	1987	2366.19	2945.37	1869.45	2442	1759
1308800	2319	2379	1986	2366.19	2945.37	1869.42	2443	1760
1308960	2316	2377	1979	2366.19	2945.37	1869.40	2441	1760
1309120	2312	2368	1986	2366.19	2945.37	1869.38	2442	1761
1309280	2314	2375	1986	2366.19	2945.37	1869.37	2441	1760
1309441	2317	2377	1982	2366.19	2945.37	1869.35	2441	1761
1309601	2312	2369	1982	2366.19	2945.37	1869.33	2442	1760
1309761	2312	2366	1981	2366.19	2945.37	1869.32	2442	1760
1309921	2313	2374	1986	2366.19	2945.37	1869.31	2441	1761
1310081	2316	2368	1987	2366.19	2945.37	1869.29	2441	1760
1310241	2312	2365	1986	2366.19	2945.37	1869.28	2441	1761
1310401	2308	2363	1982	2366.19	2945.37	1869.28	2442	1760
1310560	2314	2362	1979	2366.19	2945.37	1869.27	2442	1760
1310720	2313	2358	1981	2366.19	2945.37	1869.26	2442	1760
1310880	2314	2356	1984	2366.19	2945.37	1869.26	2442	1759
1311040	2314	2358	1989	2366.19	2945.37	1869.26	2441	1760
1311200	2309	2356	1981	2366.19	2945.37	1869.25	2442	1760
1311360	2309	2356	1980	2366.19	2945.37	1869.25	2442	1760
1311520	2320	2353	1987	2366.19	2945.37	1869.26	2441	1760
1311680	2308	2349	1990	2366.19	2945.37	1869.26	2442	1760
1311840	2299	2350	1984	2366.19	2945.37	1869.26	2442	1759
1312000	2306	2350	1985	2366.19	2945.37	1869.27	2441	1760
1312160	2310	2354	1986	2366.19	2945.37	1869.28	2442	1760
1312320	2312	2345	1983	2366.19	2945.37	1869.28	2442	1760
1312480	2307	2350	1976	2366.19	2945.37	1869.30	2442	1760
1312640	2304	2347	1985	2366.19	2945.37	1869.31	2442	1760
1312800	2313	2347	1981	2366.19	2945.37	1869.32	2442	1760
1312961	2307	2341	1982	2366.19	2945.37	1869.33	2441	1761
1313121	2313	2343	1986	2366.19	2945.37	1869.35	2442	1760
1313281	2311	2336	1978	2366.19	2945.37	1869.37	2442	1760
1313441	2307	2336	1983	2366.19	2945.37	1869.39	2442	1761
1313601	2310	2334	1986	2366.19	2945.37	1869.41	2441	1760
1313761	2312	2339	1983	2366.19	2945.37	1869.43	2441	1760
1313921	2311	2333	1981	2366.19	2945.37	1869.45	2441	1760
1314080	2308	2333	1983	2366.19	2945.37	1869.47	2442	1760
1314240	2314	2332	1979	2366.19	2945.37	1869.50	2441	1760
1314400	2316	2332	1978	2366.19	2945.37	1869.53	2442	1761
1314560	2312	2323	1982	2366.19	2945.37	1869.55	2442	1760
1314720	2320	2330	1984	2366.19	2945.37	1869.58	2441	1760
1314880	2314	2320	1979	2366.19	2945.37	1869.61	2441	1759
1315040	2318	2323	1984	2366.19	2945.37	1869.65	2442	1760
1315200	2313	2328	1985	2366.19	2945.37	1869.68	2441	1760
1315360	2323	2318	1982	2366.19	2945.37	1869.71	2442	1760
1315520	2318	2320	1982	2366.19	2945.37	1869.75	2442	1760
1315680	2321	2320	1984	2366.19	2945.37	1869.78	2442	1761
1315840	2319	2319	1984	2366.19	2945.37	1869.82	2442	1760
1316000	2326	2315	1975	2366.19	2945.37	1869.86	2441	1760
1316160	2314	2314	1983	2366.19	2945.37	1869.90	2442	1760
1316320	2316	2313	1984	2366.19	2945.37	1869.94	2441	1760
1316481	2319	2315	1985	2366.19	2945.37	1869.98	2441	1760
1316641	2319	2307	1984	2366.19	2945.37	1870.03	2442	1760
1316801	2327	2312	1982	2366.19	2945.37	1870.07	2441	1760
1316961	2320	2305	1982	2366.19	2945.37	1870.12	2441	1761
1317121	2326	2306	1979	2366.19	2945.37	1870.16	2440	1760
1317281	2327	2305	1982	2366.19	2945.37	1870.21	2441	1760
1317441	2332	2303	1979	2366.19	2945.37	1870.26	2441	1761
1317600	2324	2309	1982	2366.19	2945.37	1870.31	2442	1760
1317760	2330	2310	1980	2366.19	2945.37	1870.36	2441	1760
1317920	2332	2300	1983	2366.19	2945.37	1870.41	2441	1760
1318080	2335	2302	1982	2366.19	2945.37	1870.46	2442	1760
1318240	2328	2304	1982	2366.19	2945.37	1870.51	2442	1760
1318400	2332	2299	1973	2366.19	2945.37	1870.57	2442	1760
1318560	2340	2297	1983	2366.19	2945.37	1870.62	2442	1761
1318720	2338	2302	1981	2366.19	2945.37	1870.68	2442	1760
1318880	2334	2297	1981	2366.19	2945.37	1870.73	2441	1760
1319040	2339	2300	1982	2366.19	2945.37	1870.79	2442	1760
1319200	2348	2298	1987	2366.19	2945.37	1870.85	2442	1761
1319360	2345	2298	1981	2366.19	2945.37	1870.90	2442	1760
1319520	2340	2300	1983	2366.19	2945.37	1870.96	2442	1760
1319680	2346	2295	1979	2366.19	2945.37	1871.02	2442	1760
1319840	2350	2295	1979	2366.19	2945.37	1871.08	2442	1761
1320001	2343	2292	1982	2366.19	2945.37	1871.14	2441	1761
1320161	2346	2285	1983	2366.19	2945.37	1871.20	2441	1761
1320321	2354	2293	1981	2366.19	2945.37	1871.26	2441	1760
1320481	2358	2291	1983	2366.19	2945.37	1871.32	2441	1761
1320641	2357	2292	1982	2366.19	2945.37	1871.38	2442	1761
1320801	2352	2290	1984	2366.19	2945.37	1871.44	2441	1760
1320961	2354	2278	1979	2366.19	2945.37	1871.50	2441	1760
1321120	2358	2297	1978	2366.19	2945.37	1871.57	2442	1760
1321280	2366	2284	1987	2366.19	2945.37	1871.63	2441	1760
1321440	2357	2291	1981	2366.19	2945.37	1871.69	2442	1759
1321600	2358	2290	1985	2366.19	2945.37	1871.75	2442	1760
1321760	2365	2286	1981	2366.19	2945.37	1871.82	2442	1760
1321920	2367	2282	1984	2366.19	2945.37	1871.88	2442	1760
1322080	2366	2287	1986	2366.19	2945.37	1871.94	2442	1760
1322240	2363	2287	1986	2366.19	2945.37	1872.00	2442	1760
1322400	2368	2283	1981	2366.19	2945.37	1872.07	2442	1760
1322560	2374	2289	1984	2366.19	2945.37	1872.13	2442	1760
1322720	2371	2287	1981	2366.19	2945.37	1872.19	2442	1759
1322880	2377	2277	1986	2366.19	2945.37	1872.26	2441	1760
1323040	2375	2292	1984	2366.19	2945.37	1872.32	2442	1761
1323200	2379	2280	1981	2366.19	2945.37	1872.38	2442	1761
1323360	2376	2286	1981	2366.19	2945.37	1872.44	2442	1760
1323521	2375	2286	1985	2366.19	2945.37	1872.51	2442	1760
1323681	2385	2280	1980	2366.19	2945.37	1872.57	2441	1761
1323841	2376	2288	1980	2366.19	2945.37	1872.63	2442	1760
1324001	2383	2288	1979	2366.19	2945.37	1872.69	2442	1760
1324161	2385	2290	1977	2366.19	2945.37	1872.75	2441	1760
1324321	2389	2282	1979	2366.19	2945.37	1872.81	2441	1761
1324481	2391	2288	1979	2366.19	2945.37	1872.87	2441	1761
1324640	2387	2289	1979	2366.19	2945.37	1872.93	2442	1760
1324800	2392	2283	1990	2366.19	2945.37	1872.99	2442	1760
1324960	2396	2289	1986	2366.19	2945.37	1873.05	2442	1760
1325120	2401	2295	1977	2366.19	2945.37	1873.10	2442	1760
1325280	2396	2287	1981	2366.19	2945.37	1873.16	2442	1761
1325440	2397	2290	1986	2366.19	2945.37	1873.22	2442	1760
1325600	2396	2291	1984	2366.19	2945.37	1873.27	2442	1760
1325760	2401	2292	1981	2366.19	2945.37	1873.33	2442	1760
1325920	2400	2295	1989	2366.19	2945.37	1873.38	2442	1761
1326080	2400	2289	1987	2366.19	2945.37	1873.44	2442	1761
1326240	2407	2295	1984	2366.19	2945.37	1873.49	2442	1760
1326400	2405	2297	1985	2366.19	2945.37	1873.54	2441	1760
1326560	2411	2289	1980	2366.19	2945.37	1873.60	2442	1760
1326720	2408	2300	1986	2366.19	2945.37	1873.65	2442	1760
1326880	2413	2302	1985	2366.19	2945.37	1873.70	2442	1760
1327041	2405	2298	1980	2366.19	2945.37	1873.74	2441	1760
1327201	2415	2295	1976	2366.19	2945.37	1873.79	2441	1760
1327361	2407	2296	1986	2366.19	2945.37	1873.84	2441	1761
1327521	2418	2289	1978	2366.19	2945.37	1873.89	2441	1760
1327681	2418	2301	1984	2366.19	2945.37	1873.93	2442	1760
1327841	2410	2297	1984	2366.19	2945.37	1873.98	2441	1761
1328001	2416	2303	1981	2366.19	2945.37	1874.02	2441	1761
1328160	2408	2308	1987	2366.19	2945.37	1874.06	2442	1760
1328320	2419	2306	1979	2366.19	2945.37	1874.10	2442	1760
1328480	2418	2307	1984	2366.19	2945.37	1874.14	2441	1760
1328640	2429	2308	1983	2366.19	2945.37	1874.18	2442	1760
1328800	2430	2300	1977	2366.19	2945.37	1874.22	2442	1761
1328960	2425	2303	1983	2366.19	2945.37	1874.25	2441	1759
1329120	2421	2309	1988	2366.19	2945.37	1874.29	2442	1760
1329280	2428	2314	1979	2366.19	2945.37	1874.32	2442	1759
1329440	2426	2299	1980	2366.19	2945.37	1874.35	2442	1760
1329600	2435	2309	1979	2366.19	2945.37	1874.39	2441	1761
1329760	2424	2320	1983	2366.19	2945.37	1874.42	2441	1760
1329920	2432	2312	1976	2366.19	2945.37	1874.45	2442	1759
1330080	2426	2320	1986	2366.19	2945.37	1874.47	2442	1759
1330240	2438	2315	1983	2366.19	2945.37	1874.50	2442	1761
1330400	2439	2320	1981	2366.19	2945.37	1874.52	2442	1760
1330561	2432	2319	1980	2366.19	2945.37	1874.55	2441	1760
1330721	2429	2322	1981	2366.19	2945.37	1874.57	2441	1761
1330881	2433	2321	1980	2366.19	2945.37	1874.59	2441	1761
1331041	2435	2325	1984	2366.19	2945.37	1874.61	2441	1761
1331201	2438	2320	1984	2366.19	2945.37	1874.63	2442	1760
1331361	2427	2322	1982	2366.19	2945.37	1874.65	2441	1761
1331521	2434	2329	1977	2366.19	2945.37	1874.66	2441	1760
1331680	2439	2321	1986	2366.19	2945.37	1874.67	2442	1760
1331840	2436	2331	1983	2366.19	2945.37	1874.69	2441	1760
1332000	2441	2330	1980	2366.19	2945.37	1874.70	2442	1760
1332160	2438	2329	1977	2366.19	2945.37	1874.71	2442	1760
1332320	2440	2336	1984	2366.19	2945.37	1874.72	2442	1760
1332480	2445	2337	1984	2366.19	2945.37	1874.72	2442	1760
1332640	2440	2340	1982	2366.19	2945.37	1874.73	2441	1760
1332800	2440	2341	1980	2366.19	2945.37	1874.73	2442	1760
1332960	2441	2339	1981	2366.19	2945.37	1874.74	2442	1760
1333120	2435	2338	1985	2366.19	2945.37	1874.74	2442	1760
1333280	2443	2344	1981	2366.19	2945.37	1874.74	2442	1760
1333440	2438	2343	1977	2366.19	2945.37	1874.73	2441	1761
1333600	2443	2342	1984	2366.19	2945.37	1874.73	2442	1760
1333760	2441	2350	1986	2366.19	2945.37	1874.73	2442	1759
1333920	2439	2350	1981	2366.19	2945.37	1874.72	2442	1760
1334081	2433	2351	1975	2366.19	2945.37	1874.71	2441	1760
1334241	2436	2352	1984	2366.19	2945.37	1874.70	2441	1760
1334401	2441	2355	1987	2366.19	2945.37	1874.69	2442	1761
1334561	2439	2357	1984	2366.19	2945.37	1874.68	2441	1761
1334721	2443	2357	1984	2366.19	2945.37	1874.67	2441	1760
1334881	2437	2353	1982	2366.19	2945.37	1874.65	2441	1761
1335041	2440	2357	1978	2366.19	2945.37	1874.64	2441	1761
1335200	2439	2355	1976	2366.19	2945.37	1874.62	2442	1761
1335360	2438	2363	1981	2366.19	2945.37	1874.60	2442	1760
1335520	2438	2361	1982	2366.19	2945.37	1874.58	2442	1760
1335680	2441	2362	1984	2366.19	2945.37	1874.56	2442	1760
1335840	2438	2363	1979	2366.19	2945.37	1874.54	2441	1760
1336000	2441	2368	1982	2366.19	2945.37	1874.51	2442	1760
1336160	2438	2367	1988	2366.19	2945.37	1874.49	2442	1760
1336320	2430	2371	1983	2366.19	2945.37	1874.46	2441	1760
1336480	2436	2379	1981	2366.19	2945.37	1874.43	2442	1760
1336640	2438	2371	1981	2366.19	2945.37	1874.40	2442	1760
1336800	2440	2378	1980	2366.19	2945.37	1874.37	2442	1760
1336960	2433	2387	1978	2366.19	2945.37	1874.34	2442	1760
1337120	2435	2379	1982	2366.19	2945.37	1874.31	2442	1760
1337280	2442	2382	1980	2366.19	2945.37	1874.27	2442	1761
1337440	2434	2380	1985	2366.19	2945.37	1874.24	2442	1760
1337601	2427	2379	1982	2366.19	2945.37	1874.20	2441	1760
1337761	2427	2381	1979	2366.19	2945.37	1874.16	2441	1761
1337921	2438	2385	1982	2366.19	2945.37	1874.12	2441	1760
1338081	2431	2382	1982	2366.19	2945.37	1874.08	2441	1760
1338241	2430	2388	1978	2366.19	2945.37	1874.04	2441	1760
1338401	2428	2384	1978	2366.19	2945.37	1874.00	2441	1761
1338561	2430	2390	1979	2366.19	2945.37	1873.95	2441	1761
1338720	2421	2383	1976	2366.19	2945.37	1873.91	2442	1760
1338880	2429	2395	1979	2366.19	2945.37	1873.86	2442	1760
1339040	2425	2390	1983	2366.19	2945.37	1873.82	2442	1760
1339200	2421	2392	1976	2366.19	2945.37	1873.77	2442	1760
1339360	2418	2396	1980	2366.19	2945.37	1873.72	2443	1760
1339520	2418	2395	1981	2366.19	2945.37	1873.67	2442	1760
1339680	2428	2389	1980	2366.19	2945.37	1873.62	2442	1760
1339840	2423	2403	1976	2366.19	2945.37	1873.57	2442	1760
1340000	2416	2398	1975	2366.19	2945.37	1873.52	2441	1760
1340160	2418	2396	1984	2366.19	2945.37	1873.47	2442	1761
1340320	2418	2395	1987	2366.19	2945.37	1873.41	2442	1760
1340480	2417	2399	1985	2366.19	2945.37	1873.36	2442	1760
1340640	2419	2407	1979	2366.19	2945.37	1873.30	2442	1759
1340800	2415	2405	1983	2366.19	2945.37	1873.25	2442	1761
1340960	2411	2401	1979	2366.19	2945.37	1873.19	2442	1760
1341121	2407	2406	1979	2366.19	2945.37	1873.13	2441	1761
1341281	2416	2403	1979	2366.19	2945.37	1873.08	2441	1761
1341441	2407	2406	1980	2366.19	2945.37	1873.02	2441	1761
1341601	2411	2402	1980	2366.19	2945.37	1872.96	2441	1761
1341761	2407	2409	1978	2366.19	2945.37	1872.90	2441	1760
1341921	2410	2408	1976	2366.19	2945.37	1872.84	2441	1760
1342081	2400	2413	1981	2366.19	2945.37	1872.78	2441	1761
1342240	2405	2414	1987	2366.19	2945.37	1872.72	2442	1760
1342400	2397	2411	1990	2366.19	2945.37	1872.66	2442	1760
1342560	2401	2409	1984	2366.19	2945.37	1872.60	2442	1760
1342720	2403	2409	1984	2366.19	2945.37	1872.54	2442	1760
1342880	2398	2414	1983	2366.19	2945.37	1872.47	2442	1760
1343040	2400	2413	1982	2366.19	2945.37	1872.41	2442	1760
1343200	2396	2417	1979	2366.19	2945.37	1872.35	2442	1760
1343360	2393	2413	1991	2366.19	2945.37	1872.29	2441	1760
1343520	2387	2411	1980	2366.19	2945.37	1872.22	2441	1760
1343680	2389	2416	1984	2366.19	2945.37	1872.16	2441	1760
1343840	2389	2423	1980	2366.19	2945.37	1872.10	2442	1760
1344000	2386	2417	1989	2366.19	2945.37	1872.04	2442	1760
1344160	2379	2412	1986	2366.19	2945.37	1871.97	2441	1760
1344320	2379	2419	1984	2366.19	2945.37	1871.91	2442	1760
1344480	2383	2414	1979	2366.19	2945.37	1871.85	2442	1759
1344641	2372	2416	1977	2366.19	2945.37	1871.78	2442	1760
1344801	2382	2412	1975	2366.19	2945.37	1871.72	2441	1760
1344961	2379	2412	1983	2366.19	2945.37	1871.66	2442	1760
1345121	2373	2418	1979	2366.19	2945.37	1871.60	2442	1760
1345281	2376	2416	1979	2366.19	2945.37	1871.54	2441	1760
1345441	2375	2417	1987	2366.19	2945.37	1871.47	2441	1760
1345601	2366	2418	1986	2366.19	2945.37	1871.41	2441	1760
1345761	2362	2408	1973	2366.19	2945.37	1871.35	2436	1756
1345920	2362	2409	1985	2366.19	2945.37	1871.29	2438	1763
1346080	2363	2411	1990	2366.19	2945.37	1871.23	2441	1760
1346240	2367	2408	1982	2366.19	2945.37	1871.17	2442	1760
1346400	2358	2411	1980	2366.19	2945.37	1871.11	2442	1760
1346560	2363	2412	1979	2366.19	2945.37	1871.05	2441	1760
1346720	2363	2409	1982	2366.19	2945.37	1870.99	2442	1760
1346880	2355	2415	1975	2366.19	2945.37	1870.93	2442	1760
1347040	2364	2414	1983	2366.19	2945.37	1870.87	2442	1760
1347200	2357	2411	1989	2366.19	2945.37	1870.82	2441	1760
1347360	2360	2405	1985	2366.19	2945.37	1870.76	2442	1760
1347520	2349	2406	1983	2366.19	2945.37	1870.70	2442	1761
1347680	2351	2409	1981	2366.19	2945.37	1870.65	2442	1760
1347840	2349	2413	1980	2366.19	2945.37	1870.60	2442	1761
1348000	2350	2410	1986	2366.19	2945.37	1870.54	2442	1760
1348161	2348	2401	1980	2366.19	2945.37	1870.49	2441	1760
1348321	2346	2403	1980	2366.19	2945.37	1870.44	2441	1760
1348481	2350	2412	1985	2366.19	2945.37	1870.38	2442	1760
1348641	2341	2405	1981	2366.19	2945.37	1870.33	2441	1760
1348801	2338	2404	1979	2366.19	2945.37	1870.28	2441	1761
1348961	2337	2402	1984	2366.19	2945.37	1870.24	2442	1760
1349121	2343	2401	1984	2366.19	2945.37	1870.19	2441	1761
1349280	2331	2401	1986	2366.19	2945.37	1870.14	2441	1760
1349440	2335	2400	1983	2366.19	2945.37	1870.10	2441	1760
1349600	2338	2397	1979	2366.19	2945.37	1870.05	2442	1760
1349760	2332	2404	1986	2366.19	2945.37	1870.01	2442	1760
1349920	2328	2402	1986	2366.19	2945.37	1869.96	2442	1760
1350080	2329	2394	1984	2366.19	2945.37	1869.92	2442	1760
1350240	2331	2401	1983	2366.19	2945.37	1869.88	2441	1760
1350400	2331	2396	1984	2366.19	2945.37	1869.84	2442	1760
1350560	2329	2395	1986	2366.19	2945.37	1869.80	2442	1760
1350720	2331	2391	1982	2366.19	2945.37	1869.77	2442	1760
1350880	2332	2392	1984	2366.19	2945.37	1869.73	2442	1760
1351040	2319	2395	1982	2366.19	2945.37	1869.70	2442	1759
1351200	2327	2394	1984	2366.19	2945.37	1869.66	2442	1761
1351360	2329	2387	1979	2366.19	2945.37	1869.63	2441	1760
1351520	2323	2381	1981	2366.19	2945.37	1869.60	2442	1760
1351681	2323	2385	1979	2366.19	2945.37	1869.57	2442	1760
1351841	2318	2384	1985	2366.19	2945.37	1869.54	2441	1760
1352001	2321	2383	1982	2366.19	2945.37	1869.51	2441	1761
1352161	2315	2379	1977	2366.19	2945.37	1869.49	2441	1760
1352321	2316	2375	1980	2366.19	2945.37	1869.46	2441	1760
1352481	2313	2377	1983	2366.19	2945.37	1869.44	2442	1761
1352641	2318	2381	1987	2366.19	2945.37	1869.42	2442	1760
1352800	2313	2381	1988	2366.19	2945.37	1869.40	2441	1760
1352960	2319	2375	1983	2366.19	2945.37	1869.38	2442	1759
1353120	2309	2373	1989	2366.19	2945.37	1869.36	2442	1760
1353280	2317	2367	1982	2366.19	2945.37	1869.34	2442	1760
1353440	2319	2367	1984	2366.19	2945.37	1869.33	2441	1760
1353600	2319	2374	1986	2366.19	2945.37	1869.31	2442	1759
1353760	2311	2371	1986	2366.19	2945.37	1869.30	2442	1760
1353920	2313	2369	1985	2366.19	2945.37	1869.29	2442	1761
1354080	2312	2369	1987	2366.19	2945.37	1869.28	2442	1760
1354240	2312	2362	1987	2366.19	2945.37	1869.27	2441	1761
1354400	2312	2362	1978	2366.19	2945.37	1869.27	2442	1760
1354560	2305	2370	1987	2366.19	2945.37	1869.26	2441	1759
1354720	2307	2360	1984	2366.19	2945.37	1869.26	2442	1760
1354880	2316	2359	1984	2366.19	2945.37	1869.25	2442	1760
1355040	2305	2357	1979	2366.19	2945.37	1869.25	2442	1760
1355201	2306	2353	1979	2366.19	2945.37	1869.25	2442	1760
1355361	2311	2354	1981	2366.19	2945.37	1869.26	2441	1760
1355521	2306	2352	1980	2366.19	2945.37	1869.26	2441	1761
1355681	2305	2351	1977	2366.19	2945.37	1869.27	2441	1760
1355841	2308	2355	1982	2366.19	2945.37	1869.27	2442	1761
1356001	2307	2346	1983	2366.19	2945.37	1869.28	2442	1760