0	-0.015804	0.540722	-9.299744	3.080214E-01	-3.657737E-01	6.207056E-02	
160	-0.013346	0.534002	-9.349747	3.410960E-01	-3.383646E-01	9.233363E-02	
320	-0.009839	0.588737	-9.414006	3.737640E-01	-3.080125E-01	1.253463E-01	
480	0.074314	0.638635	-9.300307	4.065503E-01	-2.769553E-01	1.546597E-01	
640	0.217673	0.719651	-9.340720	4.391368E-01	-2.474932E-01	1.881387E-01	
800	0.167757	0.617414	-9.265274	4.702212E-01	-2.158870E-01	2.163760E-01	
960	0.194193	0.692656	-9.226038	5.021175E-01	-1.864163E-01	2.477299E-01	
1120	0.184903	0.716361	-9.178990	5.238606E-01	-1.540386E-01	2.775582E-01	
1280	0.285210	0.790636	-9.214483	5.519415E-01	-1.238847E-01	3.075594E-01	
1440	0.204246	0.763100	-9.185353	5.700608E-01	-9.142885E-02	3.390671E-01	
1600	0.279524	0.721189	-9.093179	5.864136E-01	-6.277523E-02	3.668642E-01	
1760	0.350807	0.804112	-9.100122	6.131797E-01	-2.743938E-02	3.973259E-01	
1920	0.323208	0.805570	-9.134635	6.391048E-01	6.409250E-04	4.250597E-01	
2080	0.415445	0.768524	-9.013057	6.690875E-01	3.421596E-02	4.551065E-01	
2240	0.387244	0.859507	-9.148146	6.878680E-01	6.553100E-02	4.815339E-01	
2400	0.469136	0.821246	-9.057080	7.150142E-01	9.629202E-02	5.085033E-01	
2560	0.481678	0.951481	-9.048238	7.389309E-01	1.272062E-01	5.345478E-01	
2720	0.513810	0.905920	-9.000455	7.614278E-01	1.578034E-01	5.634050E-01	
2880	0.568033	0.847894	-9.012279	7.857780E-01	1.883266E-01	5.863820E-01	
3040	0.563958	1.032410	-8.826719	7.967180E-01	2.199294E-01	6.119889E-01	
3200	0.561850	0.919272	-8.880740	8.219856E-01	2.494097E-01	6.369936E-01	
3360	0.639037	0.927706	-8.877991	8.377155E-01	2.803406E-01	6.618475E-01	
3520	0.608891	0.895601	-8.908870	8.586116E-01	3.123764E-01	6.839037E-01	
3680	0.697003	0.974224	-8.845019	8.768293E-01	3.410308E-01	7.059595E-01	
3840	0.667504	0.907490	-8.860606	8.916412E-01	3.696699E-01	7.280377E-01	
4000	0.680847	1.033483	-8.860831	9.113526E-01	3.984597E-01	7.473384E-01	
4160	0.669366	0.905938	-8.860568	9.182798E-01	4.290408E-01	7.707815E-01	
4320	0.701837	0.948608	-8.886165	9.333388E-01	4.553986E-01	7.900957E-01	
4480	0.793376	1.013818	-8.843060	9.487892E-01	4.840855E-01	8.105928E-01	
4640	0.762978	0.949189	-8.875727	9.591228E-01	5.113472E-01	8.280289E-01	
4800	0.902756	0.948670	-8.802474	9.737129E-01	5.375092E-01	8.444219E-01	
4960	0.826273	1.009615	-8.751806	9.879889E-01	5.644460E-01	8.595193E-01	
5120	0.804338	0.988957	-8.814329	9.952882E-01	5.892095E-01	8.761476E-01	
5280	0.820599	1.000707	-8.814438	1.001205E+00	6.149381E-01	8.908210E-01	
5440	0.891414	0.997318	-8.836786	1.005566E+00	6.381194E-01	9.054877E-01	
5600	0.989347	1.013668	-8.809171	1.017143E+00	6.627296E-01	9.192734E-01	
5760	0.887635	0.973342	-8.828144	1.026615E+00	6.863183E-01	9.297571E-01	
5920	0.974865	0.953093	-8.772033	1.034091E+00	7.087012E-01	9.413329E-01	
6080	0.862189	0.887684	-8.841876	1.036487E+00	7.310736E-01	9.487936E-01	
6240	1.019118	0.966386	-8.770258	1.034805E+00	7.525843E-01	9.597367E-01	
6400	1.000346	0.973791	-8.773290	1.033212E+00	7.721863E-01	9.677296E-01	
6560	0.976767	0.972649	-8.802293	1.028056E+00	7.905698E-01	9.756767E-01	
6720	0.944284	0.979838	-8.840039	1.026774E+00	8.092924E-01	9.814605E-01	
6880	0.983587	0.910197	-8.929740	1.019222E+00	8.293160E-01	9.878289E-01	
7040	1.032682	1.031715	-8.798397	1.024601E+00	8.443510E-01	9.927247E-01	
7200	0.929478	0.909173	-8.852102	1.022463E+00	8.624624E-01	9.946299E-01	
7360	0.965828	0.974510	-8.920599	1.004449E+00	8.776243E-01	9.979337E-01	
7520	0.976946	0.894236	-8.887581	9.939970E-01	8.911261E-01	9.989375E-01	
7680	0.980724	0.826166	-8.880792	9.863217E-01	9.062429E-01	1.000489E+00	
7840	0.992609	0.839668	-8.866468	9.746734E-01	9.170786E-01	9.991382E-01	
8000	0.992961	0.891384	-8.894869	9.779464E-01	9.329161E-01	9.991466E-01	
8160	0.921407	0.881588	-8.978232	9.675265E-01	9.417129E-01	9.965246E-01	
8320	0.972974	0.876786	-8.901032	9.644637E-01	9.515674E-01	9.911862E-01	
8480	1.008651	0.808330	-9.016195	9.518852E-01	9.611932E-01	9.888123E-01	
8640	0.966185	0.745619	-9.031147	9.496777E-01	9.701446E-01	9.830456E-01	
8800	0.990231	0.781806	-8.911682	9.296703E-01	9.777040E-01	9.754572E-01	
8960	0.979510	0.766000	-8.993066	9.112441E-01	9.832377E-01	9.686266E-01	
9120	1.016828	0.718255	-9.011289	8.967448E-01	9.855803E-01	9.637018E-01	
9280	0.996851	0.739322	-9.110086	8.799185E-01	9.935260E-01	9.513681E-01	
9440	0.927790	0.651034	-9.076745	8.606336E-01	9.961373E-01	9.419705E-01	
9600	0.946605	0.607851	-9.004658	8.479583E-01	9.985283E-01	9.298066E-01	
9760	0.966936	0.589018	-9.078932	8.225247E-01	9.995817E-01	9.185796E-01	
9920	0.984776	0.555130	-9.125398	8.071794E-01	1.001460E+00	9.051350E-01	
10080	0.918852	0.594080	-9.127467	7.904244E-01	1.000402E+00	8.908810E-01	
10240	0.851681	0.517003	-9.190552	7.716897E-01	9.976859E-01	8.776202E-01	
10400	0.893324	0.551549	-9.173727	7.528561E-01	9.958443E-01	8.610438E-01	
10560	0.802652	0.458820	-9.202401	7.349974E-01	9.928276E-01	8.448888E-01	
10720	0.889556	0.419467	-9.212516	7.103526E-01	9.877841E-01	8.287111E-01	
10880	0.867666	0.450786	-9.334073	6.784485E-01	9.802176E-01	8.096418E-01	
11040	0.788558	0.338536	-9.315577	6.506599E-01	9.748660E-01	7.914620E-01	
11200	0.768536	0.346372	-9.280812	6.240143E-01	9.668666E-01	7.701765E-01	
11360	0.752929	0.366575	-9.383518	6.062402E-01	9.610892E-01	7.505768E-01	
11520	0.762008	0.285748	-9.359479	5.809057E-01	9.499065E-01	7.291069E-01	
11680	0.808197	0.277598	-9.293047	5.470555E-01	9.403276E-01	7.053591E-01	
11840	0.765302	0.236106	-9.401461	5.218313E-01	9.298952E-01	6.845470E-01	
12000	0.691645	0.226861	-9.475868	4.863680E-01	9.179860E-01	6.604447E-01	
12160	0.685940	0.127437	-9.509275	4.577049E-01	9.028271E-01	6.384057E-01	
12320	0.668824	0.113242	-9.573055	4.332404E-01	8.903710E-01	6.135914E-01	
12480	0.594080	0.148073	-9.577948	4.026255E-01	8.754329E-01	5.888309E-01	
12640	0.631323	0.133257	-9.619108	3.808373E-01	8.601192E-01	5.621951E-01	
12800	0.603250	0.073137	-9.686386	3.538182E-01	8.439749E-01	5.361234E-01	
12960	0.630220	0.015031	-9.683913	3.246665E-01	8.268365E-01	5.094743E-01	
13120	0.565366	0.005310	-9.640770	3.002551E-01	8.068705E-01	4.833384E-01	
13280	0.392119	-0.102029	-9.765954	2.772385E-01	7.896060E-01	4.532579E-01	
13440	0.489549	-0.026693	-9.768498	2.443675E-01	7.698273E-01	4.260927E-01	
13600	0.450624	-0.066261	-9.737266	2.149717E-01	7.493407E-01	3.976394E-01	
13760	0.414239	-0.179724	-9.729770	1.962317E-01	7.275836E-01	3.682662E-01	
13920	0.383640	-0.143952	-9.882991	1.549457E-01	7.053984E-01	3.386411E-01	
14080	0.437744	-0.253276	-9.880095	1.318461E-01	6.829019E-01	3.082506E-01	
14240	0.376590	-0.215756	-9.870921	1.041735E-01	6.596465E-01	2.809078E-01	
14400	0.268564	-0.210653	-9.982608	7.625055E-02	6.350811E-01	2.486043E-01	
14560	0.289066	-0.336280	-10.001956	3.633378E-02	6.103147E-01	2.195565E-01	
14720	0.191453	-0.292511	-9.973645	1.433665E-02	5.860982E-01	1.869498E-01	
14880	0.186816	-0.267165	-10.050325	-1.048529E-02	5.589584E-01	1.568165E-01	
15040	0.236565	-0.363448	-10.022469	-3.748215E-02	5.353080E-01	1.245566E-01	
15200	0.148932	-0.424295	-10.082767	-6.714107E-02	5.082090E-01	9.479303E-02	
15360	0.124892	-0.399673	-10.114555	-1.023736E-01	4.800705E-01	6.430548E-02	
15520	0.040705	-0.463903	-10.092523	-1.281446E-01	4.525209E-01	3.143679E-02	
15680	-0.019528	-0.491889	-10.115946	-1.611639E-01	4.253357E-01	2.076450E-03	
15840	0.008170	-0.589487	-10.180942	-1.778820E-01	3.953160E-01	-3.294123E-02	
16000	-0.070544	-0.545428	-10.226817	-2.084325E-01	3.680218E-01	-6.268862E-02	
16160	0.018128	-0.541506	-10.300114	-2.411959E-01	3.378378E-01	-9.428201E-02	
16320	-0.108522	-0.634736	-10.323923	-2.662205E-01	3.066835E-01	-1.274079E-01	
16480	-0.110767	-0.580692	-10.372753	-2.961051E-01	2.781822E-01	-1.560556E-01	
16640	-0.131187	-0.663774	-10.313135	-3.330186E-01	2.461511E-01	-1.873207E-01	
16800	-0.122884	-0.685390	-10.356598	-3.585708E-01	2.147105E-01	-2.168985E-01	
16960	-0.165586	-0.643281	-10.455250	-3.780625E-01	1.846297E-01	-2.474939E-01	
17120	-0.181381	-0.758147	-10.372977	-4.131964E-01	1.553228E-01	-2.792178E-01	
17280	-0.215663	-0.700518	-10.446921	-4.409690E-01	1.233090E-01	-3.078293E-01	
17440	-0.264918	-0.811470	-10.455915	-4.717844E-01	9.179896E-02	-3.374678E-01	
17600	-0.288610	-0.721114	-10.487115	-4.905446E-01	6.146278E-02	-3.677059E-01	
17760	-0.406213	-0.805978	-10.486912	-5.170336E-01	2.916001E-02	-3.963512E-01	
17920	-0.368790	-0.751086	-10.496804	-5.453811E-01	-1.244547E-03	-4.253254E-01	
18080	-0.465769	-0.823169	-10.483924	-5.749577E-01	-3.206053E-02	-4.527913E-01	
18240	-0.394957	-0.814657	-10.579341	-6.039064E-01	-6.446519E-02	-4.797649E-01	
18400	-0.439927	-0.836353	-10.645971	-6.274389E-01	-9.560397E-02	-5.099511E-01	
18560	-0.441681	-0.951895	-10.544963	-6.389312E-01	-1.269398E-01	-5.352462E-01	
18720	-0.542147	-0.852583	-10.569896	-6.543424E-01	-1.577905E-01	-5.602127E-01	
18880	-0.568638	-0.931795	-10.677951	-6.734991E-01	-1.895157E-01	-5.880033E-01	
19040	-0.521022	-0.882801	-10.731441	-6.921585E-01	-2.201328E-01	-6.128425E-01	
19200	-0.582155	-0.876659	-10.708441	-7.146121E-01	-2.503026E-01	-6.375122E-01	
19360	-0.627247	-1.009078	-10.670065	-7.392011E-01	-2.815604E-01	-6.614636E-01	
19520	-0.653439	-0.953316	-10.756460	-7.568554E-01	-3.115751E-01	-6.848930E-01	
19680	-0.697689	-0.942005	-10.724013	-7.696675E-01	-3.410769E-01	-7.073885E-01	
19840	-0.685713	-0.990182	-10.766731	-7.906429E-01	-3.710030E-01	-7.277843E-01	
20000	-0.738288	-0.952022	-10.785549	-8.022493E-01	-3.984358E-01	-7.514379E-01	
20160	-0.707839	-1.013368	-10.754461	-8.094702E-01	-4.273695E-01	-7.706105E-01	
20320	-0.752760	-1.009295	-10.745922	-8.287999E-01	-4.556734E-01	-7.890531E-01	
20480	-0.707181	-1.050887	-10.803443	-8.366763E-01	-4.826232E-01	-8.107669E-01	
20640	-0.816724	-0.984641	-10.785433	-8.478157E-01	-5.117107E-01	-8.261476E-01	
20800	-0.811055	-0.968348	-10.754597	-8.644767E-01	-5.366039E-01	-8.457214E-01	
20960	-0.781432	-1.027248	-10.844016	-8.779393E-01	-5.630598E-01	-8.604899E-01	
21120	-0.834861	-1.008752	-10.870864	-8.916129E-01	-5.878560E-01	-8.755031E-01	
21280	-0.840927	-1.008085	-10.825451	-8.982443E-01	-6.133725E-01	-8.911877E-01	
21440	-0.824461	-1.028740	-10.774023	-9.187445E-01	-6.375833E-01	-9.053700E-01	
21600	-0.841394	-1.044434	-10.849016	-9.191869E-01	-6.619796E-01	-9.178227E-01	
21760	-0.908609	-1.059243	-10.790472	-9.250370E-01	-6.863570E-01	-9.284530E-01	
21920	-0.902070	-0.958473	-10.874655	-9.298458E-01	-7.094713E-01	-9.408743E-01	
22080	-0.942091	-1.039970	-10.865046	-9.403689E-01	-7.292990E-01	-9.507095E-01	
22240	-0.902715	-0.971618	-10.789769	-9.376920E-01	-7.507321E-01	-9.604446E-01	
22400	-0.969910	-1.009748	-10.793972	-9.345596E-01	-7.712471E-01	-9.684568E-01	
22560	-0.948461	-0.939121	-10.870384	-9.344652E-01	-7.909271E-01	-9.750008E-01	
22720	-0.973323	-0.862356	-10.754457	-9.343909E-01	-8.105902E-01	-9.809339E-01	
22880	-0.970952	-0.871483	-10.737885	-9.425413E-01	-8.303447E-01	-9.878083E-01	
23040	-0.912671	-0.978252	-10.741897	-9.397292E-01	-8.465628E-01	-9.924752E-01	
23200	-0.970171	-0.962268	-10.802775	-9.348630E-01	-8.606888E-01	-9.947419E-01	
23360	-1.012480	-0.854649	-10.726532	-9.346401E-01	-8.764373E-01	-9.962570E-01	
23520	-1.009053	-0.950064	-10.799353	-9.290258E-01	-8.899740E-01	-9.980943E-01	
23680	-1.037673	-0.826402	-10.756155	-9.179716E-01	-9.059946E-01	-1.000843E+00	
23840	-1.000239	-0.816154	-10.767988	-9.103162E-01	-9.167736E-01	-9.989228E-01	
24000	-0.992764	-0.855824	-10.691256	-9.107890E-01	-9.308776E-01	-9.981543E-01	
24160	-1.029648	-0.818417	-10.699788	-8.938773E-01	-9.410107E-01	-9.951740E-01	
24320	-1.041250	-0.837697	-10.675067	-8.905979E-01	-9.510450E-01	-9.944019E-01	
24480	-0.995149	-0.736292	-10.705495	-8.720953E-01	-9.598571E-01	-9.881547E-01	
24640	-0.996306	-0.819014	-10.613887	-8.659699E-01	-9.697607E-01	-9.810704E-01	
24800	-1.004239	-0.705669	-10.629717	-8.599702E-01	-9.771126E-01	-9.762874E-01	
24960	-0.983153	-0.729079	-10.639007	-8.371241E-01	-9.823072E-01	-9.705496E-01	
25120	-0.964532	-0.736079	-10.548016	-8.148695E-01	-9.885184E-01	-9.613677E-01	
25280	-0.976925	-0.708862	-10.683392	-8.060112E-01	-9.919726E-01	-9.509097E-01	
25440	-0.948699	-0.684123	-10.514553	-7.879100E-01	-9.961285E-01	-9.413840E-01	
25600	-0.978277	-0.586231	-10.592069	-7.674347E-01	-9.971696E-01	-9.301282E-01	
25760	-0.959147	-0.595372	-10.514605	-7.581097E-01	-1.000550E+00	-9.181220E-01	
25920	-0.886214	-0.578323	-10.497690	-7.389674E-01	-1.000702E+00	-9.041567E-01	
26080	-0.893934	-0.562900	-10.470107	-7.191273E-01	-9.988060E-01	-8.905531E-01	
26240	-0.904776	-0.586187	-10.503454	-7.078016E-01	-9.976096E-01	-8.770304E-01	
26400	-0.881137	-0.528169	-10.442152	-6.872183E-01	-9.938341E-01	-8.606359E-01	
26560	-0.885280	-0.529487	-10.419266	-6.664660E-01	-9.901430E-01	-8.465882E-01	
26720	-0.905898	-0.448549	-10.419648	-6.477984E-01	-9.874008E-01	-8.258974E-01	
26880	-0.853004	-0.422705	-10.292125	-6.272234E-01	-9.817267E-01	-8.064362E-01	
27040	-0.839140	-0.350217	-10.325386	-6.062682E-01	-9.755828E-01	-7.920867E-01	
27200	-0.820522	-0.385617	-10.225186	-5.812153E-01	-9.680400E-01	-7.712700E-01	
27360	-0.820261	-0.405746	-10.281924	-5.575091E-01	-9.623331E-01	-7.510560E-01	
27520	-0.771559	-0.313748	-10.252526	-5.286784E-01	-9.501252E-01	-7.295213E-01	
27680	-0.751268	-0.264950	-10.313215	-5.092121E-01	-9.390043E-01	-7.061147E-01	
27840	-0.705750	-0.262338	-10.168767	-4.752988E-01	-9.279506E-01	-6.861833E-01	
28000	-0.714870	-0.167759	-10.167037	-4.552465E-01	-9.187210E-01	-6.621285E-01	
28160	-0.686429	-0.212312	-10.191809	-4.252691E-01	-9.029913E-01	-6.370042E-01	
28320	-0.714421	-0.211659	-10.078094	-3.939721E-01	-8.905626E-01	-6.109738E-01	
28480	-0.560644	-0.126348	-10.108176	-3.616687E-01	-8.761822E-01	-5.875307E-01	
28640	-0.592546	-0.047292	-10.008321	-3.247486E-01	-8.599022E-01	-5.618741E-01	
28800	-0.601484	-0.097039	-10.048000	-2.984248E-01	-8.442284E-01	-5.359504E-01	
28960	-0.546457	-0.075163	-9.990939	-2.722119E-01	-8.278508E-01	-5.102450E-01	
29120	-0.519826	0.054553	-9.973716	-2.532266E-01	-8.064409E-01	-4.819145E-01	
29280	-0.536329	0.065201	-9.965282	-2.289637E-01	-7.883877E-01	-4.530646E-01	
29440	-0.452224	0.026123	-9.911331	-1.932883E-01	-7.686982E-01	-4.246017E-01	
29600	-0.484367	0.084430	-9.834208	-1.591795E-01	-7.494333E-01	-3.977237E-01	
29760	-0.473700	0.074185	-9.777914	-1.291241E-01	-7.267489E-01	-3.676856E-01	
29920	-0.357151	0.115394	-9.760540	-1.045483E-01	-7.057510E-01	-3.389681E-01	
30080	-0.418937	0.148004	-9.774410	-7.649957E-02	-6.825552E-01	-3.089874E-01	
30240	-0.239872	0.209751	-9.793039	-4.735959E-02	-6.597877E-01	-2.797322E-01	
30400	-0.287493	0.279421	-9.652086	-1.298840E-02	-6.356939E-01	-2.495191E-01	
30560	-0.256536	0.253263	-9.626988	1.889425E-02	-6.119382E-01	-2.192944E-01	
30720	-0.280452	0.269152	-9.617349	4.952684E-02	-5.852928E-01	-1.887475E-01	
30880	-0.278913	0.304268	-9.648310	7.823939E-02	-5.598838E-01	-1.578022E-01	
31040	-0.165766	0.298340	-9.620596	9.458358E-02	-5.348758E-01	-1.275050E-01	
31200	-0.119106	0.354794	-9.485879	1.316988E-01	-5.083598E-01	-9.266503E-02	
31360	-0.117874	0.434501	-9.575351	1.558175E-01	-4.804296E-01	-6.258912E-02	
31520	-0.138971	0.463231	-9.498835	1.878518E-01	-4.537444E-01	-3.131399E-02	
31680	-0.102183	0.530965	-9.405587	2.239230E-01	-4.216216E-01	1.767558E-04	
31840	-0.060879	0.493270	-9.413862	2.470145E-01	-3.951764E-01	3.136859E-02	
32000	-0.040736	0.533394	-9.421092	2.789804E-01	-3.651555E-01	6.143051E-02	
32160	0.043814	0.565717	-9.418302	3.028999E-01	-3.370703E-01	9.396923E-02	
32320	0.065240	0.576899	-9.341532	3.305300E-01	-3.066199E-01	1.260319E-01	
32480	0.002195	0.620916	-9.314566	3.614845E-01	-2.761814E-01	1.586260E-01	
32640	0.109202	0.554543	-9.278671	3.954702E-01	-2.478118E-01	1.854774E-01	
32800	0.205674	0.683647	-9.210329	4.278803E-01	-2.184198E-01	2.157778E-01	
32960	0.128783	0.703085	-9.275191	4.631597E-01	-1.849781E-01	2.485415E-01	
33120	0.237624	0.684073	-9.179531	4.888187E-01	-1.551410E-01	2.781773E-01	
33280	0.238411	0.659640	-9.219328	5.112322E-01	-1.229067E-01	3.094597E-01	
33440	0.247640	0.744569	-9.158975	5.246810E-01	-9.201007E-02	3.370219E-01	
33600	0.298115	0.739562	-9.122774	5.478195E-01	-6.172683E-02	3.690531E-01	
33760	0.206972	0.783363	-9.112666	5.690592E-01	-2.793097E-02	3.974397E-01	
33920	0.364202	0.794086	-9.047674	6.002782E-01	1.994646E-03	4.249017E-01	
34080	0.390640	0.765252	-9.093273	6.271709E-01	3.276742E-02	4.523642E-01	
34240	0.428344	0.812848	-9.099690	6.462008E-01	6.462434E-02	4.822522E-01	
34400	0.501864	0.845593	-9.055624	6.707184E-01	9.688755E-02	5.089169E-01	
34560	0.467354	0.922637	-8.987004	6.881229E-01	1.278696E-01	5.358050E-01	
34720	0.486749	0.900835	-9.036798	7.169067E-01	1.590625E-01	5.611791E-01	
34880	0.549651	0.898437	-8.953010	7.387093E-01	1.902813E-01	5.866782E-01	
35040	0.519366	0.904031	-8.912675	7.614005E-01	2.193963E-01	6.128364E-01	
35200	0.577473	0.907898	-8.940622	7.761724E-01	2.499471E-01	6.372633E-01	
35360	0.614147	0.938996	-8.960308	7.931682E-01	2.802533E-01	6.615823E-01	
35520	0.636595	0.956640	-8.894842	8.077965E-01	3.096144E-01	6.836045E-01	
35680	0.712657	0.957689	-8.880557	8.155028E-01	3.406896E-01	7.071047E-01	
35840	0.679157	0.979845	-8.845855	8.342839E-01	3.700297E-01	7.284643E-01	
36000	0.687579	1.075750	-8.881163	8.522535E-01	3.996686E-01	7.497674E-01	
36160	0.745579	1.004151	-8.860124	8.678515E-01	4.269405E-01	7.701368E-01	
36320	0.774943	1.041766	-8.840004	8.786456E-01	4.565543E-01	7.917927E-01	
36480	0.848242	0.979354	-8.834773	8.907746E-01	4.821694E-01	8.097422E-01	
36640	0.803704	1.021258	-8.826752	8.930477E-01	5.095149E-01	8.251138E-01	
36800	0.759484	0.979660	-8.834961	9.037475E-01	5.369994E-01	8.438822E-01	
36960	0.862372	1.000475	-8.804376	9.174335E-01	5.619095E-01	8.605059E-01	
37120	0.908530	0.980094	-8.823557	9.230975E-01	5.893159E-01	8.774614E-01	
37280	0.834047	1.024107	-8.821753	9.269532E-01	6.134569E-01	8.904981E-01	
37440	0.915336	1.061502	-8.851782	9.353922E-01	6.385109E-01	9.040001E-01	
37600	0.908829	1.009088	-8.876313	9.324336E-01	6.654546E-01	9.151936E-01	
37760	0.885528	0.984390	-8.807111	9.291036E-01	6.851570E-01	9.297419E-01	
37920	0.894202	1.007069	-8.800386	9.321535E-01	7.098128E-01	9.422760E-01	
38080	0.903458	0.996522	-8.813539	9.363072E-01	7.295929E-01	9.477773E-01	
38240	0.917568	0.912436	-8.785704	9.292688E-01	7.496320E-01	9.608024E-01	
38400	0.988570	1.051935	-8.818481	9.297817E-01	7.715868E-01	9.681459E-01	
38560	1.037626	1.030900	-8.765858	9.307559E-01	7.903170E-01	9.754844E-01	
38720	0.942175	0.976516	-8.816606	9.273022E-01	8.112675E-01	9.826482E-01	
38880	0.984361	0.955343	-8.810602	9.266588E-01	8.274093E-01	9.879433E-01	
39040	0.981031	0.914102	-8.866220	9.130255E-01	8.447447E-01	9.915980E-01	
39200	1.020141	0.935743	-8.835731	9.138540E-01	8.615396E-01	9.937923E-01	
39360	0.939825	0.946627	-8.899599	8.964590E-01	8.757396E-01	9.978041E-01	
39520	1.015088	0.872258	-8.824418	8.965162E-01	8.917285E-01	9.997122E-01	
39680	1.039772	0.798865	-8.909396	8.821663E-01	9.057649E-01	1.000958E+00	
39840	1.009693	0.886661	-8.939673	8.761700E-01	9.187665E-01	1.001449E+00	
40000	1.003783	0.840771	-8.852881	8.731961E-01	9.324363E-01	9.982953E-01	
40160	1.072784	0.854882	-8.934860	8.641371E-01	9.435101E-01	9.946061E-01	
40320	0.975211	0.807598	-8.963849	8.553863E-01	9.515796E-01	9.909414E-01	
40480	0.941703	0.836204	-8.989419	8.411597E-01	9.622735E-01	9.887701E-01	
40640	1.026585	0.741294	-8.954139	8.278721E-01	9.693190E-01	9.811303E-01	
40800	0.970958	0.712784	-8.995625	8.151305E-01	9.768053E-01	9.761488E-01	
40960	0.967177	0.705921	-8.991301	7.972605E-01	9.845564E-01	9.687232E-01	
41120	0.959103	0.699925	-9.001739	7.797301E-01	9.882338E-01	9.609484E-01	
41280	0.927750	0.677833	-9.012512	7.666760E-01	9.903779E-01	9.514319E-01	
41440	0.955977	0.663778	-9.025582	7.505550E-01	9.941198E-01	9.413649E-01	
41600	0.927657	0.652773	-9.074831	7.379910E-01	9.982086E-01	9.307329E-01	
41760	1.002565	0.619853	-9.123735	7.178135E-01	1.000279E+00	9.176581E-01	
41920	0.982948	0.577210	-9.154245	7.045103E-01	1.000850E+00	9.053775E-01	
42080	0.945590	0.521420	-9.107631	6.880745E-01	9.984335E-01	8.920616E-01	
42240	0.931377	0.530182	-9.130875	6.715462E-01	9.970337E-01	8.758610E-01	
42400	0.939545	0.483316	-9.204654	6.575261E-01	9.971063E-01	8.602338E-01	
42560	0.791749	0.481942	-9.262549	6.334745E-01	9.910567E-01	8.447891E-01	
42720	0.884923	0.380548	-9.247169	6.079436E-01	9.878716E-01	8.281358E-01	
42880	0.843711	0.411086	-9.248938	5.859277E-01	9.803131E-01	8.088674E-01	
43040	0.787981	0.379825	-9.337350	5.664664E-01	9.743076E-01	7.914351E-01	
43200	0.736738	0.362357	-9.245647	5.394540E-01	9.696556E-01	7.720407E-01	
43360	0.765495	0.362279	-9.402288	5.062548E-01	9.591387E-01	7.512649E-01	
43520	0.680686	0.283896	-9.360224	4.821035E-01	9.511151E-01	7.310455E-01	
43680	0.754568	0.326853	-9.444349	4.579132E-01	9.413869E-01	7.064602E-01	
43840	0.773172	0.221595	-9.492670	4.295633E-01	9.286789E-01	6.860943E-01	
44000	0.703157	0.211088	-9.427099	4.032292E-01	9.168888E-01	6.622829E-01	
44160	0.687941	0.200079	-9.471128	3.745270E-01	9.040732E-01	6.373754E-01	
44320	0.688901	0.149271	-9.589802	3.499683E-01	8.892550E-01	6.123514E-01	
44480	0.594512	0.080150	-9.515545	3.195728E-01	8.762104E-01	5.894237E-01	
44640	0.580142	0.068672	-9.609763	2.937748E-01	8.581743E-01	5.620282E-01	
44800	0.570735	0.032049	-9.674616	2.707113E-01	8.417855E-01	5.368931E-01	
44960	0.524212	0.042818	-9.680068	2.357093E-01	8.261072E-01	5.082056E-01	
45120	0.531348	-0.026149	-9.752755	2.105352E-01	8.077088E-01	4.839507E-01	
45280	0.569553	-0.053324	-9.662526	1.800850E-01	7.871341E-01	4.540152E-01	
45440	0.478855	-0.063560	-9.773231	1.378012E-01	7.683068E-01	4.258948E-01	
45600	0.489051	-0.094387	-9.745227	1.072806E-01	7.498219E-01	3.981412E-01	
45760	0.491458	-0.127451	-9.785384	7.040960E-02	7.296254E-01	3.681527E-01	
45920	0.425855	-0.105669	-9.900297	3.957611E-02	7.057020E-01	3.394499E-01	
46080	0.319559	-0.229382	-9.868849	1.052770E-02	6.832280E-01	3.086011E-01	
46240	0.345122	-0.214494	-9.923914	-2.220850E-02	6.586934E-01	2.776482E-01	
46400	0.396139	-0.179337	-9.975215	-5.648938E-02	6.361988E-01	2.492245E-01	
46560	0.286974	-0.224425	-9.970942	-9.826944E-02	6.097955E-01	2.185506E-01	
46720	0.240798	-0.260281	-10.007204	-1.262580E-01	5.843527E-01	1.869435E-01	
46880	0.193008	-0.300863	-9.993594	-1.612500E-01	5.602764E-01	1.565943E-01	
47040	0.323252	-0.420794	-10.064073	-1.874542E-01	5.357666E-01	1.243135E-01	
47200	0.198730	-0.333923	-10.077839	-2.146602E-01	5.075841E-01	9.533903E-02	
47360	0.109835	-0.427764	-10.119165	-2.445312E-01	4.799187E-01	6.348470E-02	
47520	0.156887	-0.483411	-10.137842	-2.738675E-01	4.523202E-01	3.216547E-02	
47680	0.007562	-0.501683	-10.148924	-3.020917E-01	4.231977E-01	6.712191E-04	
47840	0.123886	-0.555171	-10.228903	-3.318346E-01	3.957660E-01	-3.089326E-02	
48000	0.019137	-0.511990	-10.218079	-3.675175E-01	3.642822E-01	-6.115212E-02	
48160	-0.084623	-0.529778	-10.256793	-3.975426E-01	3.368037E-01	-9.361353E-02	
48320	-0.028267	-0.562526	-10.320043	-4.212535E-01	3.082627E-01	-1.254436E-01	
48480	-0.079100	-0.685466	-10.316980	-4.419209E-01	2.773472E-01	-1.555195E-01	
48640	-0.181022	-0.650472	-10.385932	-4.783387E-01	2.456735E-01	-1.878049E-01	
48800	-0.230070	-0.654568	-10.369404	-4.992414E-01	2.153556E-01	-2.177737E-01	
48960	-0.189128	-0.667808	-10.417310	-5.232911E-01	1.862619E-01	-2.489873E-01	
49120	-0.234697	-0.729078	-10.456697	-5.443242E-01	1.540711E-01	-2.791069E-01	
49280	-0.283252	-0.726809	-10.458657	-5.827084E-01	1.246561E-01	-3.088454E-01	
49440	-0.266712	-0.797621	-10.471724	-6.114002E-01	9.237308E-02	-3.356307E-01	
49600	-0.278394	-0.795108	-10.443948	-6.390226E-01	5.832209E-02	-3.670520E-01	
49760	-0.322608	-0.806893	-10.545985	-6.559296E-01	3.094525E-02	-3.981969E-01	
49920	-0.298457	-0.838053	-10.566578	-6.811521E-01	-3.525746E-03	-4.256079E-01	
50080	-0.470157	-0.858024	-10.585978	-7.075599E-01	-3.422051E-02	-4.554312E-01	
50240	-0.433819	-0.859680	-10.539107	-7.280897E-01	-6.533041E-02	-4.824721E-01	
50400	-0.411436	-0.782150	-10.584810	-7.509467E-01	-9.560152E-02	-5.088463E-01	
50560	-0.517206	-0.873079	-10.664059	-7.666862E-01	-1.272311E-01	-5.371023E-01	
50720	-0.490385	-0.905105	-10.722695	-7.914003E-01	-1.579912E-01	-5.611087E-01	
50880	-0.541834	-0.872406	-10.644969	-8.082875E-01	-1.900177E-01	-5.872859E-01	
51040	-0.558001	-0.806654	-10.618552	-8.215619E-01	-2.219028E-01	-6.130736E-01	
51200	-0.587329	-0.908072	-10.613050	-8.411560E-01	-2.485725E-01	-6.374310E-01	
51360	-0.617372	-0.924976	-10.748753	-8.529773E-01	-2.821932E-01	-6.605737E-01	
51520	-0.594466	-0.944556	-10.688150	-8.619250E-01	-3.121372E-01	-6.835301E-01	
51680	-0.650799	-0.997474	-10.725675	-8.865711E-01	-3.405516E-01	-7.077924E-01	
51840	-0.707368	-0.901730	-10.741723	-9.082014E-01	-3.689161E-01	-7.282269E-01	
52000	-0.723626	-0.916802	-10.729802	-9.200308E-01	-3.987032E-01	-7.496548E-01	
52160	-0.751009	-0.982235	-10.758803	-9.333120E-01	-4.286913E-01	-7.709168E-01	
52320	-0.701106	-0.992886	-10.804284	-9.515505E-01	-4.559663E-01	-7.886335E-01	
52480	-0.814692	-0.963325	-10.786202	-9.670831E-01	-4.815299E-01	-8.085468E-01	
52640	-0.737242	-0.960354	-10.803565	-9.782331E-01	-5.108222E-01	-8.278690E-01	
52800	-0.740731	-0.974960	-10.737259	-9.968918E-01	-5.370521E-01	-8.446464E-01	
52960	-0.811010	-0.946980	-10.816776	-1.004058E+00	-5.656425E-01	-8.613986E-01	
53120	-0.781218	-0.942666	-10.781486	-1.015824E+00	-5.893791E-01	-8.751747E-01	
53280	-0.846661	-1.006392	-10.877220	-1.026308E+00	-6.124768E-01	-8.920637E-01	
53440	-0.845534	-0.979071	-10.832066	-1.026518E+00	-6.395289E-01	-9.047726E-01	
53600	-0.883855	-0.948951	-10.765831	-1.047640E+00	-6.628682E-01	-9.175402E-01	
53760	-0.834604	-0.950345	-10.838151	-1.037989E+00	-6.864464E-01	-9.288857E-01	
53920	-0.981156	-1.020199	-10.823565	-1.051224E+00	-7.100884E-01	-9.409289E-01	
54080	-0.895722	-0.917349	-10.793856	-1.060855E+00	-7.302691E-01	-9.512509E-01	
54240	-0.941097	-0.994363	-10.752978	-1.059434E+00	-7.495679E-01	-9.612098E-01	
54400	-0.972074	-1.018657	-10.742000	-1.050531E+00	-7.727007E-01	-9.676328E-01	
54560	-0.973951	-0.876879	-10.821021	-1.051926E+00	-7.921230E-01	-9.753103E-01	
54720	-0.924584	-0.991833	-10.799031	-1.053953E+00	-8.089466E-01	-9.831071E-01	
54880	-1.008239	-0.990004	-10.825645	-1.049244E+00	-8.297330E-01	-9.880770E-01	
55040	-1.013383	-0.915973	-10.778272	-1.047597E+00	-8.447459E-01	-9.915716E-01	
55200	-0.925434	-0.933141	-10.812959	-1.048314E+00	-8.618288E-01	-9.949860E-01	
55360	-1.025789	-0.943744	-10.762434	-1.039238E+00	-8.766389E-01	-9.987288E-01	
55520	-0.887638	-0.885015	-10.808867	-1.035393E+00	-8.931707E-01	-9.995867E-01	
55680	-0.992352	-0.853054	-10.720380	-1.029901E+00	-9.063717E-01	-1.000607E+00	
55840	-1.072684	-0.841606	-10.714639	-1.025037E+00	-9.166226E-01	-9.978311E-01	
56000	-0.966461	-0.841643	-10.811405	-1.015504E+00	-9.312046E-01	-9.965205E-01	
56160	-1.032205	-0.810126	-10.722337	-9.989820E-01	-9.409025E-01	-9.953715E-01	
56320	-0.942814	-0.856355	-10.652894	-9.883589E-01	-9.506890E-01	-9.926297E-01	
56480	-1.013058	-0.809653	-10.670818	-9.836263E-01	-9.616365E-01	-9.869172E-01	
56640	-1.026740	-0.820699	-10.643127	-9.700895E-01	-9.701472E-01	-9.827933E-01	
56800	-1.008573	-0.784674	-10.646960	-9.637391E-01	-9.770725E-01	-9.762461E-01	
56960	-0.995890	-0.722514	-10.600934	-9.568094E-01	-9.828348E-01	-9.680890E-01	
57120	-1.031526	-0.772365	-10.639501	-9.360320E-01	-9.892276E-01	-9.596271E-01	
57280	-0.978156	-0.727539	-10.553009	-9.163115E-01	-9.931263E-01	-9.497168E-01	
57440	-0.918140	-0.565165	-10.584132	-8.935175E-01	-9.944936E-01	-9.415897E-01	
57600	-0.879316	-0.622019	-10.573146	-8.780024E-01	-9.995375E-01	-9.313260E-01	
57760	-0.973484	-0.594966	-10.542496	-8.645983E-01	-9.990678E-01	-9.196064E-01	
57920	-0.922588	-0.644082	-10.526130	-8.476445E-01	-1.000692E+00	-9.045545E-01	
58080	-0.912664	-0.598636	-10.499790	-8.304711E-01	-9.990776E-01	-8.907966E-01	
58240	-0.861106	-0.538626	-10.453334	-8.127633E-01	-9.989238E-01	-8.768737E-01	
58400	-0.899101	-0.484578	-10.388715	-7.934154E-01	-9.953759E-01	-8.616631E-01	
58560	-0.907697	-0.460166	-10.392055	-7.717643E-01	-9.916495E-01	-8.446623E-01	
58720	-0.879239	-0.432194	-10.376378	-7.535899E-01	-9.868140E-01	-8.284324E-01	
58880	-0.906701	-0.381974	-10.285810	-7.347610E-01	-9.807883E-01	-8.103386E-01	
59040	-0.769063	-0.392479	-10.390534	-7.120007E-01	-9.752690E-01	-7.891208E-01	
59200	-0.870361	-0.353463	-10.280117	-6.908233E-01	-9.699421E-01	-7.712412E-01	
59360	-0.682980	-0.354708	-10.214865	-6.661080E-01	-9.577156E-01	-7.520351E-01	
59520	-0.778021	-0.265471	-10.240024	-6.411544E-01	-9.504038E-01	-7.310170E-01	
59680	-0.762766	-0.268850	-10.154783	-6.139478E-01	-9.399328E-01	-7.060069E-01	
59840	-0.823101	-0.329279	-10.227830	-5.881874E-01	-9.299429E-01	-6.838837E-01	
60000	-0.651975	-0.226042	-10.228611	-5.567873E-01	-9.167054E-01	-6.607809E-01	
60160	-0.736626	-0.146355	-10.128231	-5.222731E-01	-9.043415E-01	-6.372937E-01	
60320	-0.685374	-0.156038	-10.077261	-4.909129E-01	-8.917965E-01	-6.136012E-01	
60480	-0.586469	-0.077091	-10.048526	-4.469413E-01	-8.756416E-01	-5.862341E-01	
60640	-0.648670	-0.110887	-10.001548	-4.211438E-01	-8.595276E-01	-5.627285E-01	
60800	-0.602494	-0.050822	-10.022703	-4.021876E-01	-8.437577E-01	-5.356233E-01	
60960	-0.594342	-0.008228	-9.895636	-3.740429E-01	-8.260266E-01	-5.081307E-01	
61120	-0.500860	-0.096357	-9.989929	-3.463883E-01	-8.085251E-01	-4.816325E-01	
61280	-0.490023	-0.011303	-9.843983	-3.201864E-01	-7.887492E-01	-4.544608E-01	
61440	-0.442301	0.027788	-9.834815	-2.804615E-01	-7.674000E-01	-4.253317E-01	
61600	-0.473279	0.142149	-9.830190	-2.520215E-01	-7.477951E-01	-3.970305E-01	
61760	-0.426269	0.183292	-9.778395	-2.195186E-01	-7.270702E-01	-3.703508E-01	
61920	-0.433406	0.125450	-9.748774	-1.832131E-01	-7.048791E-01	-3.411228E-01	
62080	-0.321942	0.175144	-9.752546	-1.477156E-01	-6.842288E-01	-3.093242E-01	
62240	-0.385490	0.202432	-9.745520	-1.122061E-01	-6.613521E-01	-2.808725E-01	
62400	-0.313087	0.274903	-9.704146	-8.441390E-02	-6.344963E-01	-2.501536E-01	
62560	-0.294299	0.274898	-9.603977	-5.645148E-02	-6.112346E-01	-2.185211E-01	
62720	-0.226192	0.322644	-9.610348	-3.315524E-02	-5.852878E-01	-1.883589E-01	
62880	-0.212360	0.357869	-9.620205	1.437360E-03	-5.610430E-01	-1.558630E-01	
63040	-0.201884	0.361807	-9.576423	4.903468E-02	-5.344654E-01	-1.262148E-01	
63200	-0.116434	0.361721	-9.561060	8.182360E-02	-5.065732E-01	-9.545352E-02	
63360	-0.071111	0.420467	-9.512668	1.141367E-01	-4.811941E-01	-6.301735E-02	
63520	-0.064721	0.422241	-9.366540	1.442196E-01	-4.531229E-01	-3.309368E-02	
63680	-0.037643	0.447561	-9.458422	1.827554E-01	-4.251390E-01	5.713232E-05	
63840	-0.031424	0.561289	-9.372022	2.099398E-01	-3.959030E-01	3.087740E-02	
64000	-0.061035	0.503796	-9.490999	2.472029E-01	-3.640600E-01	6.274030E-02	
64160	0.025607	0.505518	-9.365286	2.757751E-01	-3.364578E-01	9.331567E-02	
64320	0.085761	0.629791	-9.284628	3.033167E-01	-3.073424E-01	1.249598E-01	
64480	0.121257	0.551524	-9.309025	3.332102E-01	-2.780258E-01	1.547436E-01	
64640	0.133108	0.641139	-9.307118	3.557143E-01	-2.464234E-01	1.873952E-01	
64800	0.120872	0.700948	-9.266441	3.865374E-01	-2.165977E-01	2.177024E-01	
64960	0.207879	0.764291	-9.247365	4.183201E-01	-1.843923E-01	2.494465E-01	
65120	0.192002	0.707475	-9.195511	4.417743E-01	-1.545617E-01	2.791592E-01	
65280	0.192408	0.737784	-9.172603	4.749543E-01	-1.221024E-01	3.110158E-01	
65440	0.325481	0.701862	-9.191951	4.960304E-01	-9.235576E-02	3.383394E-01	
65600	0.305501	0.875596	-9.132017	5.225247E-01	-6.058358E-02	3.666058E-01	
65760	0.335112	0.825097	-9.096346	5.458381E-01	-2.884403E-02	3.971721E-01	
65920	0.423929	0.796540	-9.040082	5.679743E-01	1.189539E-03	4.268926E-01	
66080	0.359119	0.850721	-9.055853	5.926244E-01	3.273932E-02	4.507367E-01	
66240	0.428563	0.795172	-8.994800	6.156960E-01	6.525961E-02	4.808531E-01	
66400	0.450084	0.857814	-9.033124	6.325803E-01	9.376469E-02	5.092723E-01	
66560	0.476208	0.856412	-9.039716	6.490445E-01	1.273897E-01	5.363590E-01	
66720	0.442622	0.925865	-9.014917	6.790637E-01	1.588895E-01	5.630531E-01	
66880	0.617983	0.891183	-8.987735	7.055860E-01	1.877218E-01	5.882912E-01	
67040	0.507348	0.892176	-8.945507	7.259803E-01	2.213138E-01	6.132183E-01	
67200	0.584553	0.946379	-8.946323	7.475457E-01	2.518257E-01	6.372866E-01	
67360	0.651410	0.982354	-8.898867	7.680929E-01	2.814063E-01	6.612248E-01	
67520	0.621988	0.905013	-8.913774	7.854829E-01	3.117014E-01	6.840933E-01	
67680	0.689064	0.959734	-8.915863	8.008338E-01	3.383002E-01	7.079037E-01	
67840	0.655539	0.959873	-8.883027	8.220742E-01	3.696039E-01	7.285730E-01	
68000	0.736481	1.028788	-8.882396	8.442337E-01	3.979871E-01	7.505680E-01	
68160	0.692808	0.989929	-8.834079	8.545416E-01	4.280965E-01	7.695215E-01	
68320	0.691123	1.026655	-8.856229	8.723696E-01	4.550666E-01	7.895215E-01	
68480	0.731532	1.005343	-8.874289	8.813589E-01	4.829666E-01	8.089189E-01	
68640	0.794007	0.972982	-8.790830	8.861489E-01	5.107830E-01	8.275478E-01	
68800	0.730968	1.015207	-8.802077	8.949599E-01	5.362344E-01	8.441035E-01	
68960	0.807404	0.939815	-8.832826	9.005148E-01	5.644202E-01	8.573671E-01	
69120	0.816536	0.958751	-8.756063	9.054194E-01	5.887128E-01	8.760570E-01	
69280	0.859671	1.043761	-8.840209	9.115321E-01	6.156396E-01	8.912803E-01	
69440	0.923042	1.027516	-8.837341	9.153160E-01	6.388838E-01	9.038440E-01	
69600	0.876685	1.005114	-8.823199	9.147382E-01	6.626096E-01	9.169516E-01	
69760	0.868862	1.020362	-8.898896	9.196466E-01	6.864057E-01	9.294498E-01	
69920	0.905591	1.031659	-8.818933	9.258488E-01	7.093904E-01	9.393682E-01	
70080	0.857463	0.959445	-8.872523	9.201135E-01	7.305600E-01	9.525153E-01	
70240	1.018272	1.006127	-8.833724	9.319205E-01	7.528328E-01	9.591837E-01	
70400	0.939773	1.010433	-8.843011	9.282705E-01	7.704107E-01	9.688717E-01	
70560	0.938717	0.862106	-8.826769	9.348579E-01	7.911883E-01	9.763379E-01	
70720	1.024916	0.950865	-8.840685	9.376733E-01	8.115705E-01	9.832619E-01	
70880	0.923477	1.046469	-8.811142	9.333782E-01	8.284999E-01	9.877035E-01	
71040	1.027223	0.999717	-8.822064	9.297849E-01	8.451041E-01	9.916611E-01	
71200	0.999224	0.948452	-8.786410	9.206010E-01	8.615742E-01	9.950891E-01	
71360	0.981668	0.928049	-8.812858	9.153779E-01	8.765385E-01	9.982763E-01	
71520	0.975230	0.863682	-8.931092	9.112894E-01	8.916736E-01	1.000200E+00	
71680	1.078628	0.920133	-8.810126	8.973131E-01	9.053805E-01	9.995797E-01	
71840	1.056968	0.799796	-8.839514	8.950284E-01	9.173728E-01	9.991207E-01	
72000	1.043126	0.843267	-8.866583	8.844724E-01	9.318572E-01	9.967814E-01	
72160	0.983890	0.818209	-8.871240	8.757611E-01	9.420250E-01	9.944632E-01	
72320	1.069023	0.810896	-8.943200	8.645149E-01	9.519800E-01	9.928125E-01	
72480	1.019058	0.792204	-8.923919	8.497439E-01	9.598954E-01	9.880383E-01	
72640	0.966616	0.786925	-9.021676	8.408572E-01	9.686704E-01	9.823647E-01	
72800	0.998150	0.744303	-8.976412	8.252591E-01	9.761810E-01	9.761778E-01	
72960	1.049041	0.661011	-9.058863	8.181977E-01	9.840610E-01	9.681794E-01	
73120	0.949753	0.716285	-9.112823	8.094171E-01	9.892984E-01	9.606964E-01	
73280	1.029814	0.626864	-9.031390	7.962885E-01	9.924635E-01	9.515220E-01	
73440	0.927543	0.800164	-9.094986	7.820259E-01	9.959186E-01	9.402597E-01	
73600	0.940044	0.676999	-9.124041	7.624214E-01	9.984261E-01	9.291908E-01	
73760	0.935695	0.578522	-9.112994	7.448667E-01	9.999336E-01	9.185176E-01	
73920	0.970209	0.589942	-9.100861	7.226507E-01	1.000129E+00	9.032537E-01	
74080	0.853573	0.582499	-9.161816	6.950781E-01	9.983192E-01	8.901915E-01	
74240	0.880517	0.508675	-9.142906	6.800282E-01	9.977106E-01	8.778923E-01	
74400	0.927718	0.488629	-9.160242	6.666526E-01	9.944737E-01	8.604010E-01	
74560	0.992290	0.455543	-9.266599	6.448268E-01	9.922504E-01	8.467415E-01	
74720	0.885663	0.484132	-9.231510	6.166316E-01	9.870483E-01	8.269472E-01	
74880	0.858093	0.434664	-9.283613	5.986930E-01	9.817690E-01	8.091019E-01	
75040	0.823538	0.394003	-9.327696	5.716207E-01	9.748000E-01	7.899510E-01	
75200	0.791969	0.343257	-9.379240	5.482895E-01	9.680279E-01	7.714885E-01	
75360	0.796848	0.316671	-9.316224	5.204907E-01	9.586561E-01	7.495853E-01	
75520	0.665044	0.330759	-9.459119	4.818420E-01	9.509063E-01	7.300051E-01	
75680	0.744915	0.278972	-9.338940	4.538182E-01	9.407433E-01	7.079241E-01	
75840	0.710590	0.253820	-9.388946	4.270602E-01	9.285064E-01	6.825160E-01	
76000	0.670604	0.179026	-9.487369	3.912455E-01	9.161518E-01	6.624523E-01	
76160	0.752407	0.176395	-9.499537	3.563454E-01	9.042376E-01	6.368207E-01	
76320	0.633949	0.166970	-9.494668	3.172577E-01	8.887041E-01	6.145868E-01	
76480	0.630124	0.077333	-9.529294	2.855267E-01	8.735695E-01	5.879792E-01	
76640	0.560022	0.164830	-9.655907	2.558832E-01	8.596544E-01	5.617058E-01	
76800	0.621683	0.101486	-9.632446	2.253504E-01	8.421820E-01	5.342226E-01	
76960	0.629318	0.004388	-9.687467	1.927218E-01	8.275523E-01	5.087354E-01	
77120	0.469539	-0.001300	-9.688335	1.606903E-01	8.068612E-01	4.810782E-01	
77280	0.528295	-0.008338	-9.701373	1.286131E-01	7.887573E-01	4.536593E-01	
77440	0.452492	-0.092427	-9.752607	9.670473E-02	7.707898E-01	4.266166E-01	
77600	0.478296	-0.031435	-9.746232	7.462753E-02	7.484919E-01	3.974548E-01	
77760	0.417387	-0.117851	-9.775382	4.720141E-02	7.270273E-01	3.663746E-01	
77920	0.446626	-0.188737	-9.785641	8.423244E-03	7.045691E-01	3.402996E-01	
78080	0.412313	-0.189137	-9.933027	-2.606421E-02	6.836530E-01	3.098311E-01	
78240	0.339904	-0.214129	-9.962072	-5.557948E-02	6.585227E-01	2.780755E-01	
78400	0.318338	-0.251399	-10.058300	-8.956184E-02	6.370256E-01	2.482479E-01	
78560	0.237472	-0.335950	-9.926368	-1.274571E-01	6.115260E-01	2.198692E-01	
78720	0.294003	-0.230343	-9.986903	-1.500081E-01	5.868158E-01	1.874952E-01	
78880	0.218240	-0.417605	-10.061607	-1.816549E-01	5.613135E-01	1.558508E-01	
79040	0.146325	-0.439082	-10.109514	-2.109069E-01	5.345636E-01	1.258213E-01	
79200	0.174858	-0.419109	-10.128136	-2.511895E-01	5.084988E-01	9.471316E-02	
79360	0.116529	-0.444612	-10.159518	-2.765776E-01	4.811862E-01	6.497419E-02	
79520	0.124431	-0.582412	-10.072639	-3.126859E-01	4.534708E-01	3.232439E-02	
79680	0.039713	-0.471039	-10.173078	-3.394622E-01	4.237216E-01	1.250085E-04	
79840	-0.012981	-0.518595	-10.208439	-3.568922E-01	3.950135E-01	-3.192502E-02	
80000	-0.047091	-0.529189	-10.244464	-3.876078E-01	3.675376E-01	-6.123277E-02	
80160	-0.029893	-0.526643	-10.286031	-4.057688E-01	3.376247E-01	-9.379850E-02	
80320	-0.079502	-0.613794	-10.340655	-4.367766E-01	3.074484E-01	-1.249749E-01	
80480	-0.063745	-0.585247	-10.268592	-4.722395E-01	2.784009E-01	-1.566417E-01	
80640	-0.167073	-0.624263	-10.375458	-5.037102E-01	2.490526E-01	-1.865850E-01	
80800	-0.174096	-0.695780	-10.363013	-5.312545E-01	2.158784E-01	-2.184172E-01	
80960	-0.211113	-0.643037	-10.426534	-5.578904E-01	1.838606E-01	-2.475404E-01	
81120	-0.283686	-0.717872	-10.393600	-5.703410E-01	1.529434E-01	-2.777404E-01	
81280	-0.301656	-0.742273	-10.419954	-5.967036E-01	1.224583E-01	-3.096078E-01	
81440	-0.308345	-0.713485	-10.516089	-6.315075E-01	9.318966E-02	-3.384601E-01	
81600	-0.332689	-0.724803	-10.496822	-6.622987E-01	5.997464E-02	-3.690786E-01	
81760	-0.299463	-0.762995	-10.501483	-6.894683E-01	2.845700E-02	-3.955700E-01	
81920	-0.351303	-0.796219	-10.486625	-7.052249E-01	-1.826470E-03	-4.269877E-01	
82080	-0.368874	-0.823795	-10.549952	-7.268903E-01	-3.359684E-02	-4.518331E-01	
82240	-0.379051	-0.792930	-10.629681	-7.502927E-01	-6.508749E-02	-4.817914E-01	
82400	-0.486080	-0.780701	-10.558928	-7.763453E-01	-9.666120E-02	-5.079449E-01	
82560	-0.483764	-0.874732	-10.592086	-8.013392E-01	-1.291785E-01	-5.362736E-01	
82720	-0.552341	-0.910679	-10.591962	-8.265429E-01	-1.569624E-01	-5.629571E-01	
82880	-0.570623	-0.907549	-10.649107	-8.488729E-01	-1.908895E-01	-5.886121E-01	
83040	-0.602369	-0.932254	-10.716064	-8.754257E-01	-2.205942E-01	-6.116318E-01	
83200	-0.533817	-0.916620	-10.701547	-8.960586E-01	-2.501214E-01	-6.377692E-01	
83360	-0.637219	-0.959872	-10.664412	-9.099656E-01	-2.826666E-01	-6.612680E-01	
83520	-0.597059	-0.964492	-10.656481	-9.309431E-01	-3.108806E-01	-6.860744E-01	
83680	-0.657679	-0.973536	-10.744520	-9.405728E-01	-3.401361E-01	-7.069711E-01	
83840	-0.656095	-0.986431	-10.736576	-9.611098E-01	-3.697049E-01	-7.299693E-01	
84000	-0.800177	-0.962513	-10.766736	-9.842420E-01	-3.967374E-01	-7.503566E-01	
84160	-0.741808	-0.946093	-10.776199	-9.959197E-01	-4.272595E-01	-7.721459E-01	
84320	-0.821060	-0.915428	-10.780812	-9.971084E-01	-4.546722E-01	-7.910966E-01	
84480	-0.737306	-0.977620	-10.763654	-1.004397E+00	-4.843337E-01	-8.086557E-01	
84640	-0.839778	-0.975990	-10.759576	-1.021626E+00	-5.097675E-01	-8.279005E-01	
84800	-0.793561	-0.969470	-10.702320	-1.034354E+00	-5.377313E-01	-8.443267E-01	
84960	-0.877544	-0.980122	-10.803230	-1.047777E+00	-5.612753E-01	-8.608531E-01	
85120	-0.809822	-1.075248	-10.770565	-1.062509E+00	-5.886329E-01	-8.757048E-01	
85280	-0.839808	-1.066688	-10.881996	-1.068946E+00	-6.131008E-01	-8.890135E-01	
85440	-0.858944	-0.955047	-10.771773	-1.082097E+00	-6.390127E-01	-9.067745E-01	
85600	-0.899210	-1.042783	-10.792961	-1.079383E+00	-6.628595E-01	-9.182462E-01	
85760	-0.943774	-1.092104	-10.841485	-1.084176E+00	-6.856563E-01	-9.296844E-01	
85920	-0.825244	-0.992889	-10.818953	-1.087019E+00	-7.084236E-01	-9.397631E-01	
86080	-0.908073	-1.009560	-10.855565	-1.087924E+00	-7.311740E-01	-9.513148E-01	
86240	-0.986054	-0.927381	-10.867096	-1.089623E+00	-7.517890E-01	-9.623802E-01	
86400	-0.965908	-0.950986	-10.802089	-1.081670E+00	-7.718139E-01	-9.682399E-01	
86560	-0.976883	-0.934113	-10.779693	-1.079645E+00	-7.909868E-01	-9.760459E-01	
86720	-0.977588	-0.904168	-10.834141	-1.080877E+00	-8.097502E-01	-9.829983E-01	
86880	-1.049994	-0.933487	-10.803657	-1.081579E+00	-8.278098E-01	-9.882106E-01	
87040	-0.946914	-0.942336	-10.813420	-1.067921E+00	-8.456555E-01	-9.946750E-01	
87200	-1.129526	-0.896774	-10.806537	-1.064824E+00	-8.603554E-01	-9.961576E-01	
87360	-0.957964	-0.898687	-10.707071	-1.058590E+00	-8.778920E-01	-9.989577E-01	
87520	-1.015964	-0.782236	-10.794553	-1.047588E+00	-8.927216E-01	-9.993303E-01	
87680	-0.952726	-0.829071	-10.721247	-1.034058E+00	-9.050752E-01	-9.991938E-01	
87840	-0.976951	-0.869210	-10.640981	-1.029929E+00	-9.171958E-01	-1.000930E+00	
88000	-1.026567	-0.830361	-10.690553	-1.027630E+00	-9.300193E-01	-9.989639E-01	
88160	-0.965811	-0.873626	-10.763352	-1.017948E+00	-9.431080E-01	-9.958963E-01	
88320	-1.034293	-0.798483	-10.749967	-1.009664E+00	-9.516069E-01	-9.913957E-01	
88480	-1.003592	-0.680675	-10.612119	-9.964816E-01	-9.602231E-01	-9.872967E-01	
88640	-0.941130	-0.732573	-10.591646	-9.831554E-01	-9.673538E-01	-9.831256E-01	
88800	-0.993409	-0.731867	-10.672959	-9.642371E-01	-9.771264E-01	-9.772333E-01	
88960	-0.942179	-0.734830	-10.641191	-9.502090E-01	-9.821772E-01	-9.690566E-01	
89120	-1.028496	-0.680544	-10.576972	-9.291190E-01	-9.863520E-01	-9.588773E-01	
89280	-0.940517	-0.648620	-10.602805	-9.096613E-01	-9.908193E-01	-9.512879E-01	
89440	-0.933254	-0.662280	-10.549776	-8.935969E-01	-9.945848E-01	-9.411504E-01	
89600	-0.990294	-0.593638	-10.482516	-8.821117E-01	-9.990532E-01	-9.297420E-01	
89760	-0.910016	-0.635224	-10.495919	-8.611824E-01	-9.987472E-01	-9.182119E-01	
89920	-0.922602	-0.570168	-10.561857	-8.467130E-01	-1.001683E+00	-9.053784E-01	
90080	-0.918861	-0.553549	-10.428951	-8.250347E-01	-9.984974E-01	-8.909482E-01	
90240	-0.894317	-0.528631	-10.398679	-8.040498E-01	-9.973263E-01	-8.762518E-01	
90400	-0.979022	-0.491567	-10.409571	-7.861921E-01	-9.964418E-01	-8.604551E-01	
90560	-0.875153	-0.496605	-10.397421	-7.656254E-01	-9.911499E-01	-8.460595E-01	
90720	-0.815083	-0.463475	-10.394001	-7.350770E-01	-9.860088E-01	-8.268290E-01	
90880	-0.901343	-0.438448	-10.363679	-7.123578E-01	-9.815056E-01	-8.101728E-01	
91040	-0.912397	-0.426139	-10.327462	-6.761090E-01	-9.753121E-01	-7.900849E-01	
91200	-0.831476	-0.313990	-10.329203	-6.498634E-01	-9.691480E-01	-7.697264E-01	
91360	-0.803554	-0.368851	-10.202744	-6.286076E-01	-9.574689E-01	-7.505101E-01	
91520	-0.798761	-0.257330	-10.277435	-6.031559E-01	-9.513735E-01	-7.277384E-01	
91680	-0.722480	-0.278518	-10.240090	-5.760886E-01	-9.403656E-01	-7.082814E-01	
91840	-0.727834	-0.284907	-10.200877	-5.426842E-01	-9.305063E-01	-6.835137E-01	
92000	-0.707815	-0.225056	-10.140840	-5.057112E-01	-9.165915E-01	-6.622802E-01	
92160	-0.717326	-0.246589	-10.091702	-4.759661E-01	-9.025005E-01	-6.386237E-01	
92320	-0.736207	-0.167725	-10.121349	-4.469804E-01	-8.879344E-01	-6.131648E-01	
92480	-0.670252	-0.112398	-10.155097	-4.223416E-01	-8.748492E-01	-5.873120E-01	
92640	-0.611152	-0.087333	-9.997221	-3.956062E-01	-8.590045E-01	-5.628337E-01	
92800	-0.602961	-0.061720	-10.000295	-3.554448E-01	-8.432249E-01	-5.348454E-01	
92960	-0.640927	-0.002147	-9.972776	-3.234221E-01	-8.252717E-01	-5.100730E-01	
93120	-0.565235	-0.028436	-9.898343	-2.942666E-01	-8.083434E-01	-4.814631E-01	
93280	-0.486754	0.004570	-9.840952	-2.581840E-01	-7.893308E-01	-4.539404E-01	
93440	-0.424214	0.050777	-9.897642	-2.347359E-01	-7.699876E-01	-4.258267E-01	
93600	-0.472999	0.089828	-9.756994	-1.966494E-01	-7.510909E-01	-3.985376E-01	
93760	-0.440227	0.162344	-9.798866	-1.607380E-01	-7.275585E-01	-3.681879E-01	
93920	-0.469921	0.161408	-9.807427	-1.297650E-01	-7.036094E-01	-3.383446E-01	
94080	-0.365168	0.142617	-9.732033	-9.041126E-02	-6.829193E-01	-3.091409E-01	
94240	-0.388334	0.168549	-9.749543	-4.921219E-02	-6.594596E-01	-2.790487E-01	
94400	-0.278304	0.244297	-9.700194	-1.838590E-02	-6.369174E-01	-2.491084E-01	
94560	-0.289622	0.295882	-9.576138	2.123257E-02	-6.108956E-01	-2.202927E-01	
94720	-0.198071	0.263482	-9.613487	5.008385E-02	-5.885305E-01	-1.870856E-01	
94880	-0.266678	0.284608	-9.647843	7.795006E-02	-5.602490E-01	-1.581499E-01	
95040	-0.142628	0.322446	-9.566313	1.141456E-01	-5.325253E-01	-1.257602E-01	
95200	-0.196189	0.450981	-9.517152	1.454680E-01	-5.081719E-01	-9.548152E-02	
95360	-0.061900	0.426993	-9.483271	1.750547E-01	-4.808354E-01	-6.381553E-02	
95520	-0.146724	0.469273	-9.450476	2.018904E-01	-4.526723E-01	-3.231477E-02	
95680	-0.077003	0.516391	-9.361569	2.230946E-01	-4.247482E-01	-1.381944E-03	
95840	0.048985	0.519816	-9.398413	2.556835E-01	-3.950108E-01	3.050786E-02	
96000	-0.052281	0.534380	-9.484948	2.998261E-01	-3.678007E-01	6.056814E-02	
96160	-0.021503	0.578005	-9.336756	3.228671E-01	-3.364673E-01	9.301275E-02	
96320	-0.028716	0.615781	-9.306153	3.600781E-01	-3.055107E-01	1.266920E-01	
96480	0.101706	0.687297	-9.334992	3.902480E-01	-2.771529E-01	1.563825E-01	
96640	0.178083	0.669024	-9.334516	4.259094E-01	-2.482815E-01	1.852542E-01	
96800	0.080169	0.671133	-9.224656	4.607392E-01	-2.151586E-01	2.181116E-01	
96960	0.151782	0.609491	-9.182577	4.898493E-01	-1.849915E-01	2.473521E-01	
97120	0.233509	0.728339	-9.160262	5.253715E-01	-1.537283E-01	2.807932E-01	
97280	0.233564	0.744686	-9.095159	5.609744E-01	-1.237846E-01	3.083711E-01	
97440	0.293103	0.764365	-9.223480	5.880116E-01	-9.187104E-02	3.385859E-01	
97600	0.305929	0.758945	-9.146765	6.077516E-01	-6.037472E-02	3.685148E-01	
97760	0.285068	0.733550	-9.113331	6.352372E-01	-2.917774E-02	3.963198E-01	
97920	0.369612	0.768952	-9.036927	6.529993E-01	2.813202E-03	4.257401E-01	
98080	0.430480	0.857409	-9.141956	6.774110E-01	3.319054E-02	4.523584E-01	
98240	0.451034	0.847578	-9.064215	6.952367E-01	6.466843E-02	4.827919E-01	
98400	0.431052	0.864570	-9.052704	7.299624E-01	9.410126E-02	5.094465E-01	
98560	0.510872	0.860629	-9.006581	7.500064E-01	1.257892E-01	5.348188E-01	
98720	0.493393	0.874085	-8.999695	7.640309E-01	1.578880E-01	5.625308E-01	
98880	0.548917	0.864499	-8.974153	7.869282E-01	1.901000E-01	5.868365E-01	
99040	0.589316	0.929487	-8.909631	8.039242E-01	2.197021E-01	6.121293E-01	
99200	0.624738	0.898458	-8.883218	8.240727E-01	2.514254E-01	6.369636E-01	
99360	0.613878	0.873351	-8.913908	8.498493E-01	2.799426E-01	6.596760E-01	
99520	0.628344	0.906321	-8.850905	8.543707E-01	3.123047E-01	6.838599E-01	
99680	0.699942	0.962820	-8.942312	8.725628E-01	3.399670E-01	7.068681E-01	
99840	0.644184	0.961554	-8.846777	8.849804E-01	3.715759E-01	7.303823E-01	
100000	0.704840	0.946781	-8.873568	8.978006E-01	3.977778E-01	7.500494E-01	
100160	0.733699	1.047147	-8.843586	9.147344E-01	4.290161E-01	7.709412E-01	
100320	0.750729	0.980369	-8.893975	9.331384E-01	4.531695E-01	7.899199E-01	
100480	0.778603	1.045547	-8.899408	9.426842E-01	4.832736E-01	8.081469E-01	
100640	0.843606	0.985869	-8.760842	9.530412E-01	5.108261E-01	8.268438E-01	
100800	0.793887	0.946189	-8.790146	9.586559E-01	5.393595E-01	8.434714E-01	
100960	0.788372	0.966636	-8.833603	9.707907E-01	5.622032E-01	8.618017E-01	
101120	0.860577	1.018013	-8.867473	9.716939E-01	5.903245E-01	8.768571E-01	
101280	0.892012	1.071773	-8.868103	9.832865E-01	6.143380E-01	8.928818E-01	
101440	0.843504	1.093580	-8.788080	9.903969E-01	6.381448E-01	9.057973E-01	
101600	0.864721	1.082624	-8.769339	9.936936E-01	6.613551E-01	9.177691E-01	
101760	0.844741	0.933547	-8.756079	9.908575E-01	6.858736E-01	9.294831E-01	
101920	0.890713	0.949994	-8.792198	1.007601E+00	7.078343E-01	9.406547E-01	
102080	0.939182	0.988638	-8.818635	1.003406E+00	7.296019E-01	9.497027E-01	
102240	0.940590	0.972828	-8.847849	1.011251E+00	7.515240E-01	9.615564E-01	
102400	0.948751	0.962370	-8.929694	1.024233E+00	7.714128E-01	9.667712E-01	
102560	0.961282	0.977411	-8.837115	1.024237E+00	7.901495E-01	9.743345E-01	
102720	0.954997	0.885475	-8.796895	1.024404E+00	8.112046E-01	9.821975E-01	
102880	0.955462	0.949391	-8.825135	1.019696E+00	8.283015E-01	9.868499E-01	
103040	0.929884	0.978727	-8.846444	1.005583E+00	8.448512E-01	9.917578E-01	
103200	1.017740	0.901022	-8.876507	1.003537E+00	8.611915E-01	9.960376E-01	
103360	0.989419	0.928386	-8.905347	9.947023E-01	8.772884E-01	9.958654E-01	
103520	0.980229	0.945808	-8.940740	9.888038E-01	8.927278E-01	1.000044E+00	
103680	0.962798	0.845417	-8.847799	9.824884E-01	9.066017E-01	1.000243E+00	
103840	1.052509	0.865656	-8.840471	9.729628E-01	9.184900E-01	1.000286E+00	
104000	0.997020	0.820544	-8.895695	9.610036E-01	9.303135E-01	9.966814E-01	
104160	0.985145	0.793923	-8.997420	9.447446E-01	9.421849E-01	9.972462E-01	
104320	0.996495	0.807588	-8.892504	9.307714E-01	9.491383E-01	9.913659E-01	
104480	1.000893	0.784483	-8.946641	9.199564E-01	9.634491E-01	9.873074E-01	
104640	0.935674	0.696575	-8.938063	9.123460E-01	9.687812E-01	9.828114E-01	
104800	0.913613	0.778543	-8.974645	9.026771E-01	9.753987E-01	9.759220E-01	
104960	1.059499	0.697816	-8.980060	8.778963E-01	9.821763E-01	9.702845E-01	
105120	1.011065	0.779685	-8.991670	8.640163E-01	9.880480E-01	9.619621E-01	
105280	0.941235	0.648647	-9.103275	8.426319E-01	9.928330E-01	9.515740E-01	
105440	0.875010	0.678106	-8.966799	8.330121E-01	9.958065E-01	9.421426E-01	
105600	0.974871	0.633417	-9.079606	8.093126E-01	9.995692E-01	9.287483E-01	
105760	0.927032	0.603496	-9.091809	7.986255E-01	9.987731E-01	9.193183E-01	
105920	0.873224	0.588206	-9.143525	7.778004E-01	1.002657E+00	9.044032E-01	
106080	0.873238	0.581205	-9.188760	7.525116E-01	1.000192E+00	8.917263E-01	
106240	0.906260	0.567731	-9.107402	7.306628E-01	9.967401E-01	8.765351E-01	
106400	0.789368	0.477198	-9.166533	7.082515E-01	9.929901E-01	8.611956E-01	
106560	0.907042	0.498627	-9.212588	6.796544E-01	9.938427E-01	8.421339E-01	
106720	0.874752	0.482817	-9.240554	6.659030E-01	9.864067E-01	8.264431E-01	
106880	0.826160	0.416074	-9.271075	6.463094E-01	9.815150E-01	8.090615E-01	
107040	0.794588	0.384374	-9.327240	6.340364E-01	9.758187E-01	7.873597E-01	
107200	0.848500	0.402956	-9.301283	6.110394E-01	9.669528E-01	7.704651E-01	
107360	0.795061	0.300022	-9.441687	5.944102E-01	9.593408E-01	7.487170E-01	
107520	0.739101	0.343434	-9.331611	5.687528E-01	9.491536E-01	7.284432E-01	
107680	0.637781	0.368356	-9.487203	5.497055E-01	9.402565E-01	7.078403E-01	
107840	0.818513	0.302862	-9.451934	5.236736E-01	9.285037E-01	6.845092E-01	
108000	0.720379	0.275175	-9.531589	4.975108E-01	9.178457E-01	6.602661E-01	
108160	0.589003	0.158826	-9.504496	4.691415E-01	9.042650E-01	6.369212E-01	
108320	0.633699	0.200256	-9.586362	4.466257E-01	8.916461E-01	6.118976E-01	
108480	0.622792	0.123258	-9.531907	4.162753E-01	8.741512E-01	5.868182E-01	
108640	0.570436	0.073721	-9.576940	3.876719E-01	8.603824E-01	5.633003E-01	
108800	0.606266	0.029135	-9.557624	3.581045E-01	8.430357E-01	5.381826E-01	
108960	0.602463	0.086906	-9.608983	3.270690E-01	8.274460E-01	5.087981E-01	
109120	0.576404	0.023686	-9.646099	2.972886E-01	8.057987E-01	4.835807E-01	
109280	0.466057	-0.056651	-9.677099	2.630836E-01	7.893472E-01	4.535626E-01	
109440	0.461547	-0.044216	-9.695631	2.386585E-01	7.692322E-01	4.252187E-01	
109600	0.457788	-0.095837	-9.711427	2.056966E-01	7.495160E-01	3.981211E-01	
109760	0.456331	-0.154279	-9.828499	1.724823E-01	7.289659E-01	3.690706E-01	
109920	0.366859	-0.119243	-9.885024	1.443249E-01	7.065602E-01	3.383554E-01	
110080	0.383131	-0.234128	-9.798946	1.112709E-01	6.822246E-01	3.097370E-01	
110240	0.388520	-0.271778	-9.930465	7.368747E-02	6.595432E-01	2.772711E-01	
110400	0.347159	-0.240616	-9.869193	4.442759E-02	6.361335E-01	2.478610E-01	
110560	0.325270	-0.294504	-10.004667	1.142534E-02	6.101323E-01	2.177209E-01	
110720	0.192576	-0.326788	-9.933484	-1.863257E-02	5.865572E-01	1.878336E-01	
110880	0.227935	-0.349660	-10.017341	-4.992452E-02	5.599079E-01	1.586447E-01	
111040	0.195473	-0.445629	-10.122939	-7.648827E-02	5.336891E-01	1.250716E-01	
111200	0.170783	-0.384739	-10.055433	-9.960946E-02	5.084096E-01	9.555377E-02	
111360	0.048101	-0.439950	-10.124316	-1.306621E-01	4.795624E-01	6.297796E-02	
111520	0.091454	-0.455705	-10.144532	-1.501379E-01	4.515837E-01	3.279774E-02	
111680	-0.027955	-0.450351	-10.180425	-1.797614E-01	4.237233E-01	3.098254E-05	
111840	0.058594	-0.516685	-10.223003	-2.065952E-01	3.964505E-01	-3.298339E-02	
112000	0.012993	-0.549536	-10.246474	-2.235272E-01	3.648636E-01	-6.322457E-02	
112160	-0.073227	-0.559019	-10.277975	-2.507179E-01	3.378062E-01	-9.132371E-02	
112320	-0.034059	-0.580775	-10.293325	-2.836979E-01	3.063934E-01	-1.240371E-01	
112480	-0.077738	-0.580557	-10.354742	-3.114199E-01	2.760543E-01	-1.563990E-01	
112640	-0.121686	-0.690603	-10.341215	-3.481170E-01	2.478414E-01	-1.871485E-01	
112800	-0.074193	-0.691885	-10.373092	-3.696749E-01	2.148389E-01	-2.171113E-01	
112960	-0.241614	-0.709567	-10.357144	-3.995376E-01	1.851201E-01	-2.495406E-01	
113120	-0.203678	-0.726024	-10.400995	-4.222118E-01	1.525261E-01	-2.787753E-01	
113280	-0.193580	-0.752371	-10.435428	-4.497226E-01	1.231346E-01	-3.086217E-01	
113440	-0.264428	-0.743746	-10.434262	-4.649938E-01	9.261025E-02	-3.388762E-01	
113600	-0.338912	-0.804394	-10.503778	-4.948498E-01	6.046590E-02	-3.686463E-01	
113760	-0.346777	-0.777313	-10.531813	-5.201559E-01	2.905485E-02	-3.980847E-01	
113920	-0.398358	-0.849141	-10.593536	-5.467761E-01	-1.901195E-03	-4.233933E-01	
114080	-0.381873	-0.830730	-10.540312	-5.709806E-01	-3.264658E-02	-4.531231E-01	
114240	-0.423397	-0.857497	-10.621133	-5.968863E-01	-6.602654E-02	-4.808204E-01	
114400	-0.501969	-0.862363	-10.571455	-6.207823E-01	-9.578827E-02	-5.100759E-01	
114560	-0.406337	-0.788960	-10.663034	-6.477088E-01	-1.281348E-01	-5.355700E-01	
114720	-0.546303	-0.883117	-10.618443	-6.722162E-01	-1.588624E-01	-5.601718E-01	
114880	-0.547086	-0.877345	-10.674598	-6.960875E-01	-1.872486E-01	-5.888836E-01	
115040	-0.525523	-0.871449	-10.673360	-7.202835E-01	-2.207582E-01	-6.122858E-01	
115200	-0.567980	-0.954551	-10.688093	-7.415018E-01	-2.512962E-01	-6.379434E-01	
115360	-0.631985	-0.961974	-10.790262	-7.608187E-01	-2.815226E-01	-6.628159E-01	
115520	-0.722920	-0.957635	-10.730802	-7.849429E-01	-3.113278E-01	-6.847818E-01	
115680	-0.740626	-0.942225	-10.765477	-8.005661E-01	-3.394399E-01	-7.059901E-01	
115840	-0.710979	-0.990528	-10.693277	-8.218356E-01	-3.703793E-01	-7.277138E-01	
116000	-0.611681	-0.975631	-10.725048	-8.293910E-01	-3.993914E-01	-7.515274E-01	
116160	-0.678508	-0.982096	-10.814044	-8.510607E-01	-4.282091E-01	-7.728668E-01	
116320	-0.786414	-0.977502	-10.781203	-8.617340E-01	-4.569702E-01	-7.895005E-01	
116480	-0.792715	-1.062562	-10.781770	-8.650894E-01	-4.836417E-01	-8.069919E-01	
116640	-0.727981	-1.022559	-10.776552	-8.799881E-01	-5.115677E-01	-8.279741E-01	
116800	-0.761872	-1.016147	-10.843455	-8.860915E-01	-5.367648E-01	-8.432879E-01	
116960	-0.844832	-1.035109	-10.853464	-8.936252E-01	-5.632315E-01	-8.620906E-01	
117120	-0.827849	-0.968260	-10.721668	-8.962484E-01	-5.908879E-01	-8.746509E-01	
117280	-0.875482	-1.066759	-10.751379	-9.063449E-01	-6.150188E-01	-8.901689E-01	
117440	-0.827392	-1.024213	-10.768735	-9.165917E-01	-6.404203E-01	-9.046345E-01	
117600	-0.860745	-0.991938	-10.792092	-9.194998E-01	-6.638783E-01	-9.177011E-01	
117760	-0.928874	-0.943327	-10.793293	-9.175448E-01	-6.869898E-01	-9.304365E-01	
117920	-0.955411	-0.979184	-10.826176	-9.197677E-01	-7.088569E-01	-9.409251E-01	
118080	-0.978759	-0.902379	-10.797828	-9.229092E-01	-7.311274E-01	-9.509912E-01	
118240	-0.887468	-0.967862	-10.822527	-9.356001E-01	-7.512663E-01	-9.616084E-01	
118400	-0.981095	-0.944333	-10.860392	-9.422251E-01	-7.712649E-01	-9.675795E-01	
118560	-1.016285	-0.951604	-10.866742	-9.444795E-01	-7.910359E-01	-9.771656E-01	
118720	-0.967756	-0.959557	-10.762264	-9.460993E-01	-8.110024E-01	-9.809111E-01	
118880	-1.007496	-0.942166	-10.792819	-9.339268E-01	-8.290543E-01	-9.868163E-01	
119040	-0.983541	-0.912849	-10.804411	-9.380802E-01	-8.461836E-01	-9.927032E-01	
119200	-0.949848	-0.890868	-10.772754	-9.330521E-01	-8.605949E-01	-9.936926E-01	
119360	-0.934602	-0.890436	-10.707158	-9.258119E-01	-8.755083E-01	-9.968611E-01	
119520	-0.969504	-0.899917	-10.776342	-9.161300E-01	-8.920147E-01	-9.995963E-01	
119680	-0.999293	-0.892623	-10.686085	-9.065891E-01	-9.059751E-01	-9.990284E-01	
119840	-1.054188	-0.799209	-10.682627	-9.006586E-01	-9.168204E-01	-9.994136E-01	
120000	-0.934045	-0.876253	-10.634226	-8.958483E-01	-9.311122E-01	-1.000883E+00	
120160	-1.004820	-0.785892	-10.780293	-8.865503E-01	-9.421012E-01	-9.968013E-01	
120320	-0.974835	-0.767289	-10.675636	-8.672622E-01	-9.525998E-01	-9.916206E-01	
120480	-1.013684	-0.763334	-10.682159	-8.557243E-01	-9.608022E-01	-9.876439E-01	
120640	-1.059870	-0.762432	-10.702158	-8.411924E-01	-9.685784E-01	-9.830915E-01	
120800	-1.001495	-0.753260	-10.652928	-8.318379E-01	-9.786082E-01	-9.757794E-01	
120960	-0.980428	-0.695659	-10.563704	-8.158958E-01	-9.827351E-01	-9.681848E-01	
121120	-1.010879	-0.660579	-10.554770	-7.977844E-01	-9.880471E-01	-9.594390E-01	
121280	-0.998957	-0.663298	-10.555564	-7.834471E-01	-9.929029E-01	-9.504139E-01	
121440	-0.991383	-0.607318	-10.546192	-7.735350E-01	-9.967209E-01	-9.397688E-01	
121600	-0.848150	-0.650978	-10.554553	-7.473413E-01	-9.989050E-01	-9.306102E-01	
121760	-0.909349	-0.599427	-10.475172	-7.326976E-01	-9.989763E-01	-9.184692E-01	
121920	-0.979942	-0.633898	-10.487116	-7.191059E-01	-9.986375E-01	-9.054038E-01	
122080	-0.904135	-0.626529	-10.521190	-6.980235E-01	-9.993125E-01	-8.890565E-01	
122240	-0.879698	-0.544881	-10.482136	-6.786402E-01	-9.980958E-01	-8.788317E-01	
122400	-0.944501	-0.411849	-10.425782	-6.669458E-01	-9.970561E-01	-8.606100E-01	
122560	-0.896023	-0.506601	-10.391267	-6.507978E-01	-9.916352E-01	-8.421038E-01	
122720	-0.847027	-0.466895	-10.367585	-6.250970E-01	-9.872247E-01	-8.276605E-01	
122880	-0.834511	-0.420039	-10.369540	-6.101294E-01	-9.820655E-01	-8.086528E-01	
123040	-0.792569	-0.486572	-10.232763	-5.751332E-01	-9.754659E-01	-7.897025E-01	
123200	-0.799592	-0.355415	-10.293547	-5.488731E-01	-9.666501E-01	-7.718419E-01	
123360	-0.817072	-0.318620	-10.271281	-5.213923E-01	-9.597015E-01	-7.504983E-01	
123520	-0.764613	-0.233789	-10.198484	-4.950116E-01	-9.502895E-01	-7.296306E-01	
123680	-0.750868	-0.299851	-10.173918	-4.690939E-01	-9.389229E-01	-7.083672E-01	
123840	-0.725596	-0.272242	-10.181123	-4.395036E-01	-9.309639E-01	-6.846894E-01	
124000	-0.721960	-0.123031	-10.104163	-4.106002E-01	-9.177874E-01	-6.627173E-01	
124160	-0.712641	-0.159783	-10.132104	-3.776306E-01	-9.041149E-01	-6.364254E-01	
124320	-0.692592	-0.182617	-10.093584	-3.509492E-01	-8.888346E-01	-6.135579E-01	
124480	-0.660614	-0.129839	-10.079339	-3.247569E-01	-8.757682E-01	-5.891466E-01	
124640	-0.572802	-0.063565	-10.017360	-2.970840E-01	-8.574758E-01	-5.640730E-01	
124800	-0.520240	-0.061976	-10.017694	-2.625960E-01	-8.442215E-01	-5.369128E-01	
124960	-0.557553	-0.112127	-9.972525	-2.311612E-01	-8.264919E-01	-5.095751E-01	
125120	-0.473162	0.035529	-9.901748	-2.048170E-01	-8.070286E-01	-4.813016E-01	
125280	-0.560953	0.052085	-9.953930	-1.730509E-01	-7.890991E-01	-4.545664E-01	
125440	-0.550948	0.121852	-9.890767	-1.473422E-01	-7.699458E-01	-4.272776E-01	
125600	-0.412302	0.073503	-9.846046	-1.183925E-01	-7.491462E-01	-3.985636E-01	
125760	-0.454768	0.098094	-9.805034	-8.980938E-02	-7.266461E-01	-3.679521E-01	
125920	-0.435320	0.150750	-9.829007	-5.534618E-02	-7.056881E-01	-3.382994E-01	
126080	-0.392537	0.265955	-9.743738	-1.777946E-02	-6.836330E-01	-3.081901E-01	
126240	-0.372703	0.236126	-9.748621	1.683780E-02	-6.596496E-01	-2.784022E-01	
126400	-0.284167	0.229084	-9.628212	4.479140E-02	-6.349079E-01	-2.493588E-01	
126560	-0.279129	0.252130	-9.639896	8.298674E-02	-6.094603E-01	-2.196498E-01	
126720	-0.200764	0.333073	-9.643703	1.285158E-01	-5.853781E-01	-1.863295E-01	
126880	-0.342279	0.304929	-9.619553	1.673321E-01	-5.601427E-01	-1.562943E-01	
127040	-0.173393	0.330929	-9.556960	1.917658E-01	-5.323788E-01	-1.251488E-01	
127200	-0.123856	0.409910	-9.554802	2.208071E-01	-5.064931E-01	-9.339648E-02	
127360	-0.097580	0.456343	-9.481220	2.548559E-01	-4.802593E-01	-6.309769E-02	
127520	-0.101798	0.398093	-9.514839	2.798930E-01	-4.525253E-01	-3.007486E-02	
127680	-0.022639	0.457962	-9.440140	3.006857E-01	-4.221322E-01	-4.008692E-04	
127840	-0.048015	0.529580	-9.393419	3.429651E-01	-3.973269E-01	3.153364E-02	
128000	-0.061948	0.528178	-9.453377	3.756334E-01	-3.651945E-01	6.322658E-02	
128160	-0.016211	0.611765	-9.357163	4.150957E-01	-3.340810E-01	9.582016E-02	
128320	0.055487	0.603903	-9.306132	4.409371E-01	-3.066710E-01	1.246925E-01	
128480	0.011579	0.568611	-9.333803	4.652294E-01	-2.748314E-01	1.563774E-01	
128640	0.131699	0.700413	-9.272649	4.876451E-01	-2.484914E-01	1.867419E-01	
128800	0.203190	0.631017	-9.313118	5.190317E-01	-2.181926E-01	2.164279E-01	
128960	0.213672	0.682011	-9.190648	5.425557E-01	-1.863134E-01	2.495848E-01	
129120	0.205173	0.738739	-9.175777	5.679670E-01	-1.542303E-01	2.782233E-01	
129280	0.244052	0.816790	-9.160227	5.869323E-01	-1.244188E-01	3.085516E-01	
129440	0.287400	0.775659	-9.156755	6.205065E-01	-9.206464E-02	3.385583E-01	
129600	0.303043	0.750793	-9.132123	6.425838E-01	-6.090313E-02	3.685634E-01	
129760	0.254721	0.762877	-9.082175	6.584577E-01	-2.936097E-02	3.966985E-01	
129920	0.333705	0.804745	-9.108768	6.902599E-01	2.833982E-04	4.237319E-01	
130080	0.382304	0.819058	-8.965765	7.125015E-01	3.273410E-02	4.524355E-01	
130240	0.480680	0.818417	-9.100134	7.405964E-01	6.344605E-02	4.829784E-01	
130400	0.481006	0.916647	-8.978906	7.646329E-01	9.603951E-02	5.058418E-01	
130560	0.497579	0.897520	-8.976081	7.825165E-01	1.264171E-01	5.360441E-01	
130720	0.500044	0.889927	-8.992722	8.016683E-01	1.573233E-01	5.612789E-01	
130880	0.527915	0.838864	-8.982392	8.198551E-01	1.901007E-01	5.858080E-01	
131040	0.588259	1.014002	-8.982760	8.569214E-01	2.201807E-01	6.118579E-01	
131200	0.560072	0.923393	-8.922602	8.639810E-01	2.509084E-01	6.376895E-01	
131360	0.634720	0.932735	-8.937957	8.803070E-01	2.822992E-01	6.605876E-01	
131520	0.598541	1.015239	-8.943739	8.917393E-01	3.097115E-01	6.853356E-01	
131680	0.678211	0.986231	-8.918610	9.137235E-01	3.421130E-01	7.052975E-01	
131840	0.666283	0.931907	-8.834086	9.338872E-01	3.699088E-01	7.307685E-01	
132000	0.702996	0.930794	-8.843034	9.454469E-01	3.983815E-01	7.496011E-01	
132160	0.692028	0.976997	-8.844899	9.623870E-01	4.273038E-01	7.698138E-01	
132320	0.740249	1.022161	-8.850103	9.787056E-01	4.555466E-01	7.878469E-01	
132480	0.758119	1.014019	-8.835730	9.908293E-01	4.835054E-01	8.085843E-01	
132640	0.767858	0.965745	-8.838035	1.007565E+00	5.108365E-01	8.276853E-01	
132800	0.853630	1.007310	-8.811047	1.011860E+00	5.385342E-01	8.443230E-01	
132960	0.799763	1.052470	-8.833939	1.014519E+00	5.648843E-01	8.607241E-01	
133120	0.821463	1.071980	-8.851960	1.017802E+00	5.886144E-01	8.751146E-01	
133280	0.879193	1.038859	-8.846948	1.023782E+00	6.132320E-01	8.900003E-01	
133440	0.931414	1.014648	-8.836981	1.032332E+00	6.375040E-01	9.040233E-01	
133600	0.962030	1.052651	-8.747856	1.039028E+00	6.622218E-01	9.177467E-01	
133760	0.912566	0.976829	-8.856193	1.048387E+00	6.845432E-01	9.282953E-01	
133920	0.857802	1.013783	-8.823223	1.043054E+00	7.082390E-01	9.425383E-01	
134080	0.913526	0.928955	-8.864532	1.036900E+00	7.299477E-01	9.516881E-01	
134240	0.960445	0.970283	-8.855397	1.038274E+00	7.514973E-01	9.610142E-01	
134400	0.906617	0.952323	-8.765665	1.034135E+00	7.728166E-01	9.668994E-01	
134560	0.944372	0.930846	-8.814936	1.036471E+00	7.897890E-01	9.758654E-01	
134720	0.996409	0.919223	-8.780143	1.028620E+00	8.099790E-01	9.831602E-01	
134880	0.921587	1.051502	-8.769590	1.026475E+00	8.288950E-01	9.870706E-01	
135040	0.948052	0.944706	-8.909710	1.023120E+00	8.449200E-01	9.919334E-01	
135200	1.022043	0.932011	-8.855624	1.012134E+00	8.606287E-01	9.969770E-01	
135360	0.911369	0.877359	-8.847604	1.001022E+00	8.775565E-01	9.977786E-01	
135520	1.050510	0.909066	-8.908548	9.911153E-01	8.899197E-01	1.001444E+00	
135680	0.936431	0.876387	-8.890840	9.892868E-01	9.056096E-01	9.996914E-01	
135840	1.038442	0.892562	-8.952458	9.798326E-01	9.175698E-01	9.995930E-01	
136000	1.009827	0.836200	-8.841896	9.710477E-01	9.312401E-01	9.988193E-01	
136160	0.956414	0.890634	-8.891147	9.622549E-01	9.402815E-01	9.957189E-01	
136320	1.024484	0.774913	-8.984499	9.501492E-01	9.513301E-01	9.928767E-01	
136480	0.957256	0.752268	-8.900326	9.393958E-01	9.595145E-01	9.874919E-01	
136640	1.085912	0.739835	-8.999631	9.212538E-01	9.700746E-01	9.821178E-01	
136800	0.951626	0.791152	-9.011536	9.061409E-01	9.768856E-01	9.745428E-01	
136960	1.047692	0.742555	-8.971226	9.003716E-01	9.830091E-01	9.699988E-01	
137120	0.975041	0.724704	-9.011883	8.877583E-01	9.888089E-01	9.601653E-01	
137280	0.983899	0.716487	-9.075257	8.741178E-01	9.922402E-01	9.511882E-01	
137440	0.997559	0.678302	-9.061248	8.611999E-01	9.940547E-01	9.417517E-01	
137600	0.945998	0.701377	-9.085712	8.443268E-01	9.990387E-01	9.293324E-01	
137760	0.864138	0.654355	-9.132357	8.200651E-01	9.994145E-01	9.175082E-01	
137920	0.916328	0.645232	-9.072163	7.990725E-01	1.000878E+00	9.050817E-01	
138080	0.986447	0.572869	-9.166781	7.729316E-01	9.998751E-01	8.916159E-01	
138240	0.851927	0.444448	-9.252465	7.475873E-01	9.979744E-01	8.765528E-01	
138400	0.913392	0.578066	-9.136986	7.243248E-01	9.962077E-01	8.588962E-01	
138560	0.878926	0.465399	-9.173511	6.984203E-01	9.922519E-01	8.449207E-01	
138720	0.935760	0.413212	-9.204430	6.715867E-01	9.879000E-01	8.276743E-01	
138880	0.799541	0.395627	-9.276103	6.489926E-01	9.821088E-01	8.089197E-01	
139040	0.814940	0.397985	-9.337538	6.289158E-01	9.756136E-01	7.888050E-01	
139200	0.791069	0.371495	-9.329493	6.027901E-01	9.683755E-01	7.707956E-01	
139360	0.741866	0.248337	-9.342918	5.757210E-01	9.588736E-01	7.514511E-01	
139520	0.730970	0.262788	-9.378484	5.491521E-01	9.509888E-01	7.297259E-01	
139680	0.727167	0.234575	-9.342883	5.223948E-01	9.404031E-01	7.064096E-01	
139840	0.648391	0.266991	-9.418504	4.906538E-01	9.292299E-01	6.846309E-01	
140000	0.667939	0.170318	-9.492652	4.645408E-01	9.176879E-01	6.622302E-01	
140160	0.656755	0.225859	-9.499081	4.407200E-01	9.036418E-01	6.386014E-01	
140320	0.671135	0.147422	-9.538703	4.086039E-01	8.885756E-01	6.125855E-01	
140480	0.638963	0.076560	-9.582527	3.804606E-01	8.759429E-01	5.864979E-01	
140640	0.607178	0.076896	-9.554133	3.532342E-01	8.604853E-01	5.633605E-01	
140800	0.545268	0.135934	-9.554169	3.231758E-01	8.420343E-01	5.355644E-01	
140960	0.567549	0.033391	-9.634208	2.897808E-01	8.275306E-01	5.102578E-01	
141120	0.487500	0.023991	-9.608007	2.493895E-01	8.074654E-01	4.815383E-01	
141280	0.524929	-0.006954	-9.699885	2.229914E-01	7.884573E-01	4.540710E-01	
141440	0.443551	0.042570	-9.767035	1.961974E-01	7.700150E-01	4.246743E-01	
141600	0.432479	-0.155853	-9.803843	1.620927E-01	7.495191E-01	3.971200E-01	
141760	0.430727	-0.088072	-9.770405	1.355096E-01	7.282436E-01	3.685786E-01	
141920	0.335222	-0.131532	-9.806784	1.067582E-01	7.071548E-01	3.383303E-01	
142080	0.387462	-0.207809	-9.871065	7.194773E-02	6.831962E-01	3.089411E-01	
142240	0.349616	-0.189549	-9.839154	3.936850E-02	6.592100E-01	2.795783E-01	
142400	0.228671	-0.154864	-9.940807	5.597025E-03	6.368467E-01	2.496344E-01	
142560	0.255087	-0.275352	-10.061750	-2.993318E-02	6.114542E-01	2.191655E-01	
142720	0.210684	-0.321215	-9.976926	-6.125805E-02	5.869838E-01	1.880876E-01	
142880	0.205517	-0.241253	-10.017065	-8.829745E-02	5.585566E-01	1.563324E-01	
143040	0.136799	-0.376632	-10.127153	-1.200807E-01	5.339892E-01	1.261942E-01	
143200	0.186012	-0.346220	-10.134364	-1.542043E-01	5.079250E-01	9.509928E-02	
143360	0.174228	-0.430266	-10.112972	-1.864905E-01	4.796800E-01	6.246876E-02	
143520	0.065425	-0.443628	-10.080510	-2.174091E-01	4.540659E-01	3.268766E-02	
143680	0.032280	-0.484777	-10.172920	-2.519438E-01	4.244045E-01	8.446235E-04	
143840	0.044092	-0.517703	-10.190290	-2.863243E-01	3.951212E-01	-2.955167E-02	
144000	-0.075134	-0.472859	-10.203678	-3.186492E-01	3.662945E-01	-6.248164E-02	
144160	0.060685	-0.520675	-10.230517	-3.487953E-01	3.363369E-01	-9.526462E-02	
144320	-0.103313	-0.574280	-10.265260	-3.735524E-01	3.090181E-01	-1.241748E-01	
144480	-0.118184	-0.533572	-10.352453	-4.070998E-01	2.761650E-01	-1.568127E-01	
144640	-0.072232	-0.534991	-10.342472	-4.325745E-01	2.470962E-01	-1.875230E-01	
144800	-0.110810	-0.601066	-10.363078	-4.524520E-01	2.165477E-01	-2.187013E-01	
144960	-0.164026	-0.715870	-10.444965	-4.731580E-01	1.849779E-01	-2.492328E-01	
145120	-0.189003	-0.755263	-10.455420	-4.981088E-01	1.550586E-01	-2.787141E-01	
145280	-0.312475	-0.788299	-10.481206	-5.293416E-01	1.245248E-01	-3.081155E-01	
145440	-0.180902	-0.765551	-10.425469	-5.602911E-01	9.318553E-02	-3.394322E-01	
145600	-0.301725	-0.780320	-10.473638	-5.887419E-01	6.058820E-02	-3.670212E-01	
145760	-0.353073	-0.754284	-10.529313	-6.114064E-01	2.969887E-02	-3.962010E-01	
145920	-0.370130	-0.803152	-10.555513	-6.334500E-01	-1.564027E-04	-4.250032E-01	
146080	-0.369371	-0.862867	-10.566165	-6.596641E-01	-3.273848E-02	-4.543093E-01	
146240	-0.439741	-0.802726	-10.540050	-6.754414E-01	-6.411510E-02	-4.818294E-01	
146400	-0.471094	-0.893442	-10.595334	-6.869355E-01	-9.635709E-02	-5.092051E-01	
146560	-0.490657	-0.915616	-10.574390	-7.155304E-01	-1.280345E-01	-5.356960E-01	
146720	-0.509180	-0.863581	-10.656313	-7.289611E-01	-1.594271E-01	-5.613220E-01	
146880	-0.503081	-0.954989	-10.725480	-7.418746E-01	-1.900155E-01	-5.878448E-01	
147040	-0.615052	-0.911016	-10.716782	-7.627487E-01	-2.178204E-01	-6.118981E-01	
147200	-0.610601	-0.943553	-10.665477	-7.762316E-01	-2.511899E-01	-6.366898E-01	
147360	-0.625212	-1.001219	-10.686174	-7.966140E-01	-2.799675E-01	-6.613983E-01	
147520	-0.621920	-0.962246	-10.715615	-8.098377E-01	-3.108026E-01	-6.843096E-01	
147680	-0.750422	-0.949557	-10.671361	-8.244209E-01	-3.422863E-01	-7.066286E-01	
147840	-0.753449	-0.965684	-10.728610	-8.416620E-01	-3.711890E-01	-7.302115E-01	
148000	-0.748061	-0.946549	-10.665781	-8.623154E-01	-3.986427E-01	-7.499929E-01	
148160	-0.743795	-0.977557	-10.786092	-8.751699E-01	-4.281766E-01	-7.709589E-01	
148320	-0.736887	-0.972837	-10.670474	-8.984679E-01	-4.553738E-01	-7.916004E-01	
148480	-0.767806	-0.931635	-10.777601	-9.154547E-01	-4.829461E-01	-8.083564E-01	
148640	-0.758775	-1.023226	-10.697867	-9.205083E-01	-5.097284E-01	-8.270980E-01	
148800	-0.746851	-0.991789	-10.721216	-9.246793E-01	-5.370508E-01	-8.448883E-01	
148960	-0.856891	-0.959487	-10.778679	-9.341152E-01	-5.641146E-01	-8.604449E-01	
149120	-0.814351	-0.960732	-10.712269	-9.395499E-01	-5.883087E-01	-8.755823E-01	
149280	-0.819139	-0.963568	-10.779300	-9.347941E-01	-6.130095E-01	-8.908701E-01	
149440	-0.900198	-1.011801	-10.760966	-9.348086E-01	-6.400442E-01	-9.059914E-01	
149600	-0.847623	-0.983814	-10.852267	-9.398003E-01	-6.637132E-01	-9.183365E-01	
149760	-0.914049	-1.002826	-10.801974	-9.533148E-01	-6.845610E-01	-9.283180E-01	
149920	-0.930960	-0.913230	-10.776398	-9.519353E-01	-7.091791E-01	-9.406635E-01	
150080	-0.936398	-0.968281	-10.805306	-9.546691E-01	-7.304435E-01	-9.498782E-01	
150240	-0.937193	-1.060630	-10.825355	-9.565047E-01	-7.534745E-01	-9.609778E-01	
150400	-0.903904	-0.927809	-10.763866	-9.529413E-01	-7.719260E-01	-9.679807E-01	
150560	-0.990937	-0.949770	-10.790734	-9.521570E-01	-7.904976E-01	-9.768601E-01	
150720	-1.029024	-0.913287	-10.719457	-9.479152E-01	-8.093994E-01	-9.830630E-01	
150880	-0.981393	-0.957139	-10.730845	-9.412459E-01	-8.278657E-01	-9.873657E-01	
151040	-0.977026	-0.982411	-10.786081	-9.520432E-01	-8.463428E-01	-9.930032E-01	
151200	-1.027319	-0.970596	-10.805677	-9.522700E-01	-8.624267E-01	-9.943249E-01	
151360	-1.029442	-0.870781	-10.818615	-9.510052E-01	-8.760829E-01	-9.980213E-01	
151520	-0.973810	-0.957856	-10.731388	-9.519907E-01	-8.932349E-01	-9.991163E-01	
151680	-0.983323	-0.839258	-10.772139	-9.432777E-01	-9.048964E-01	-1.001007E+00	
151840	-0.991654	-0.879263	-10.722948	-9.408045E-01	-9.185041E-01	-9.985664E-01	
152000	-0.951702	-0.856529	-10.725954	-9.291484E-01	-9.294381E-01	-9.967941E-01	
152160	-1.009692	-0.851851	-10.679955	-9.149406E-01	-9.420405E-01	-9.959003E-01	
152320	-0.981771	-0.800230	-10.715155	-9.088394E-01	-9.515098E-01	-9.907077E-01	
152480	-0.880769	-0.763272	-10.642221	-8.883120E-01	-9.595252E-01	-9.882900E-01	
152640	-1.000670	-0.811740	-10.668160	-8.668273E-01	-9.680584E-01	-9.828484E-01	
152800	-0.978641	-0.800127	-10.668022	-8.551652E-01	-9.757629E-01	-9.781713E-01	
152960	-0.977295	-0.695441	-10.653305	-8.323201E-01	-9.822438E-01	-9.675252E-01	
153120	-0.890777	-0.721842	-10.618944	-8.136728E-01	-9.884636E-01	-9.589711E-01	
153280	-0.976185	-0.667555	-10.572948	-7.948089E-01	-9.936929E-01	-9.502035E-01	
153440	-0.939513	-0.702314	-10.555638	-7.821573E-01	-9.958412E-01	-9.411167E-01	
153600	-0.877483	-0.634209	-10.537697	-7.691870E-01	-9.978200E-01	-9.313060E-01	
153760	-0.960841	-0.608340	-10.458136	-7.489436E-01	-1.000200E+00	-9.178589E-01	
153920	-0.946073	-0.599459	-10.585308	-7.253365E-01	-9.996485E-01	-9.046021E-01	
154080	-0.925819	-0.569394	-10.533374	-7.060293E-01	-9.995128E-01	-8.923831E-01	
154240	-0.861619	-0.551408	-10.544674	-6.830512E-01	-9.970746E-01	-8.755494E-01	
154400	-0.883188	-0.576168	-10.457214	-6.638283E-01	-9.958110E-01	-8.607571E-01	
154560	-0.841698	-0.538373	-10.397715	-6.401679E-01	-9.924380E-01	-8.427228E-01	
154720	-0.877163	-0.439584	-10.458732	-6.176480E-01	-9.873834E-01	-8.279440E-01	
154880	-0.954574	-0.437532	-10.374888	-5.962768E-01	-9.835929E-01	-8.097822E-01	
155040	-0.805996	-0.442474	-10.332404	-5.681009E-01	-9.748675E-01	-7.899264E-01	
155200	-0.834124	-0.374676	-10.305564	-5.446264E-01	-9.673580E-01	-7.695684E-01	
155360	-0.788644	-0.340494	-10.281489	-5.174874E-01	-9.572020E-01	-7.494831E-01	
155520	-0.851243	-0.346180	-10.227857	-4.885769E-01	-9.496000E-01	-7.298551E-01	
155680	-0.833189	-0.224514	-10.214554	-4.565765E-01	-9.411368E-01	-7.083868E-01	
155840	-0.796457	-0.228450	-10.142091	-4.203202E-01	-9.301508E-01	-6.841308E-01	
156000	-0.762623	-0.268307	-10.173645	-3.884589E-01	-9.171273E-01	-6.608280E-01	
156160	-0.699424	-0.176510	-10.045672	-3.618144E-01	-9.039928E-01	-6.402166E-01	
156320	-0.672762	-0.157630	-10.126960	-3.390624E-01	-8.907433E-01	-6.131390E-01	
156480	-0.572444	-0.094179	-9.980444	-3.088895E-01	-8.756204E-01	-5.879614E-01	
156640	-0.640336	-0.117348	-10.045826	-2.850944E-01	-8.585847E-01	-5.616193E-01	
156800	-0.582898	-0.056746	-9.996530	-2.483728E-01	-8.427110E-01	-5.347238E-01	
156960	-0.524788	-0.025936	-9.956057	-2.149097E-01	-8.262897E-01	-5.113043E-01	
157120	-0.552611	-0.022177	-9.949828	-1.763727E-01	-8.073094E-01	-4.818008E-01	
157280	-0.543857	0.000077	-9.935245	-1.516460E-01	-7.894260E-01	-4.550656E-01	
157440	-0.442203	0.025458	-9.933213	-1.123427E-01	-7.682842E-01	-4.256463E-01	
157600	-0.408247	0.086725	-9.922606	-7.417751E-02	-7.495054E-01	-3.974436E-01	
157760	-0.374604	0.127178	-9.822142	-5.061974E-02	-7.264185E-01	-3.691087E-01	
157920	-0.297739	0.208639	-9.805115	-1.903001E-02	-7.054262E-01	-3.398029E-01	
158080	-0.363113	0.182938	-9.745471	6.577045E-03	-6.826858E-01	-3.093772E-01	
158240	-0.320116	0.204017	-9.712874	3.140174E-02	-6.610677E-01	-2.794791E-01	
158400	-0.261268	0.252608	-9.699024	6.636221E-02	-6.365728E-01	-2.485077E-01	
158560	-0.344932	0.309815	-9.586742	9.547468E-02	-6.126828E-01	-2.183615E-01	
158720	-0.232177	0.336232	-9.565605	1.193211E-01	-5.870986E-01	-1.883712E-01	
158880	-0.262649	0.346973	-9.630316	1.522307E-01	-5.595466E-01	-1.567844E-01	
159040	-0.205694	0.372993	-9.571385	1.741238E-01	-5.336539E-01	-1.268869E-01	
159200	-0.180632	0.359587	-9.510311	2.039441E-01	-5.091846E-01	-9.417173E-02	
159360	-0.043004	0.467566	-9.514692	2.326847E-01	-4.788621E-01	-6.325542E-02	
159520	-0.153575	0.404345	-9.461847	2.596400E-01	-4.526654E-01	-3.122863E-02	
159680	-0.053245	0.470162	-9.514451	2.811316E-01	-4.244484E-01	-4.798668E-04	
159840	-0.019374	0.519845	-9.443146	2.972202E-01	-3.946133E-01	3.228735E-02	
160000	0.046133	0.536717	-9.465784	3.238105E-01	-3.667464E-01	6.228297E-02	
160160	0.021235	0.582939	-9.358877	3.570967E-01	-3.373650E-01	9.532323E-02	
160320	0.031250	0.608824	-9.316751	3.799723E-01	-3.046297E-01	1.236396E-01	
160480	0.064333	0.615905	-9.343923	4.037599E-01	-2.778538E-01	1.553974E-01	
160640	0.096339	0.605986	-9.256206	4.219060E-01	-2.475316E-01	1.867656E-01	
160800	0.199296	0.653161	-9.259193	4.472382E-01	-2.174409E-01	2.171459E-01	
160960	0.219303	0.626075	-9.224451	4.777051E-01	-1.863611E-01	2.472303E-01	
161120	0.274812	0.701927	-9.189426	5.155390E-01	-1.533550E-01	2.805823E-01	
161280	0.239048	0.755838	-9.145115	5.400178E-01	-1.236342E-01	3.084167E-01	
161440	0.316971	0.677016	-9.160671	5.630017E-01	-9.236945E-02	3.372061E-01	
161600	0.292555	0.885858	-9.135523	5.957694E-01	-6.054587E-02	3.670752E-01	
161760	0.313354	0.773940	-9.094417	6.233497E-01	-2.957876E-02	3.966916E-01	
161920	0.414313	0.862354	-9.025222	6.448923E-01	3.724465E-03	4.263081E-01	
162080	0.433484	0.850137	-9.036422	6.704364E-01	3.299323E-02	4.532311E-01	
162240	0.384489	0.839645	-9.087202	6.964313E-01	6.380520E-02	4.802212E-01	
162400	0.501350	0.925318	-9.005114	7.170617E-01	9.467461E-02	5.087510E-01	
162560	0.467740	0.926194	-9.072083	7.402003E-01	1.277278E-01	5.346578E-01	
162720	0.501060	0.903487	-8.948484	7.580001E-01	1.574949E-01	5.635944E-01	
162880	0.558103	0.971342	-8.979325	7.880191E-01	1.903547E-01	5.878006E-01	
163040	0.514065	0.858022	-8.969872	8.045350E-01	2.209847E-01	6.115158E-01	
163200	0.608383	0.976222	-8.978391	8.261137E-01	2.502970E-01	6.350665E-01	
163360	0.589752	0.953651	-8.841046	8.393033E-01	2.812928E-01	6.614516E-01	
163520	0.654779	0.987427	-8.868050	8.564258E-01	3.119426E-01	6.825250E-01	
163680	0.631484	0.867074	-8.880945	8.663037E-01	3.425158E-01	7.053409E-01	
163840	0.659933	0.948237	-8.954831	8.830537E-01	3.697224E-01	7.291089E-01	
164000	0.652468	0.951297	-8.891500	8.852614E-01	3.956689E-01	7.499081E-01	
164160	0.770701	0.946814	-8.918380	8.986580E-01	4.261970E-01	7.693788E-01	
164320	0.726051	1.012277	-8.863749	9.142553E-01	4.567615E-01	7.893852E-01	
164480	0.773733	0.946520	-8.826352	9.340290E-01	4.833945E-01	8.081944E-01	
164640	0.819718	1.014558	-8.852873	9.349090E-01	5.091839E-01	8.277347E-01	
164800	0.800819	0.980981	-8.865459	9.379811E-01	5.369197E-01	8.435808E-01	
164960	0.850427	1.060267	-8.798824	9.475147E-01	5.624816E-01	8.606149E-01	
165120	0.862368	1.058585	-8.834088	9.614424E-01	5.896750E-01	8.758839E-01	
165280	0.880151	0.970364	-8.879278	9.681478E-01	6.145937E-01	8.909768E-01	
165440	0.840826	1.020340	-8.885642	9.744265E-01	6.390257E-01	9.043538E-01	
165600	0.867223	1.067979	-8.785845	9.799266E-01	6.634422E-01	9.171547E-01	
165760	0.953145	1.035922	-8.780361	9.849860E-01	6.854665E-01	9.294902E-01	
165920	0.910246	0.992279	-8.815597	9.845535E-01	7.079792E-01	9.404698E-01	
166080	0.901319	1.034208	-8.825180	9.913802E-01	7.313037E-01	9.515841E-01	
166240	0.981242	1.048657	-8.877585	9.979599E-01	7.501788E-01	9.606986E-01	
166400	1.009682	0.965557	-8.729352	1.003783E+00	7.716953E-01	9.701028E-01	
166560	0.924973	0.931497	-8.817890	1.008829E+00	7.930228E-01	9.769935E-01	
166720	1.012867	0.981202	-8.889792	1.011138E+00	8.107190E-01	9.815981E-01	
166880	0.927283	0.940112	-8.783165	1.013376E+00	8.259602E-01	9.845109E-01	
167040	1.056267	0.906918	-8.824263	1.016168E+00	8.461541E-01	9.931756E-01	
167200	0.986920	0.917651	-8.887348	1.014968E+00	8.636963E-01	9.962988E-01	
167360	0.982477	0.816064	-8.865758	1.011757E+00	8.769777E-01	9.961436E-01	
167520	1.029690	0.928171	-8.890865	1.000489E+00	8.923823E-01	1.000431E+00	
167680	0.991648	0.801448	-8.855676	9.856738E-01	9.050125E-01	9.999004E-01	
167840	0.976957	0.806507	-8.860624	9.809081E-01	9.192012E-01	9.996626E-01	
168000	1.026348	0.882149	-8.926281	9.773323E-01	9.305062E-01	9.979602E-01	
168160	1.039839	0.845462	-8.867815	9.700365E-01	9.418653E-01	9.943696E-01	
168320	0.988390	0.826695	-8.982531	9.625668E-01	9.521250E-01	9.909421E-01	
168480	1.035947	0.800389	-8.980091	9.465036E-01	9.616806E-01	9.883356E-01	
168640	1.094052	0.730479	-8.945718	9.308313E-01	9.686914E-01	9.819300E-01	
168800	1.014626	0.713708	-9.004186	9.237405E-01	9.783966E-01	9.762541E-01	
168960	0.907537	0.710296	-8.971724	9.052102E-01	9.816442E-01	9.681936E-01	
169120	1.049644	0.736820	-8.957748	8.902067E-01	9.888355E-01	9.609778E-01	
169280	1.003143	0.727323	-9.155443	8.806383E-01	9.933755E-01	9.488608E-01	
169440	0.911938	0.651288	-9.053614	8.555774E-01	9.965401E-01	9.408816E-01	
169600	0.914518	0.627173	-9.069938	8.303134E-01	9.979035E-01	9.311864E-01	
169760	0.922607	0.591124	-9.066036	8.156474E-01	9.976666E-01	9.178824E-01	
169920	0.903585	0.562104	-9.102234	8.001078E-01	1.000116E+00	9.051865E-01	
170080	0.867095	0.549641	-9.108528	7.732116E-01	1.000673E+00	8.910071E-01	
170240	0.860794	0.528373	-9.205494	7.498740E-01	9.958936E-01	8.768768E-01	
170400	0.944487	0.497630	-9.205902	7.325721E-01	9.952947E-01	8.588988E-01	
170560	0.826718	0.505290	-9.235724	7.179180E-01	9.907279E-01	8.445736E-01	
170720	0.839712	0.457100	-9.232538	6.891352E-01	9.884330E-01	8.274179E-01	
170880	0.872259	0.416847	-9.270038	6.709897E-01	9.807109E-01	8.095368E-01	
171040	0.789294	0.436806	-9.236906	6.367429E-01	9.752432E-01	7.918878E-01	
171200	0.853255	0.382438	-9.339191	6.081884E-01	9.678433E-01	7.706157E-01	
171360	0.839563	0.301027	-9.353829	5.701002E-01	9.595818E-01	7.500325E-01	
171520	0.736392	0.258902	-9.364982	5.389706E-01	9.495190E-01	7.270758E-01	
171680	0.639835	0.251872	-9.423704	5.221025E-01	9.407554E-01	7.067571E-01	
171840	0.709884	0.236561	-9.444310	4.933429E-01	9.298111E-01	6.854687E-01	
172000	0.687128	0.206340	-9.493856	4.677516E-01	9.175908E-01	6.627962E-01	
172160	0.673227	0.181297	-9.541612	4.416952E-01	9.021133E-01	6.391589E-01	
172320	0.601922	0.205666	-9.539643	4.156149E-01	8.908591E-01	6.122858E-01	
172480	0.616087	0.093143	-9.585424	3.943584E-01	8.745727E-01	5.882561E-01	
172640	0.666003	0.049152	-9.580077	3.696839E-01	8.591780E-01	5.618126E-01	
172800	0.604952	0.043963	-9.637033	3.439629E-01	8.447775E-01	5.350222E-01	
172960	0.606438	0.030427	-9.690824	3.148439E-01	8.261439E-01	5.097044E-01	
173120	0.500001	0.010796	-9.676241	2.877433E-01	8.081421E-01	4.818683E-01	
173280	0.508784	-0.022061	-9.695037	2.617369E-01	7.898789E-01	4.536388E-01	
173440	0.465179	-0.082769	-9.706272	2.211895E-01	7.683366E-01	4.275883E-01	
173600	0.497487	-0.203181	-9.786321	1.843563E-01	7.493450E-01	3.972170E-01	
173760	0.391003	-0.159300	-9.819535	1.500657E-01	7.286225E-01	3.687525E-01	
173920	0.389419	-0.106491	-9.915526	1.175751E-01	7.046429E-01	3.384773E-01	
174080	0.348557	-0.263501	-9.931442	8.552218E-02	6.836127E-01	3.088497E-01	
174240	0.255693	-0.260527	-9.853027	5.884567E-02	6.603522E-01	2.787809E-01	
174400	0.326790	-0.220893	-9.881271	2.803874E-02	6.357828E-01	2.486218E-01	
174560	0.294569	-0.272609	-9.950129	-1.089808E-02	6.102795E-01	2.195546E-01	
174720	0.247210	-0.271381	-9.977009	-3.308989E-02	5.858725E-01	1.865638E-01	
174880	0.190498	-0.340132	-10.020917	-6.471374E-02	5.613257E-01	1.559641E-01	
175040	0.208892	-0.407238	-10.066693	-1.040421E-01	5.347000E-01	1.255483E-01	
175200	0.093710	-0.440744	-10.021934	-1.283285E-01	5.072058E-01	9.516546E-02	
175360	0.104164	-0.364493	-10.145025	-1.586914E-01	4.785058E-01	6.318467E-02	
175520	0.158183	-0.426693	-10.152860	-1.927041E-01	4.551484E-01	3.336847E-02	
175680	0.074073	-0.498164	-10.179964	-2.181667E-01	4.251961E-01	-2.454842E-03	
175840	0.053251	-0.435994	-10.218208	-2.536748E-01	3.933436E-01	-2.995677E-02	
176000	-0.020888	-0.561223	-10.324349	-2.859777E-01	3.660912E-01	-6.299168E-02	
176160	-0.017628	-0.476872	-10.234193	-3.041313E-01	3.361043E-01	-9.342917E-02	
176320	-0.005744	-0.515327	-10.326264	-3.372311E-01	3.057195E-01	-1.255513E-01	
176480	-0.097957	-0.616346	-10.311187	-3.681847E-01	2.773171E-01	-1.554520E-01	
176640	-0.112846	-0.659958	-10.304919	-3.939890E-01	2.479960E-01	-1.868251E-01	
176800	-0.208686	-0.669885	-10.383633	-4.277365E-01	2.155466E-01	-2.179340E-01	
176960	-0.169387	-0.715568	-10.341373	-4.447427E-01	1.864728E-01	-2.495676E-01	
177120	-0.183287	-0.648470	-10.418236	-4.760724E-01	1.533137E-01	-2.772297E-01	
177280	-0.253012	-0.805263	-10.410066	-5.002986E-01	1.231734E-01	-3.081081E-01	
177440	-0.195764	-0.805627	-10.505532	-5.142500E-01	9.322082E-02	-3.386437E-01	
177600	-0.305044	-0.713098	-10.536957	-5.462331E-01	5.990643E-02	-3.675115E-01	
177760	-0.352165	-0.776318	-10.473671	-5.658683E-01	3.014742E-02	-3.969995E-01	
177920	-0.450087	-0.828722	-10.492343	-5.915398E-01	-3.696035E-03	-4.253620E-01	
178080	-0.384773	-0.866324	-10.551612	-6.076917E-01	-3.322002E-02	-4.518377E-01	
178240	-0.406504	-0.792815	-10.586514	-6.311047E-01	-6.666529E-02	-4.821012E-01	
178400	-0.480090	-0.904394	-10.591448	-6.507978E-01	-9.532546E-02	-5.069981E-01	
178560	-0.471960	-0.843434	-10.644202	-6.606187E-01	-1.257743E-01	-5.352443E-01	
178720	-0.512656	-0.876021	-10.652048	-6.889020E-01	-1.566145E-01	-5.625299E-01	
178880	-0.550689	-0.828524	-10.587147	-7.147138E-01	-1.886397E-01	-5.868066E-01	
179040	-0.561379	-0.863676	-10.661176	-7.352712E-01	-2.204685E-01	-6.127076E-01	
179200	-0.593892	-0.972321	-10.728070	-7.511067E-01	-2.503442E-01	-6.371155E-01	
179360	-0.603799	-0.987988	-10.655223	-7.748378E-01	-2.814809E-01	-6.603133E-01	
179520	-0.571933	-1.034348	-10.761125	-7.953645E-01	-3.104429E-01	-6.852448E-01	
179680	-0.702257	-0.879209	-10.667381	-8.217596E-01	-3.406515E-01	-7.059572E-01	
179840	-0.603767	-0.912378	-10.721486	-8.354499E-01	-3.679974E-01	-7.287490E-01	
180000	-0.699075	-0.980519	-10.836212	-8.517960E-01	-3.978846E-01	-7.511330E-01	
180160	-0.696635	-0.983936	-10.756771	-8.721900E-01	-4.269547E-01	-7.700115E-01	
180320	-0.721714	-0.996676	-10.723756	-8.830487E-01	-4.573239E-01	-7.888835E-01	
180480	-0.779985	-1.045343	-10.772508	-8.926135E-01	-4.830327E-01	-8.093259E-01	
180640	-0.768676	-1.016828	-10.734519	-9.103921E-01	-5.098229E-01	-8.261787E-01	
180800	-0.828366	-0.981944	-10.746452	-9.300162E-01	-5.345911E-01	-8.439089E-01	
180960	-0.827497	-1.086345	-10.753276	-9.248249E-01	-5.646562E-01	-8.607154E-01	
181120	-0.853881	-0.989271	-10.817882	-9.367882E-01	-5.884920E-01	-8.768670E-01	
181280	-0.870942	-0.990404	-10.862393	-9.443124E-01	-6.142780E-01	-8.904498E-01	
181440	-0.880169	-0.926759	-10.774312	-9.516811E-01	-6.392011E-01	-9.042871E-01	
181600	-0.905977	-1.015684	-10.823292	-9.539708E-01	-6.631125E-01	-9.169348E-01	
181760	-0.872730	-1.013822	-10.820072	-9.570359E-01	-6.857117E-01	-9.304389E-01	
181920	-0.915023	-1.012559	-10.850386	-9.584886E-01	-7.083962E-01	-9.402421E-01	
182080	-0.934439	-1.013032	-10.853391	-9.624445E-01	-7.287473E-01	-9.514594E-01	
182240	-0.925505	-0.931386	-10.883020	-9.707959E-01	-7.513667E-01	-9.599941E-01	
182400	-0.915702	-0.948216	-10.783711	-9.734215E-01	-7.705444E-01	-9.702414E-01	
182560	-0.942452	-0.991301	-10.725602	-9.876272E-01	-7.897725E-01	-9.772834E-01	
182720	-0.921631	-1.021943	-10.720134	-9.857584E-01	-8.121187E-01	-9.823082E-01	
182880	-0.937538	-0.920418	-10.851256	-9.822845E-01	-8.269898E-01	-9.880977E-01	
183040	-1.008091	-0.906101	-10.774472	-9.761039E-01	-8.446395E-01	-9.917735E-01	
183200	-0.994222	-0.925360	-10.802409	-9.678879E-01	-8.614834E-01	-9.941705E-01	
183360	-1.011333	-0.943855	-10.754733	-9.662782E-01	-8.755704E-01	-9.992676E-01	
183520	-0.927874	-0.893264	-10.730049	-9.555831E-01	-8.935982E-01	-9.985611E-01	
183680	-1.024150	-0.888005	-10.751317	-9.549274E-01	-9.076321E-01	-1.000575E+00	
183840	-1.046005	-0.930044	-10.722200	-9.441716E-01	-9.192054E-01	-9.995087E-01	
184000	-0.995913	-0.896582	-10.713192	-9.247378E-01	-9.310617E-01	-9.978500E-01	
184160	-0.996427	-0.815222	-10.718380	-9.243329E-01	-9.428406E-01	-9.964243E-01	
184320	-0.935260	-0.839121	-10.668400	-9.061212E-01	-9.519145E-01	-9.921786E-01	
184480	-0.973502	-0.719312	-10.655400	-8.938772E-01	-9.622516E-01	-9.861262E-01	
184640	-0.962426	-0.775830	-10.645412	-8.812420E-01	-9.699724E-01	-9.803400E-01	
184800	-0.973713	-0.679696	-10.661729	-8.671429E-01	-9.772393E-01	-9.768809E-01	
184960	-1.015756	-0.732005	-10.593753	-8.474285E-01	-9.839761E-01	-9.692725E-01	
185120	-0.989374	-0.664647	-10.583467	-8.297949E-01	-9.879562E-01	-9.590764E-01	
185280	-0.944282	-0.673526	-10.542309	-8.086944E-01	-9.918920E-01	-9.506857E-01	
185440	-0.949345	-0.580320	-10.653854	-7.921249E-01	-9.966986E-01	-9.409280E-01	
185600	-0.995502	-0.612897	-10.453667	-7.750987E-01	-9.982780E-01	-9.306715E-01	
185760	-0.965287	-0.637343	-10.471954	-7.591148E-01	-9.996929E-01	-9.178039E-01	
185920	-0.900479	-0.646439	-10.482355	-7.412512E-01	-1.000996E+00	-9.064641E-01	
186080	-0.939692	-0.537552	-10.463021	-7.168780E-01	-1.000180E+00	-8.915936E-01	
186240	-0.863814	-0.461533	-10.495659	-7.018072E-01	-9.980672E-01	-8.765149E-01	
186400	-0.822145	-0.541999	-10.454269	-6.793835E-01	-9.945893E-01	-8.585623E-01	
186560	-0.885360	-0.533101	-10.426302	-6.576862E-01	-9.902673E-01	-8.456340E-01	
186720	-0.912101	-0.490234	-10.415702	-6.346356E-01	-9.884759E-01	-8.253967E-01	
186880	-0.876817	-0.428625	-10.322962	-6.099205E-01	-9.834374E-01	-8.098702E-01	
187040	-0.779771	-0.380641	-10.358714	-5.872380E-01	-9.776112E-01	-7.904730E-01	
187200	-0.792467	-0.376522	-10.214104	-5.580818E-01	-9.687565E-01	-7.695704E-01	
187360	-0.795667	-0.398631	-10.289213	-5.278741E-01	-9.596749E-01	-7.522481E-01	
187520	-0.816534	-0.311074	-10.222923	-5.047404E-01	-9.494601E-01	-7.293985E-01	
187680	-0.768270	-0.296082	-10.137229	-4.745927E-01	-9.400210E-01	-7.068256E-01	
187840	-0.711664	-0.230703	-10.151235	-4.541203E-01	-9.289601E-01	-6.860893E-01	
188000	-0.694585	-0.283901	-10.139175	-4.221090E-01	-9.145329E-01	-6.610875E-01	
188160	-0.802403	-0.133522	-10.186900	-3.915114E-01	-9.044515E-01	-6.371027E-01	
188320	-0.695467	-0.156520	-10.071781	-3.653688E-01	-8.891473E-01	-6.132325E-01	
188480	-0.652641	-0.138801	-10.092182	-3.327246E-01	-8.771877E-01	-5.887966E-01	
188640	-0.580125	-0.066118	-10.055521	-3.028309E-01	-8.606991E-01	-5.605176E-01	
188800	-0.499378	-0.047265	-9.961658	-2.762613E-01	-8.432043E-01	-5.356937E-01	
188960	-0.597104	-0.026833	-9.986609	-2.480212E-01	-8.257322E-01	-5.099516E-01	
189120	-0.512327	0.006614	-9.888218	-2.179856E-01	-8.077286E-01	-4.836451E-01	
189280	-0.572660	0.002088	-9.905193	-1.921903E-01	-7.884722E-01	-4.526083E-01	
189440	-0.468611	0.084281	-9.864398	-1.617289E-01	-7.674062E-01	-4.258184E-01	
189600	-0.527778	0.118114	-9.843714	-1.333365E-01	-7.475419E-01	-3.980896E-01	
189760	-0.430390	0.048218	-9.830613	-9.454282E-02	-7.264241E-01	-3.678278E-01	
189920	-0.331499	0.111105	-9.868137	-6.342159E-02	-7.061446E-01	-3.391765E-01	
190080	-0.285062	0.166434	-9.761961	-2.829079E-02	-6.825676E-01	-3.101110E-01	
190240	-0.367001	0.154791	-9.753535	-5.011766E-04	-6.606678E-01	-2.793137E-01	
190400	-0.296167	0.293215	-9.686725	3.458606E-02	-6.366930E-01	-2.485295E-01	
190560	-0.217291	0.217743	-9.671712	6.547600E-02	-6.120991E-01	-2.184518E-01	
190720	-0.185320	0.374075	-9.653373	8.938056E-02	-5.859627E-01	-1.885698E-01	
190880	-0.237419	0.290689	-9.598443	1.350249E-01	-5.614757E-01	-1.572232E-01	
191040	-0.143451	0.399434	-9.523007	1.577190E-01	-5.333664E-01	-1.271054E-01	
191200	-0.116658	0.490464	-9.612768	1.857186E-01	-5.058275E-01	-9.613488E-02	
191360	-0.026351	0.464403	-9.555231	2.208029E-01	-4.797546E-01	-6.287958E-02	
191520	-0.067446	0.429284	-9.547997	2.529466E-01	-4.535913E-01	-3.149451E-02	
191680	-0.065165	0.477843	-9.447481	2.905863E-01	-4.223864E-01	-4.541659E-04	
191840	-0.085128	0.488613	-9.463157	3.266352E-01	-3.941185E-01	3.148417E-02	
192000	0.015323	0.543510	-9.413069	3.602655E-01	-3.644197E-01	6.312206E-02	