0	0.029881	0.507935	-9.401780	1.753616E-04	-1.738966E-03	2.020049E-04	
160	-0.012521	0.540930	-9.320618	-9.735917E-04	-2.440566E-04	6.307172E-05	
320	0.031139	0.414446	-9.413585	4.444510E-04	-1.768381E-03	2.322989E-03	
480	0.143101	0.640563	-9.269638	4.507539E-04	2.266325E-04	-1.093824E-03	
640	0.146986	0.622969	-9.264478	-1.550536E-03	-3.750604E-05	-1.543691E-04	
800	0.151901	0.623789	-9.244596	-1.569947E-04	8.591196E-04	-5.717785E-04	
960	0.098761	0.665806	-9.108078	-5.689778E-04	-8.876297E-04	1.605920E-04	
1120	0.286493	0.748806	-9.215455	3.727129E-04	-1.938812E-03	3.694974E-04	
1280	0.237674	0.772086	-9.208042	4.985245E-04	-1.018255E-03	-1.693489E-03	
1440	0.302481	0.793726	-9.171974	2.487076E-04	-1.109398E-03	-1.289983E-03	
1600	0.313522	0.727052	-9.079318	1.114778E-03	1.342757E-03	-3.913081E-05	
1760	0.296081	0.755554	-9.107871	2.288027E-05	-1.306673E-04	3.360709E-04	
1920	0.355835	0.799825	-9.158259	6.711361E-04	2.359182E-03	1.804752E-03	
2080	0.374401	0.895972	-9.046471	-2.004037E-03	-1.206410E-03	-5.109179E-04	
2240	0.439195	0.811459	-9.055781	-7.334362E-04	1.508337E-04	-2.296765E-04	
2400	0.440771	0.844023	-8.997996	6.741243E-04	1.673449E-03	5.506531E-05	
2560	0.459912	0.878446	-9.049378	-6.841633E-04	-3.812795E-04	8.933073E-04	
2720	0.491771	0.904518	-9.022352	-1.007897E-03	3.121348E-04	8.294752E-04	
2880	0.525119	0.927928	-8.950602	-1.535893E-03	1.436464E-03	9.140300E-04	
3040	0.569190	0.937139	-8.972936	1.046777E-03	-1.355458E-04	7.338865E-04	
3200	0.591519	0.838934	-8.910118	2.409477E-03	-1.288544E-04	2.261191E-03	
3360	0.628458	0.988923	-8.894984	-8.861945E-04	-4.832019E-04	1.161739E-04	
3520	0.631530	0.859240	-8.846537	-6.189009E-04	1.449570E-04	-9.185812E-04	
3680	0.668926	1.054507	-8.892847	1.792272E-03	1.142577E-03	4.474449E-04	
3840	0.700477	0.980443	-8.870457	1.282975E-03	9.515886E-05	-8.517633E-04	
4000	0.715738	0.936263	-8.898027	1.285447E-03	7.866383E-04	6.961688E-04	
4160	0.800234	1.027150	-8.931025	-1.015660E-03	1.082842E-03	9.910586E-04	
4320	0.815073	1.006344	-8.846062	1.168775E-04	-3.340307E-04	1.420368E-03	
4480	0.778517	1.054442	-8.832783	-2.171173E-03	-1.024401E-03	9.462211E-05	
4640	0.798094	1.072176	-8.714762	1.140080E-03	-1.380954E-05	-1.117591E-04	
4800	0.806340	0.914013	-8.867832	9.911679E-04	-7.358062E-04	1.439210E-03	
4960	0.790876	1.039278	-8.819170	6.757124E-04	-1.643272E-03	-9.203456E-04	
5120	0.862592	1.036675	-8.801591	1.096247E-03	1.942707E-04	1.115950E-03	
5280	0.858499	1.066696	-8.875888	9.603426E-04	-9.131526E-04	3.925971E-04	
5440	0.984468	0.989471	-8.860628	-5.256335E-04	-9.741158E-04	-1.676157E-03	
5600	0.869074	1.031824	-8.858385	-1.075179E-03	3.129228E-04	3.869485E-05	
5760	0.885064	0.977297	-8.797565	-1.870872E-03	6.251523E-04	7.542357E-04	
5920	0.996221	0.925521	-8.789117	-1.167745E-04	-1.787765E-03	-1.886366E-04	
6080	0.976220	0.947612	-8.810588	-1.151018E-03	9.457977E-04	-1.322763E-03	
6240	0.990530	0.938445	-8.770269	-3.002312E-04	-9.046069E-04	4.193648E-04	
6400	0.921846	0.977241	-8.766170	1.823375E-03	-2.177636E-04	-2.351114E-04	
6560	0.910036	0.956835	-8.823601	-1.655122E-03	-5.823194E-04	-1.169380E-03	
6720	0.908356	0.887958	-8.822088	1.808382E-03	2.207290E-03	-5.548639E-04	
6880	0.961829	0.879702	-8.800839	-5.032154E-05	-1.152140E-04	-4.088544E-04	
7040	0.981162	0.989367	-8.872536	-1.693375E-03	7.173616E-04	-4.006908E-04	
7200	0.993062	0.953211	-8.829972	1.974366E-04	-1.604224E-03	-1.531106E-04	
7360	0.971652	0.936279	-8.900042	-3.893139E-04	-8.319060E-04	-1.562618E-03	
7520	1.033590	0.872429	-8.882413	-3.357775E-05	8.494482E-04	-8.556611E-05	
7680	1.001618	0.921355	-8.871765	1.773737E-03	3.677562E-04	-6.623440E-04	
7840	0.986817	0.828354	-8.884397	-9.484647E-04	-1.152770E-03	-1.140191E-03	
8000	0.980166	0.850349	-8.871641	4.232662E-04	1.694705E-03	-4.939679E-04	
8160	0.958419	0.793397	-8.943403	1.754642E-03	-2.041455E-03	-1.243645E-03	
8320	1.043598	0.863877	-8.905191	1.674792E-04	-2.489567E-04	1.831203E-03	
8480	0.991762	0.755683	-8.927893	-2.211523E-03	-1.580369E-03	-1.301402E-03	
8640	0.956078	0.759562	-8.974440	4.958836E-04	-1.781955E-03	2.487783E-04	
8800	1.000426	0.793918	-9.016581	-1.307451E-03	-5.454057E-04	3.358821E-04	
8960	0.970530	0.812890	-9.065225	1.520672E-03	8.225712E-04	1.902002E-05	
9120	0.981842	0.690704	-8.976165	1.802864E-03	-3.889803E-04	2.445896E-04	
9280	1.014674	0.675097	-9.012164	9.069760E-04	-5.094884E-04	7.153787E-04	
9440	0.983576	0.732789	-9.085968	2.253982E-03	-1.683795E-03	-3.331477E-04	
9600	0.982926	0.655267	-9.104801	1.328563E-03	-2.979784E-04	-6.825237E-04	
9760	0.879031	0.572121	-9.055926	2.031770E-03	8.501012E-04	1.280375E-03	
9920	0.930544	0.575591	-9.125426	-1.323366E-03	5.518656E-04	-1.005304E-03	
10080	0.903874	0.566786	-9.163957	-6.638861E-04	-3.491482E-04	6.359197E-04	
10240	0.912699	0.562746	-9.165654	-4.381425E-04	-2.849646E-05	-3.691315E-04	
10400	0.923035	0.479917	-9.203884	-2.779497E-04	5.020445E-05	-1.453629E-03	
10560	0.838649	0.538466	-9.224839	-5.238374E-04	-4.055844E-04	-1.078715E-03	
10720	0.922429	0.446466	-9.257990	-2.229109E-05	-1.569754E-04	-6.647122E-04	
10880	0.801010	0.386583	-9.336987	-3.438709E-04	1.567937E-03	-1.553694E-04	
11040	0.791488	0.433019	-9.300293	3.709180E-04	8.328923E-04	4.771488E-04	
11200	0.791504	0.325402	-9.386003	1.409951E-03	-9.317226E-04	5.450590E-04	
11360	0.813223	0.373747	-9.394817	1.945070E-04	1.991257E-03	2.357410E-03	
11520	0.816888	0.327421	-9.387736	1.226865E-03	1.511489E-04	1.810651E-03	
11680	0.715942	0.328449	-9.375731	1.061733E-03	-1.567403E-04	5.922954E-04	
11840	0.712373	0.242635	-9.459682	-6.271686E-04	-1.243847E-04	-7.045446E-04	
12000	0.721071	0.189763	-9.437235	-5.066315E-05	1.280944E-03	3.291285E-04	
12160	0.655208	0.225496	-9.520229	1.138763E-05	-1.599059E-04	1.087324E-04	
12320	0.693157	0.114626	-9.586935	-1.125065E-03	1.046371E-03	-1.074319E-03	
12480	0.634555	0.093864	-9.554875	6.824006E-04	1.234227E-03	-1.682368E-03	
12640	0.615741	0.118143	-9.515663	1.589285E-03	-1.123059E-04	-5.760682E-04	
12800	0.560451	0.063393	-9.582500	-9.411337E-05	2.249680E-03	-9.848766E-04	
12960	0.603727	-0.006195	-9.646141	-1.837460E-03	3.341459E-04	-1.533220E-04	
13120	0.483421	-0.013542	-9.714129	1.158421E-03	1.372074E-03	4.382611E-04	
13280	0.493331	-0.108142	-9.624186	-3.166452E-04	-1.198019E-03	3.213563E-04	
13440	0.514945	-0.053110	-9.720036	-2.363919E-04	-8.001605E-04	1.063275E-04	
13600	0.443937	-0.050806	-9.850298	-6.714472E-04	1.503044E-03	2.787804E-04	
13760	0.452591	-0.142734	-9.789376	-8.855970E-05	2.581569E-04	-2.134288E-03	
13920	0.450978	-0.180335	-9.852245	-1.116820E-03	-3.694273E-04	-8.132224E-04	
14080	0.370816	-0.181987	-9.867055	-4.859199E-04	1.012305E-03	1.770751E-03	
14240	0.335486	-0.113565	-9.906179	-1.318191E-03	-6.047625E-04	-5.496118E-04	
14400	0.374556	-0.275195	-9.976719	-7.699727E-05	-1.379646E-06	1.688050E-03	
14560	0.269022	-0.304797	-10.041114	-1.530723E-03	6.101132E-04	7.208699E-04	
14720	0.274613	-0.302007	-9.946705	1.428915E-03	-9.246574E-04	-2.506282E-04	
14880	0.223692	-0.260511	-9.998225	-1.480302E-03	-1.018956E-03	1.492952E-04	
15040	0.180344	-0.273831	-10.104005	-6.686175E-04	1.575570E-03	8.274517E-04	
15200	0.117598	-0.357074	-10.148226	-2.280478E-04	4.633421E-04	-4.835501E-05	
15360	0.119565	-0.436448	-10.057638	5.190004E-04	9.870591E-04	-6.339543E-04	
15520	0.100974	-0.428864	-10.146868	3.016067E-04	4.003394E-04	-1.605914E-03	
15680	0.128991	-0.440018	-10.162458	1.022684E-05	-6.750644E-04	9.232134E-05	
15840	0.067382	-0.494275	-10.259895	7.621548E-05	-1.303214E-03	3.771167E-04	
16000	0.043063	-0.556978	-10.197947	1.903755E-03	-1.054942E-03	-1.439654E-04	
16160	-0.040070	-0.526939	-10.265242	-6.944570E-04	2.634685E-04	3.656873E-04	
16320	0.027377	-0.600210	-10.306594	-2.122823E-04	-9.685576E-04	1.101638E-04	
16480	-0.054597	-0.625858	-10.314884	-7.543861E-05	-6.182106E-04	1.152430E-04	
16640	-0.097974	-0.578935	-10.370122	-7.413469E-05	4.250580E-04	-4.124074E-04	
16800	-0.223065	-0.603510	-10.385950	2.128594E-03	-3.747069E-04	-5.125245E-04	
16960	-0.238778	-0.683332	-10.434707	-2.357010E-04	-3.084948E-04	-1.494957E-03	
17120	-0.248040	-0.727236	-10.418140	1.492956E-04	-4.440767E-04	2.025398E-03	
17280	-0.191664	-0.644995	-10.436497	-1.502402E-03	-6.590299E-04	2.753605E-05	
17440	-0.270737	-0.833670	-10.452234	5.017400E-04	3.227853E-04	2.896446E-04	
17600	-0.309136	-0.768547	-10.413176	-8.310127E-04	3.635630E-04	-5.592141E-04	
17760	-0.405701	-0.772116	-10.558675	1.053370E-03	-1.080934E-03	-1.672167E-04	
17920	-0.335598	-0.827049	-10.550156	-2.209947E-04	9.371396E-05	8.477472E-04	
18080	-0.421443	-0.812217	-10.610486	1.135302E-03	3.900668E-05	6.837161E-05	
18240	-0.441708	-0.834357	-10.511706	2.556363E-04	1.203570E-03	1.650846E-03	
18400	-0.406944	-0.917473	-10.622577	2.532648E-03	8.769205E-04	8.077398E-04	
18560	-0.503022	-0.885551	-10.605592	-9.375215E-04	1.425420E-04	-1.708800E-03	
18720	-0.537830	-0.921664	-10.697495	-8.211197E-04	-9.547005E-04	6.748508E-04	
18880	-0.524533	-0.891605	-10.653805	5.915603E-04	1.409047E-03	4.231538E-04	
19040	-0.608366	-0.945174	-10.699764	2.290764E-03	1.111650E-04	-8.171153E-05	
19200	-0.562830	-0.955982	-10.727901	-1.246634E-03	1.097064E-03	1.021257E-03	
19360	-0.683347	-0.907401	-10.705835	-1.885925E-03	3.542619E-04	-9.291095E-04	
19520	-0.623921	-0.957491	-10.718152	-4.033907E-04	-5.780938E-04	9.101373E-04	
19680	-0.673978	-0.971700	-10.807760	8.370855E-04	-1.465753E-03	8.415458E-04	
19840	-0.701697	-1.001381	-10.740840	-2.468849E-05	-8.793511E-04	7.410301E-04	
20000	-0.733457	-0.895028	-10.696581	-1.642985E-03	1.256054E-03	-6.802204E-04	
20160	-0.754816	-0.949329	-10.689716	1.077651E-03	9.277108E-04	6.347411E-04	
20320	-0.710008	-1.018388	-10.778286	1.967517E-03	-6.545509E-04	6.553743E-04	
20480	-0.806901	-0.973671	-10.808404	-1.464830E-05	-2.564881E-04	-6.166661E-04	
20640	-0.734444	-1.035861	-10.736662	-1.017296E-03	-4.625069E-04	8.600607E-05	
20800	-0.790296	-0.963750	-10.859365	8.568441E-04	5.436098E-04	-2.748559E-03	
20960	-0.819724	-1.044807	-10.775615	3.639250E-04	7.379980E-04	-9.389468E-04	
21120	-0.809227	-0.949342	-10.802880	5.948286E-04	-2.130920E-04	1.314855E-03	
21280	-0.851366	-0.954145	-10.744936	-7.654945E-05	-2.406732E-03	1.736371E-04	
21440	-0.884519	-1.027806	-10.776701	-2.445801E-04	-1.305169E-04	-1.790387E-03	
21600	-0.906252	-1.036896	-10.820574	9.836211E-04	2.306749E-04	-5.963906E-05	
21760	-0.882225	-0.981735	-10.823308	-8.435570E-04	1.644009E-04	6.066891E-04	
21920	-0.897162	-1.042501	-10.798948	-1.112940E-03	-5.985159E-05	8.683057E-04	
22080	-0.909987	-1.029617	-10.771388	1.822152E-03	-2.612138E-04	-1.033316E-03	
22240	-0.930363	-0.918795	-10.817680	1.339430E-04	9.373006E-05	1.321248E-03	
22400	-0.897779	-0.950851	-10.771006	8.514525E-04	-5.046004E-04	1.709670E-03	
22560	-0.969256	-0.983073	-10.785693	-6.315881E-04	2.538686E-04	1.090074E-03	
22720	-0.935028	-0.958263	-10.756088	1.519459E-04	-1.901307E-03	-9.553133E-04	
22880	-0.918892	-0.993451	-10.754856	1.925446E-03	-4.737624E-04	-1.471013E-05	
23040	-0.947389	-0.924229	-10.736877	-6.580546E-04	-1.328292E-03	-1.349793E-04	
23200	-0.958662	-0.927037	-10.798628	-1.952870E-03	-2.236441E-04	1.452127E-04	
23360	-0.941420	-0.922139	-10.772938	-5.471716E-04	-6.791553E-05	-8.556770E-04	
23520	-0.951757	-0.873902	-10.649726	-4.946324E-04	4.914337E-04	5.074053E-04	
23680	-1.048869	-0.870745	-10.789530	-1.182719E-03	1.525431E-03	-5.823493E-04	
23840	-1.063914	-0.847379	-10.708347	-6.868147E-04	1.448241E-03	1.258660E-05	
24000	-1.012056	-0.838649	-10.683052	3.187750E-04	7.976817E-04	5.395992E-05	
24160	-1.025610	-0.861566	-10.700803	2.167552E-04	5.766571E-04	-1.241672E-03	
24320	-1.020930	-0.765512	-10.726042	-1.023364E-03	3.626572E-03	-1.300597E-03	
24480	-1.042328	-0.769546	-10.700524	-1.731629E-04	3.474851E-04	-1.601034E-03	
24640	-1.002578	-0.790218	-10.755431	-1.222400E-03	-5.254398E-04	3.375018E-04	
24800	-1.025032	-0.739999	-10.705583	-8.020565E-04	-8.489834E-04	-8.194076E-04	
24960	-1.109061	-0.759648	-10.598531	1.823319E-04	9.643344E-04	-2.784327E-04	
25120	-0.972448	-0.773093	-10.603162	7.924629E-05	2.080064E-03	-1.496124E-03	
25280	-0.958657	-0.672936	-10.557625	8.019027E-04	1.336009E-03	1.162994E-04	
25440	-0.999874	-0.669633	-10.522207	-9.941082E-04	6.007033E-04	3.608744E-04	
25600	-0.965568	-0.583007	-10.536429	-1.100510E-03	-4.228381E-04	-8.903941E-05	
25760	-0.934955	-0.546186	-10.539763	-7.732896E-04	9.874878E-04	1.790266E-03	
25920	-0.922498	-0.620270	-10.490831	-4.916511E-04	6.950162E-05	-1.336232E-03	
26080	-0.933656	-0.570842	-10.494079	-4.958826E-04	3.962104E-04	2.540498E-04	
26240	-0.928408	-0.539750	-10.459522	-1.479192E-03	-1.563226E-03	3.649423E-04	
26400	-0.925717	-0.547192	-10.347960	-1.261782E-03	-1.878714E-04	-1.184272E-03	
26560	-0.899424	-0.504670	-10.485765	-1.451209E-03	-1.889307E-04	-5.126978E-04	
26720	-0.822447	-0.509202	-10.373524	-1.890249E-03	-1.921950E-03	5.668853E-04	
26880	-0.849413	-0.410625	-10.274919	3.620231E-04	1.057918E-04	-4.260843E-04	
27040	-0.886258	-0.392452	-10.332543	-4.982519E-04	1.888961E-04	-4.760805E-04	
27200	-0.761530	-0.342232	-10.244038	-8.411153E-04	7.182945E-04	3.023461E-04	
27360	-0.791840	-0.306461	-10.337774	4.276843E-04	-5.506584E-04	-1.052446E-05	
27520	-0.766117	-0.380319	-10.212697	9.653074E-04	-6.420016E-04	5.714540E-04	
27680	-0.715387	-0.205194	-10.196350	-8.760719E-05	-4.405964E-04	-1.807645E-03	
27840	-0.734315	-0.158581	-10.159057	-5.741305E-04	3.730579E-04	8.231159E-04	
28000	-0.714278	-0.262369	-10.120224	-2.667023E-04	-4.793816E-04	2.118310E-04	
28160	-0.607849	-0.237683	-10.095225	2.606850E-03	3.490591E-04	-1.073728E-03	
28320	-0.610869	-0.179527	-10.107544	-5.540190E-04	-8.855545E-05	1.657422E-03	
28480	-0.564603	-0.156883	-10.056364	1.146084E-03	5.233533E-04	-8.776136E-04	
28640	-0.539405	-0.127497	-10.064843	3.011672E-04	-8.105775E-04	7.926678E-04	
28800	-0.639350	-0.023196	-10.008845	-1.352936E-03	9.991610E-04	8.005277E-04	
28960	-0.526872	-0.058053	-9.988709	-2.212457E-03	7.679448E-04	1.128473E-03	
29120	-0.550062	-0.034152	-9.884504	8.385935E-04	-5.204422E-05	1.149294E-03	
29280	-0.516090	0.040467	-9.873510	4.024899E-04	7.397031E-04	-3.212420E-04	
29440	-0.423768	0.067446	-9.886858	-9.135332E-04	-3.331052E-04	1.613518E-03	
29600	-0.385327	0.141644	-9.868454	-3.898964E-04	-6.935903E-04	-2.209402E-04	
29760	-0.439447	0.127754	-9.812317	-9.783661E-04	2.200280E-03	1.211849E-03	
29920	-0.403341	0.188313	-9.854693	5.371169E-04	-1.751439E-03	1.273013E-03	
30080	-0.418595	0.114563	-9.727038	1.056565E-03	1.518262E-03	5.579463E-04	
30240	-0.326307	0.209284	-9.768238	1.646002E-05	3.684535E-04	-1.366259E-04	
30400	-0.287331	0.217995	-9.695870	1.186512E-03	9.261634E-05	2.270920E-04	
30560	-0.268414	0.174989	-9.693780	2.491205E-03	-8.134490E-04	-1.244644E-03	
30720	-0.187517	0.346673	-9.674194	4.736184E-04	-1.044676E-03	3.428115E-04	
30880	-0.292052	0.310417	-9.603633	2.917021E-04	-9.521939E-04	7.509421E-04	
31040	-0.164928	0.335503	-9.608233	3.816577E-05	-3.659990E-04	-5.300393E-04	
31200	-0.161992	0.385844	-9.531697	1.892599E-04	-1.749172E-03	1.276283E-03	
31360	-0.089430	0.428230	-9.443958	8.279011E-04	1.318856E-03	-3.178965E-04	
31520	-0.175720	0.465934	-9.438156	-1.018471E-03	-7.193169E-05	1.978008E-04	
31680	-0.016804	0.559299	-9.465284	-7.292488E-04	-8.715936E-05	1.056386E-03	
31840	-0.043392	0.534453	-9.392561	1.046259E-03	1.524881E-03	7.637095E-05	
32000	0.004929	0.509383	-9.333468	-8.545523E-04	1.914506E-03	-1.117990E-04	
32160	0.083628	0.556871	-9.384287	-4.058538E-04	2.329874E-04	-2.057635E-03	
32320	0.061707	0.593692	-9.322017	-1.590642E-04	4.765017E-04	-1.013762E-03	
32480	0.120464	0.657932	-9.306264	-1.343038E-03	7.488453E-04	7.303006E-04	
32640	0.060431	0.610535	-9.208413	2.115652E-03	-2.608631E-03	-1.964299E-04	
32800	0.133058	0.658577	-9.291473	-1.067710E-04	-9.331497E-05	-1.821971E-04	
32960	0.185228	0.674728	-9.205503	5.645191E-04	-1.599019E-03	8.481673E-04	
33120	0.297753	0.687180	-9.239765	5.004798E-05	1.215898E-03	3.913215E-04	
33280	0.150736	0.768504	-9.167886	1.796315E-03	-1.284637E-03	1.332419E-03	
33440	0.311546	0.794877	-9.096693	4.745429E-04	-4.057646E-04	8.446875E-04	
33600	0.260650	0.811741	-9.103234	-3.460383E-04	-2.929044E-04	7.344816E-04	
33760	0.247243	0.776638	-9.080380	-5.677365E-04	1.688500E-04	-9.935850E-04	
33920	0.361323	0.819000	-9.005422	8.677734E-04	3.507776E-04	9.245434E-04	
34080	0.342040	0.782622	-9.005672	5.815071E-04	-8.072662E-04	1.071970E-03	
34240	0.453207	0.814196	-9.003263	-1.501896E-03	-2.904467E-03	3.675394E-04	
34400	0.543696	0.863896	-8.991472	2.898006E-05	-7.518042E-04	-1.963538E-04	
34560	0.422946	0.933228	-9.022726	8.554074E-04	4.219628E-04	-2.920401E-04	
34720	0.479692	0.897899	-9.038059	-4.417507E-04	9.875316E-04	2.542079E-03	
34880	0.503139	0.824596	-8.929725	3.288293E-04	-1.202267E-03	1.372535E-03	
35040	0.600519	0.932497	-8.935907	7.550540E-04	1.445701E-03	-2.166178E-03	
35200	0.589143	0.933252	-8.934087	2.363201E-04	-1.170709E-03	8.742010E-04	
35360	0.567879	0.984607	-8.890896	-6.098410E-04	7.741575E-04	4.250375E-04	
35520	0.705564	0.968376	-8.913224	6.285921E-04	2.668019E-03	1.942251E-05	
35680	0.613480	0.980886	-8.839085	1.309643E-03	2.743027E-05	3.910600E-04	
35840	0.714193	0.962877	-8.885815	2.311217E-03	1.432256E-03	-4.473707E-04	
36000	0.615487	1.006163	-8.896011	-1.635311E-04	-1.047705E-03	1.585575E-05	
36160	0.810897	0.981487	-8.928751	7.076484E-04	-6.949941E-04	1.634804E-03	
36320	0.785071	0.935459	-8.830273	6.208191E-04	-3.153969E-04	-1.826830E-04	
36480	0.739732	0.961462	-8.759996	6.160725E-04	-2.206231E-04	1.305764E-03	
36640	0.799222	0.990042	-8.866867	1.106039E-03	-9.830993E-04	1.120084E-03	
36800	0.775028	1.031251	-8.819582	-7.552076E-04	5.256050E-04	-1.041576E-03	
36960	0.818343	1.029847	-8.857238	2.128798E-03	-5.864516E-04	-1.382289E-03	
37120	0.850926	1.012606	-8.898880	-1.131842E-04	7.997140E-04	7.962671E-04	
37280	0.823386	0.990084	-8.824193	4.449340E-04	-2.376202E-06	5.111514E-04	
37440	0.867277	1.023763	-8.770734	-1.544043E-03	-7.872479E-04	1.619804E-03	
37600	0.875371	0.962695	-8.842332	1.769245E-03	1.760922E-04	3.667391E-04	
37760	0.882188	1.016236	-8.894091	5.473184E-04	1.065256E-03	-1.254193E-03	
37920	0.938097	1.023848	-8.783494	1.090678E-03	5.782730E-04	1.141912E-03	
38080	0.870079	1.008263	-8.791481	7.567225E-04	2.179899E-03	2.006724E-03	
38240	0.986168	0.905277	-8.800651	1.261816E-03	1.224303E-03	-1.281277E-04	
38400	0.977377	1.026653	-8.798721	-6.961760E-04	-2.037807E-03	1.160320E-03	
38560	0.931647	0.944667	-8.834443	-5.848941E-04	1.490579E-03	9.980620E-04	
38720	0.898355	0.973939	-8.879514	5.900027E-04	-3.067693E-04	-1.411939E-03	
38880	0.950882	1.008868	-8.811678	-1.007088E-03	-1.187332E-03	-5.776635E-05	
39040	1.006430	0.854898	-8.921668	4.296298E-04	-1.382132E-03	7.636832E-04	
39200	0.950841	0.939829	-8.854551	-8.778626E-04	1.088901E-03	-1.522451E-03	
39360	0.980283	0.911768	-8.822175	-8.118966E-04	-7.285680E-04	5.152367E-05	
39520	0.944768	0.919371	-8.814274	1.389802E-03	-1.349264E-03	-1.297337E-03	
39680	0.981885	0.844747	-8.910158	-3.102426E-04	-3.713088E-04	1.103159E-03	
39840	1.009568	0.807333	-8.865042	-8.096965E-05	-1.079105E-04	-9.595045E-04	
40000	1.036440	0.839537	-8.895494	-6.613457E-04	2.068815E-03	-6.275433E-06	
40160	1.003306	0.857789	-8.920755	1.444418E-04	-8.667351E-06	1.484915E-03	
40320	1.064066	0.801765	-8.988758	1.112314E-04	1.254904E-04	-3.096685E-04	
40480	1.039910	0.781008	-8.984906	3.428246E-04	1.873896E-04	9.581872E-04	
40640	0.960894	0.798542	-8.982772	1.162935E-03	1.833816E-03	-1.422080E-03	
40800	0.991996	0.754864	-8.942047	8.318825E-04	1.158904E-03	8.264438E-04	
40960	1.029121	0.751350	-8.932735	1.529638E-04	1.273051E-03	2.157789E-03	
41120	0.888130	0.731398	-9.020204	-1.117117E-03	-1.657206E-05	-9.977284E-04	
41280	0.959725	0.687646	-9.031698	1.078175E-03	-6.191196E-04	-5.323065E-04	
41440	0.927629	0.617331	-9.048381	-2.165661E-03	9.267856E-04	1.995962E-03	
41600	0.921182	0.617915	-9.111188	-1.807806E-04	-7.517539E-05	2.889245E-04	
41760	0.953745	0.603082	-9.093448	1.017215E-03	-2.639881E-04	-6.977287E-05	
41920	0.948191	0.618839	-9.088433	2.751103E-04	2.230267E-04	-9.235410E-05	
42080	0.876373	0.575831	-9.163767	3.209667E-04	7.626326E-04	-3.260420E-04	
42240	0.882062	0.632687	-9.197498	-1.752649E-03	1.619771E-03	-2.286569E-03	
42400	0.876466	0.468880	-9.240517	4.524415E-04	7.994744E-04	4.321426E-04	
42560	0.883222	0.483678	-9.239591	3.567326E-05	-3.657898E-04	-8.059108E-04	
42720	0.880699	0.444232	-9.211449	6.277510E-04	3.269697E-05	-1.183112E-03	
42880	0.856436	0.517571	-9.273023	-6.076499E-04	-1.225451E-04	1.635115E-03	
43040	0.756361	0.395248	-9.317989	-1.166893E-04	-8.322703E-05	-1.292647E-03	
43200	0.751484	0.446257	-9.364782	1.070434E-04	7.220467E-04	-1.551596E-04	
43360	0.844961	0.317956	-9.398621	2.158056E-03	5.370488E-04	-3.563349E-04	
43520	0.833155	0.302686	-9.433851	-5.168102E-04	-5.091478E-04	-7.050401E-04	
43680	0.790332	0.213991	-9.395118	-1.337044E-03	-4.890755E-04	3.723515E-06	
43840	0.743547	0.307521	-9.463270	1.077918E-04	-5.338835E-04	1.108119E-03	
44000	0.763924	0.201689	-9.482342	7.525414E-04	-1.061918E-03	-3.378752E-04	
44160	0.625168	0.193403	-9.552725	-1.684409E-04	1.513392E-04	-1.341708E-03	
44320	0.605199	0.160581	-9.523501	-1.444453E-04	6.933011E-04	-6.105172E-04	
44480	0.611134	0.167550	-9.521805	-3.000036E-05	1.055606E-03	1.003210E-03	
44640	0.624395	0.064138	-9.540745	-1.545540E-03	-2.511727E-03	2.695336E-05	
44800	0.664213	0.039767	-9.602159	4.499696E-04	-1.392826E-03	9.890830E-04	
44960	0.532777	-0.013106	-9.602196	-1.534373E-04	-1.178809E-03	2.551771E-04	
45120	0.533746	0.004720	-9.592605	-1.924646E-04	-2.042794E-03	1.058292E-03	
45280	0.513406	-0.066841	-9.729867	-3.937382E-05	3.387547E-04	-6.884355E-04	
45440	0.496002	-0.019043	-9.758060	1.094121E-03	5.404251E-04	6.198910E-04	
45600	0.468341	-0.076201	-9.720205	5.566864E-04	-1.327566E-03	-3.457268E-04	
45760	0.352362	-0.098532	-9.813235	-2.564683E-04	-1.415653E-03	-6.122535E-04	
45920	0.394961	-0.129874	-9.811695	7.694465E-04	4.153766E-04	6.080171E-04	
46080	0.340428	-0.151882	-9.907690	1.316013E-03	4.699965E-05	3.354179E-04	
46240	0.378699	-0.191310	-9.894239	4.053254E-04	2.927318E-04	-2.485708E-04	
46400	0.286779	-0.193996	-9.906133	7.514026E-04	9.504030E-04	4.729696E-05	
46560	0.242725	-0.267392	-9.885577	1.209543E-03	-4.326842E-04	1.742409E-04	
46720	0.268903	-0.310445	-10.022552	3.726122E-04	-4.037507E-04	-2.959111E-03	
46880	0.205678	-0.259524	-10.049933	2.050551E-03	1.265016E-05	-1.276040E-03	
47040	0.138474	-0.355139	-10.104797	-1.336828E-03	1.147381E-03	1.829758E-03	
47200	0.144932	-0.378952	-10.070908	-8.648302E-04	-1.287945E-03	2.576916E-04	
47360	0.151629	-0.397633	-10.089283	-1.242733E-03	-1.424477E-04	1.757183E-03	
47520	0.008937	-0.520416	-10.124357	-1.126518E-03	-2.419786E-03	2.864772E-03	
47680	0.039134	-0.391318	-10.201891	-1.022176E-04	5.620910E-04	-1.068255E-03	
47840	0.052274	-0.515456	-10.149488	-5.066172E-04	-1.447363E-03	-6.454729E-04	
48000	-0.019766	-0.581180	-10.245276	-1.036144E-03	-9.517917E-04	3.701744E-04	
48160	-0.041384	-0.597391	-10.312966	1.091345E-03	1.487387E-04	1.533805E-04	
48320	-0.111630	-0.569422	-10.336766	2.312480E-03	-1.096009E-03	4.750076E-04	
48480	-0.129596	-0.595135	-10.373526	8.858828E-05	-9.376235E-04	4.805122E-04	
48640	-0.129896	-0.662320	-10.384094	2.812637E-03	3.085761E-04	5.685905E-05	
48800	-0.235491	-0.672806	-10.352048	-6.986695E-04	-2.417944E-04	1.572328E-03	
48960	-0.233563	-0.662574	-10.292961	-1.427016E-03	5.356995E-04	-5.192614E-04	
49120	-0.225673	-0.662009	-10.395813	-5.525667E-04	4.716997E-04	-6.789600E-04	
49280	-0.256688	-0.717583	-10.417157	2.028336E-04	-5.015222E-04	-9.965585E-04	
49440	-0.264083	-0.713465	-10.427920	8.578726E-04	1.745589E-03	1.610141E-04	
49600	-0.257047	-0.778817	-10.493054	1.013527E-03	-3.817688E-04	-6.027070E-04	
49760	-0.341218	-0.793297	-10.497335	6.296387E-05	3.869593E-05	-4.507321E-04	
49920	-0.404725	-0.825352	-10.594332	2.148024E-03	-2.547573E-04	-1.383736E-03	
50080	-0.408945	-0.785941	-10.540788	4.372624E-05	-1.294986E-04	4.221830E-04	
50240	-0.451309	-0.793294	-10.535507	9.939120E-04	1.649179E-03	-1.697491E-03	
50400	-0.423682	-0.853789	-10.582981	-1.572506E-03	8.681836E-06	-1.200543E-03	
50560	-0.433509	-0.905018	-10.653455	-7.855722E-04	-8.746797E-04	-6.290890E-04	
50720	-0.478746	-0.870171	-10.644159	-1.146608E-03	1.044599E-03	1.823850E-03	
50880	-0.565806	-0.902130	-10.680925	-4.153884E-04	1.587096E-03	-9.109497E-04	
51040	-0.529798	-0.945375	-10.638879	1.724894E-04	-6.800438E-04	1.016648E-03	
51200	-0.575967	-0.856597	-10.692205	6.835897E-04	5.953035E-04	-1.008323E-03	
51360	-0.620341	-0.950064	-10.624961	1.215087E-04	9.857008E-05	3.720089E-04	
51520	-0.628123	-0.920188	-10.773543	-5.265695E-04	-6.545446E-04	-9.851239E-05	
51680	-0.645494	-0.968105	-10.760070	-7.318904E-05	-1.715159E-04	4.329659E-04	
51840	-0.682563	-0.904414	-10.766245	8.078978E-04	8.997270E-05	-8.040658E-04	
52000	-0.754125	-1.110033	-10.686131	-1.968806E-04	8.978769E-04	-6.191184E-04	
52160	-0.693328	-0.986800	-10.740111	9.915634E-04	8.889042E-04	1.058305E-03	
52320	-0.693105	-0.969588	-10.720505	-5.571729E-04	3.347058E-04	-1.222413E-03	
52480	-0.812402	-0.950370	-10.815293	1.096595E-04	8.144621E-04	1.308063E-03	
52640	-0.822310	-1.017647	-10.865957	-2.743334E-04	2.272612E-03	-2.603126E-04	
52800	-0.871013	-0.961190	-10.758215	3.306633E-04	1.250111E-03	1.155437E-03	
52960	-0.754921	-1.014221	-10.801539	-3.665315E-04	2.707754E-04	-9.302312E-04	
53120	-0.819151	-0.989976	-10.765031	-7.570975E-04	5.414754E-04	-7.728709E-04	
53280	-0.848148	-0.986797	-10.858430	-9.997625E-04	7.479897E-04	7.024213E-04	
53440	-0.940581	-1.057710	-10.800262	-6.113215E-04	-3.065975E-04	5.659242E-04	
53600	-0.835196	-0.976901	-10.751186	-8.087927E-04	-4.661442E-04	-3.970110E-04	
53760	-0.935297	-0.929211	-10.862129	7.141909E-04	-7.580603E-04	-4.259094E-04	
53920	-0.890082	-0.966077	-10.852848	-8.677027E-04	1.304570E-03	3.220558E-03	
54080	-0.917372	-0.920836	-10.817725	-1.909683E-03	6.383325E-04	-1.948031E-04	
54240	-0.956184	-0.965704	-10.787222	-6.967313E-04	-5.019193E-04	-1.842581E-04	
54400	-0.917444	-0.995981	-10.783896	7.502143E-04	6.935100E-04	-7.986940E-05	
54560	-1.000946	-0.975967	-10.882248	-5.998904E-04	-8.225530E-04	1.002863E-03	
54720	-0.985240	-0.874091	-10.842663	-4.014458E-04	-3.460395E-04	4.274300E-05	
54880	-0.952620	-0.894360	-10.779370	2.525755E-04	-3.766791E-04	-3.252589E-04	
55040	-1.057391	-0.943557	-10.799781	-8.363085E-04	1.064298E-03	3.597753E-05	
55200	-0.992743	-0.910670	-10.757014	6.699040E-04	-5.810660E-04	4.189603E-04	
55360	-0.961008	-0.841470	-10.752169	1.797966E-04	-9.104711E-04	5.329807E-04	
55520	-0.976565	-0.870922	-10.706653	-5.631696E-04	-1.811604E-03	7.004913E-04	
55680	-1.034710	-0.889389	-10.705617	1.543181E-03	2.110425E-03	6.839901E-05	
55840	-1.021144	-0.881303	-10.757112	5.863576E-04	8.634280E-04	5.735960E-04	
56000	-0.971093	-0.914251	-10.764863	2.640781E-05	1.343253E-03	4.982855E-04	
56160	-0.992942	-0.806649	-10.713063	-6.440093E-04	1.933866E-03	1.081705E-03	
56320	-0.907627	-0.783565	-10.654882	-4.199476E-04	5.549493E-04	4.228685E-04	
56480	-0.929451	-0.813776	-10.606920	-6.866490E-04	-2.333609E-05	9.794667E-05	
56640	-0.962294	-0.800995	-10.662667	1.906193E-03	-4.570964E-04	-1.448257E-03	
56800	-0.929618	-0.750324	-10.605850	-3.512765E-05	-1.455552E-03	-3.987407E-04	
56960	-1.008471	-0.745238	-10.645109	1.239965E-03	3.184439E-04	-1.657374E-04	
57120	-0.928529	-0.741452	-10.665204	4.423362E-05	-3.512435E-04	2.900586E-04	
57280	-0.946357	-0.665823	-10.540661	-1.934610E-05	5.280871E-04	1.173084E-04	
57440	-0.960662	-0.646906	-10.534598	-1.125870E-03	1.474085E-04	4.056260E-04	
57600	-0.936282	-0.651709	-10.390453	1.081987E-03	-2.605167E-04	4.244274E-05	
57760	-0.973107	-0.608348	-10.479614	-2.389519E-04	-8.538343E-04	2.328827E-04	
57920	-0.924541	-0.610664	-10.493126	7.228884E-04	-1.222958E-03	-9.894423E-04	
58080	-0.886307	-0.644967	-10.539307	-1.608138E-04	-2.553746E-05	7.402340E-04	
58240	-0.926687	-0.565590	-10.536052	-8.082601E-05	-1.527559E-03	1.224228E-03	
58400	-0.902776	-0.477143	-10.402860	8.529970E-05	-1.003087E-03	-9.561626E-04	
58560	-0.851023	-0.465369	-10.345925	-4.435364E-04	-7.976209E-04	-3.241581E-04	
58720	-0.778666	-0.425302	-10.375275	-1.539811E-03	-2.297619E-04	4.357498E-04	
58880	-0.849091	-0.394719	-10.357602	1.413485E-03	5.074441E-04	-1.768284E-03	
59040	-0.872497	-0.346601	-10.246070	-2.870158E-04	-1.010371E-03	-1.807428E-04	
59200	-0.773131	-0.428703	-10.317681	-8.204667E-04	-2.808650E-04	-9.612594E-04	
59360	-0.753609	-0.414931	-10.293472	-9.064413E-04	-2.346431E-04	1.235821E-03	
59520	-0.692219	-0.399046	-10.204187	-1.779018E-03	1.001921E-03	4.549930E-04	
59680	-0.754596	-0.343415	-10.234014	-6.335305E-04	1.666134E-03	8.031612E-04	
59840	-0.701930	-0.331570	-10.208579	1.100558E-03	-9.959180E-04	-5.584683E-04	
60000	-0.690911	-0.211807	-10.172149	3.091866E-04	7.284451E-04	1.162901E-03	
60160	-0.742545	-0.139841	-10.101256	-2.637132E-04	1.903046E-04	9.352314E-04	
60320	-0.668828	-0.141938	-10.057809	3.603820E-04	1.501786E-04	-8.589502E-05	
60480	-0.638510	-0.150945	-10.036830	-2.127489E-04	-6.338514E-04	-2.433086E-04	
60640	-0.629730	-0.088419	-9.992733	-1.818534E-03	2.289764E-04	-1.178585E-04	
60800	-0.605344	-0.081155	-9.995318	1.142427E-03	6.647450E-04	7.855582E-04	
60960	-0.635805	-0.013492	-10.058183	1.247181E-03	1.578190E-03	-5.449782E-04	
61120	-0.538802	-0.022591	-9.948901	-2.125262E-04	7.403381E-04	2.622704E-04	
61280	-0.577628	0.088958	-9.901879	-8.572066E-04	-1.316864E-03	1.648641E-03	
61440	-0.453682	0.021754	-9.865101	5.755667E-04	-1.457501E-03	-1.690678E-03	
61600	-0.391777	0.083873	-9.858939	-5.478063E-04	-2.946650E-03	1.508925E-03	
61760	-0.448709	0.113776	-9.903613	1.199134E-03	-1.065487E-03	6.398764E-04	
61920	-0.339457	0.127104	-9.816306	-4.387267E-04	1.463927E-03	6.459269E-04	
62080	-0.393884	0.181588	-9.711312	-5.162639E-04	7.209726E-04	-5.608835E-06	
62240	-0.416752	0.225065	-9.641613	1.671995E-03	4.948749E-04	1.014712E-04	
62400	-0.269988	0.214651	-9.715039	-1.287694E-03	5.930758E-04	-2.255951E-04	
62560	-0.312133	0.283718	-9.672847	-9.142679E-05	-5.177978E-05	2.836585E-05	
62720	-0.193956	0.327966	-9.575045	-9.461274E-05	-3.103497E-04	-1.119313E-03	
62880	-0.167846	0.298975	-9.615484	-5.433098E-04	-1.554286E-03	1.484656E-03	
63040	-0.166431	0.379002	-9.632388	-8.071252E-05	3.878851E-04	-2.977641E-03	
63200	-0.159066	0.452660	-9.588837	-1.689230E-03	2.794542E-03	-6.121679E-04	
63360	-0.081536	0.374866	-9.526423	1.779639E-03	-7.917121E-04	-1.374060E-03	
63520	-0.089288	0.444452	-9.524174	1.912591E-04	-2.519178E-03	-1.405243E-03	
63680	-0.021449	0.504642	-9.446233	1.121395E-04	2.084835E-03	-1.938194E-04	
63840	-0.052104	0.537997	-9.410771	7.033557E-04	-1.841518E-03	-1.898303E-04	
64000	-0.047092	0.523107	-9.354246	-4.166826E-04	2.136262E-04	1.001675E-04	
64160	-0.032580	0.549118	-9.373930	-1.307910E-03	-7.580854E-04	9.241032E-04	
64320	0.103720	0.548081	-9.325083	3.969353E-04	-4.371022E-04	-1.316276E-03	
64480	0.053456	0.600155	-9.307243	-2.728313E-03	1.366543E-03	4.799711E-05	
64640	0.062951	0.640747	-9.271476	4.710463E-04	-2.013445E-03	3.696592E-04	
64800	0.120127	0.607091	-9.306014	-3.547497E-04	-8.059898E-04	6.537203E-04	
64960	0.171080	0.712636	-9.195705	-1.345803E-04	-6.335693E-04	6.903069E-04	
65120	0.202290	0.790901	-9.256801	-1.974356E-03	1.164004E-03	-5.626466E-04	
65280	0.207260	0.708102	-9.159682	-3.438567E-04	-7.942718E-04	-8.147427E-04	
65440	0.262354	0.755150	-9.188407	-1.347012E-03	-1.390672E-03	5.204359E-04	
65600	0.289358	0.765386	-9.093240	1.827672E-03	-1.227908E-03	-5.416629E-04	
65760	0.413441	0.754710	-9.126812	-1.558606E-03	9.374510E-04	7.322102E-04	
65920	0.411908	0.789160	-9.093087	-1.494160E-03	2.122976E-03	-1.353750E-04	
66080	0.416515	0.836009	-9.105208	-1.639731E-03	-7.169385E-04	1.714626E-03	
66240	0.439628	0.869387	-9.078743	-1.297643E-03	5.239260E-04	1.480356E-04	
66400	0.408495	0.787887	-9.032270	1.820220E-03	9.726040E-04	-6.308851E-04	
66560	0.493128	0.799656	-9.029419	-1.059617E-03	6.680715E-04	7.940569E-04	
66720	0.470093	0.883936	-8.976944	7.806537E-04	2.211314E-04	3.201789E-04	
66880	0.568638	0.870589	-8.922575	-7.086386E-04	-1.261439E-03	8.825160E-04	
67040	0.607437	0.913152	-8.958833	-1.788985E-03	-1.182895E-03	-1.360820E-03	
67200	0.598354	0.939241	-8.944996	1.082914E-03	1.009221E-04	2.580482E-04	
67360	0.626411	0.988263	-8.950094	3.711767E-05	-7.997170E-04	-1.194787E-04	
67520	0.634847	0.973106	-8.896015	-4.359122E-04	-9.266583E-04	6.171125E-04	
67680	0.709763	0.909510	-8.866982	-4.284494E-04	2.060600E-03	-1.388110E-04	
67840	0.695441	0.937477	-8.852500	1.176479E-03	1.425663E-04	8.219316E-04	
68000	0.680714	1.038893	-8.875851	-4.730205E-04	1.048913E-03	4.548240E-04	
68160	0.780440	1.027586	-8.884830	-9.066281E-04	-3.854970E-04	-1.982548E-04	
68320	0.724332	1.042299	-8.920189	-1.167879E-03	-1.298656E-03	5.359558E-04	
68480	0.712592	0.990916	-8.839093	4.044928E-04	5.714361E-05	-1.467672E-04	
68640	0.775496	0.999581	-8.834453	1.055531E-03	-2.697137E-03	7.519963E-04	
68800	0.815752	0.948275	-8.826911	-4.291026E-04	-8.676602E-04	-2.972134E-04	
68960	0.834701	1.003153	-8.760449	-1.629458E-03	-3.286150E-04	-6.779545E-04	
69120	0.895351	1.008056	-8.789260	2.299969E-04	1.705632E-03	-4.253410E-04	
69280	0.815692	0.968050	-8.813798	1.444566E-04	1.100026E-03	1.104228E-03	
69440	0.854750	0.923683	-8.756678	3.298869E-04	1.057115E-03	-1.200894E-04	
69600	0.904409	1.014294	-8.800598	-1.768790E-03	-5.886035E-04	-2.561481E-05	
69760	0.897261	0.999111	-8.830087	-4.752672E-04	1.025655E-03	7.119380E-05	
69920	0.925024	0.984011	-8.857727	1.583102E-04	-3.596446E-04	3.238588E-04	
70080	0.909320	0.943299	-8.815001	2.859839E-04	5.104157E-04	5.446128E-04	
70240	0.959864	0.987127	-8.843470	2.695453E-03	-6.685976E-04	-1.435773E-04	
70400	0.997543	0.932122	-8.836259	-1.008519E-03	3.831966E-04	-1.850755E-03	
70560	0.882790	0.991293	-8.792972	1.352472E-03	-2.440363E-04	-1.916253E-03	
70720	1.039698	0.881083	-8.863600	1.089062E-04	1.575559E-03	2.296075E-04	
70880	1.025661	0.902775	-8.894911	1.099590E-03	6.668924E-04	-2.834370E-04	
71040	1.022137	0.905865	-8.854515	-4.093540E-04	-3.123956E-04	-2.916424E-03	
71200	0.977577	0.928654	-8.791031	-7.994765E-04	3.996022E-04	-1.104358E-03	
71360	1.045467	0.904754	-8.866824	-2.076073E-03	1.526771E-05	1.574147E-03	
71520	1.016423	0.882654	-8.911134	1.226856E-03	-2.049319E-04	-7.715207E-04	
71680	1.074651	0.913528	-8.797063	3.281877E-04	-9.532101E-04	-5.922194E-04	
71840	0.934469	0.832203	-8.942080	-2.256673E-04	-1.806274E-03	-1.716355E-03	
72000	1.066600	0.791868	-8.894236	-2.138406E-03	1.501342E-03	-2.987888E-04	
72160	0.958332	0.854791	-8.912471	-2.694206E-04	8.415643E-04	-9.236875E-04	
72320	0.967962	0.809820	-8.937903	1.723478E-04	6.236752E-04	1.442847E-03	
72480	1.019672	0.889543	-8.900323	9.434187E-07	-1.392461E-03	7.657166E-04	
72640	0.976910	0.771106	-8.975878	6.352308E-04	-1.163611E-03	-2.186858E-03	
72800	0.962539	0.703157	-9.014630	-1.511287E-03	-1.463333E-03	-1.133289E-03	
72960	0.943077	0.730458	-9.003402	1.343912E-03	1.111613E-03	-2.911498E-04	
73120	1.000595	0.650082	-8.936250	-3.026385E-05	-7.690117E-04	1.071126E-03	
73280	0.978923	0.655238	-9.037259	7.037753E-04	-3.182178E-04	1.255524E-03	
73440	0.918669	0.655126	-9.018143	1.344137E-03	-1.194879E-04	-1.846552E-03	
73600	0.909183	0.555055	-9.085196	-2.275522E-03	-5.579763E-04	-2.557474E-05	
73760	0.969427	0.604293	-9.066454	3.566070E-04	8.972468E-04	1.219530E-03	
73920	0.866031	0.573462	-9.079888	-1.178387E-04	-1.909693E-04	-3.471426E-04	
74080	0.908407	0.518839	-9.179821	-2.341387E-03	1.118415E-04	1.029352E-04	
74240	0.916179	0.586336	-9.135541	3.396511E-04	-1.104036E-03	-1.153813E-03	
74400	0.862798	0.448839	-9.179917	1.787103E-04	-1.887034E-03	-2.677878E-04	
74560	0.848935	0.504143	-9.168585	-5.461623E-04	1.568022E-03	-3.085922E-03	
74720	0.878147	0.427466	-9.270606	2.684088E-04	-1.004397E-03	1.538547E-03	
74880	0.847940	0.388954	-9.231322	7.695348E-04	-5.503252E-04	3.302294E-04	
75040	0.810410	0.435037	-9.327104	-5.445430E-05	-1.731770E-03	-1.023471E-04	
75200	0.819035	0.347300	-9.281134	4.912527E-04	-1.825879E-04	-7.886279E-04	
75360	0.752305	0.352054	-9.373900	-1.219289E-03	4.074726E-04	5.600708E-05	
75520	0.787184	0.324182	-9.427202	8.848840E-04	8.406433E-04	-7.053590E-04	
75680	0.759133	0.279352	-9.361211	-1.319115E-03	-5.291742E-04	7.360535E-04	
75840	0.666938	0.261679	-9.469351	-8.451839E-05	-2.268316E-04	-1.719748E-03	
76000	0.725328	0.185968	-9.428142	3.860254E-04	-4.291214E-04	-2.425766E-03	
76160	0.696192	0.224454	-9.501232	-1.440258E-03	1.463324E-03	5.405245E-04	
76320	0.666146	0.165083	-9.558180	3.278329E-04	-1.480213E-04	1.060882E-03	
76480	0.630055	0.108228	-9.649548	-1.409559E-04	4.009287E-04	-1.868067E-03	
76640	0.569369	0.096745	-9.573003	-1.244642E-03	1.316376E-05	9.361017E-04	
76800	0.621420	0.032158	-9.588661	1.480515E-03	1.033492E-03	-9.209466E-05	
76960	0.537049	0.084829	-9.713230	-1.137442E-03	2.638318E-04	9.899754E-04	
77120	0.504236	0.055645	-9.669807	-1.776229E-03	-5.149305E-04	-5.726654E-04	
77280	0.472491	0.022949	-9.769035	-1.455617E-03	1.234157E-03	1.695172E-03	
77440	0.530301	-0.105218	-9.750129	1.739049E-03	1.335452E-03	1.248450E-04	
77600	0.423709	-0.144022	-9.772585	-2.262486E-04	-1.596474E-03	6.185501E-04	
77760	0.528297	-0.113226	-9.828421	-1.281297E-03	8.266626E-04	-7.323866E-04	
77920	0.410689	-0.194508	-9.879241	1.772559E-04	-1.787513E-03	1.183431E-04	
78080	0.323092	-0.172704	-9.879494	-9.613362E-04	-7.651273E-04	-1.042817E-03	
78240	0.336600	-0.242984	-9.835761	9.445432E-04	-1.057066E-04	-6.721883E-04	
78400	0.286580	-0.215562	-9.915016	-8.374221E-04	-7.006659E-04	5.685762E-04	
78560	0.235947	-0.256252	-9.988234	9.897204E-04	-6.742192E-04	-5.790604E-04	
78720	0.213888	-0.277161	-9.997648	2.635418E-04	-7.384981E-04	-1.401937E-03	
78880	0.103199	-0.361133	-9.984717	1.036579E-03	-7.073296E-04	-7.553435E-04	
79040	0.137747	-0.380029	-10.090848	1.857625E-03	3.671940E-05	1.718691E-04	
79200	0.045138	-0.390018	-10.120773	-7.826368E-04	-4.866273E-04	1.124158E-03	
79360	0.142556	-0.461596	-10.087718	1.501263E-03	-1.083725E-03	2.976329E-04	
79520	0.010726	-0.482625	-10.176954	-1.081219E-03	3.377110E-04	-7.744994E-04	
79680	0.004625	-0.460666	-10.166484	-5.472494E-04	7.718674E-04	2.556057E-03	
79840	-0.054697	-0.527300	-10.169625	1.750370E-04	-1.854494E-03	-1.769889E-04	
80000	0.029690	-0.590211	-10.235149	-1.850218E-03	-1.228613E-03	3.024920E-04	
80160	-0.014256	-0.582315	-10.185410	8.159174E-04	-2.127791E-04	-8.949892E-04	
80320	-0.075300	-0.634069	-10.312563	-3.760357E-04	-1.405553E-03	-1.815734E-03	
80480	-0.087790	-0.610729	-10.270251	5.553275E-04	4.598494E-05	4.195613E-04	
80640	-0.230137	-0.619871	-10.339506	7.246349E-04	4.790796E-05	1.534861E-03	
80800	-0.098853	-0.718596	-10.376384	2.572567E-03	6.439719E-04	1.730607E-04	
80960	-0.141517	-0.699566	-10.445273	-2.744489E-04	-9.627996E-04	-1.619646E-03	
81120	-0.316601	-0.691507	-10.347314	1.158038E-03	-5.731646E-04	7.232044E-04	
81280	-0.187738	-0.771973	-10.483198	5.664963E-04	1.537778E-03	6.524720E-04	
81440	-0.297312	-0.749274	-10.527971	-3.925918E-04	-1.235950E-03	-1.160273E-03	
81600	-0.331006	-0.768084	-10.521003	-9.086153E-04	-1.491204E-04	-5.783729E-05	
81760	-0.373902	-0.781027	-10.473120	-5.324567E-04	-2.094573E-04	-1.230024E-03	
81920	-0.279895	-0.819932	-10.540681	-1.239601E-03	-8.828785E-04	-9.395359E-04	
82080	-0.388324	-0.811093	-10.493481	-2.577957E-04	4.423709E-04	-4.424402E-04	
82240	-0.393982	-0.809503	-10.608777	8.066676E-04	1.230860E-03	-2.425912E-03	
82400	-0.485109	-0.890820	-10.579067	5.060776E-04	9.769010E-04	-4.544189E-04	
82560	-0.488253	-0.873704	-10.572539	-1.178980E-04	2.550079E-05	-4.229334E-04	
82720	-0.466099	-0.907234	-10.681135	-1.278963E-03	5.205067E-04	-1.017141E-03	
82880	-0.556271	-0.959957	-10.669817	-3.966439E-04	6.456126E-04	-2.217625E-04	
83040	-0.524241	-0.848951	-10.646438	6.534605E-04	-1.334148E-03	-1.207540E-03	
83200	-0.546033	-0.956431	-10.690805	-1.410313E-03	1.113478E-03	6.655099E-04	
83360	-0.608382	-0.953080	-10.662403	5.589405E-05	1.352032E-03	9.446741E-05	
83520	-0.682220	-1.000180	-10.753622	1.132201E-03	1.351407E-04	-6.035362E-04	
83680	-0.648614	-1.002411	-10.688456	-1.107763E-04	-1.832668E-03	-1.573535E-04	
83840	-0.679455	-1.046296	-10.748458	-1.729457E-04	2.972236E-04	1.143155E-03	
84000	-0.747190	-0.901255	-10.706790	4.871329E-04	3.365774E-04	1.399926E-03	
84160	-0.732113	-0.978083	-10.695484	-1.387241E-03	1.652605E-04	1.071458E-03	
84320	-0.742700	-1.003064	-10.779901	-8.992911E-04	1.518097E-05	-2.133253E-04	
84480	-0.789860	-0.972663	-10.793556	-1.977847E-04	5.948899E-04	5.336045E-04	
84640	-0.827504	-1.029261	-10.814769	8.535100E-04	1.048734E-04	1.086767E-03	
84800	-0.851370	-1.009923	-10.744975	1.534324E-03	-1.949247E-04	5.439529E-04	
84960	-0.793005	-1.055950	-10.799963	6.236502E-04	6.982277E-04	6.538924E-04	
85120	-0.836303	-1.076089	-10.807799	-8.579554E-04	-2.723571E-04	6.771001E-04	
85280	-0.827037	-1.028090	-10.733329	-1.954683E-03	8.166529E-04	1.124942E-03	
85440	-0.930964	-0.936796	-10.784202	2.735454E-04	3.262855E-04	1.470208E-03	
85600	-0.850151	-1.020558	-10.748625	1.202731E-03	-2.431512E-04	1.500631E-03	
85760	-0.885724	-1.035225	-10.756271	3.458256E-04	-1.148777E-03	3.137413E-04	
85920	-0.901522	-0.943172	-10.776385	2.196542E-03	8.747371E-04	5.394366E-04	
86080	-0.900473	-1.007068	-10.828264	7.992421E-04	-3.472318E-04	-6.388628E-04	
86240	-0.899127	-0.998954	-10.819543	8.363212E-04	1.026028E-03	5.273884E-05	
86400	-0.911910	-1.004322	-10.826598	5.405439E-04	-3.931680E-04	1.880231E-03	
86560	-0.974281	-1.020080	-10.781175	-8.159691E-05	7.471815E-04	4.143954E-04	
86720	-0.919260	-0.927611	-10.766356	-1.521329E-04	1.239900E-03	3.734748E-04	
86880	-0.983616	-0.940450	-10.730149	-4.784127E-04	-2.364890E-04	-2.574654E-04	
87040	-0.961914	-0.968335	-10.764314	-3.455860E-05	-3.643685E-04	-4.433500E-04	
87200	-0.961415	-0.936933	-10.704347	1.633734E-03	3.431040E-04	1.445244E-03	
87360	-1.041659	-0.848145	-10.776223	-2.723779E-04	6.855790E-05	1.972177E-03	
87520	-0.974871	-0.847297	-10.828683	-7.192538E-04	6.723497E-04	1.029217E-03	
87680	-0.989529	-0.817089	-10.778444	-6.796952E-04	1.532646E-03	-2.298868E-04	
87840	-1.062415	-0.822735	-10.764312	1.135431E-03	7.495744E-04	-6.514613E-05	
88000	-1.037344	-0.823211	-10.674917	-2.372632E-05	1.864449E-04	1.105415E-03	
88160	-0.931987	-0.760333	-10.640051	1.535369E-03	1.684812E-03	1.397647E-03	
88320	-1.083883	-0.768219	-10.684274	2.857366E-03	1.545748E-04	-1.767012E-03	
88480	-0.999472	-0.743456	-10.742904	-1.858280E-05	3.187028E-04	7.864403E-05	
88640	-0.975188	-0.752446	-10.676227	4.328027E-04	1.003048E-03	-7.914287E-04	
88800	-0.925596	-0.745625	-10.679271	2.673988E-04	5.832828E-04	-6.717356E-04	
88960	-1.021094	-0.779493	-10.680225	1.373737E-03	-9.107185E-04	2.669092E-04	
89120	-0.967471	-0.731921	-10.583855	2.122466E-03	6.981122E-04	-6.793337E-04	
89280	-0.988939	-0.645030	-10.547733	-9.605354E-04	4.436773E-04	-5.249422E-04	
89440	-0.992346	-0.681241	-10.517539	-5.944541E-04	4.655833E-04	9.114380E-05	
89600	-0.922456	-0.582823	-10.548606	-1.394089E-03	9.820004E-04	1.280225E-03	
89760	-0.999674	-0.565532	-10.506773	-4.663937E-04	-3.168526E-04	1.057196E-03	
89920	-0.929472	-0.596019	-10.508207	-6.820078E-04	4.175455E-04	5.141995E-04	
90080	-0.874456	-0.502938	-10.537548	6.805002E-05	6.420040E-04	1.304808E-03	
90240	-0.941304	-0.481673	-10.405078	5.105932E-05	-1.271017E-03	1.793158E-04	
90400	-0.814449	-0.547851	-10.442209	-7.808859E-04	-1.871323E-03	1.422609E-04	
90560	-0.854708	-0.474356	-10.488985	2.604032E-05	1.110317E-03	2.782293E-04	
90720	-0.970699	-0.493135	-10.335091	-2.231748E-05	3.258391E-04	-2.354134E-04	
90880	-0.803144	-0.421765	-10.389169	-7.795932E-04	-9.120707E-06	7.676113E-04	
91040	-0.771381	-0.405148	-10.358924	-9.245397E-04	-6.861642E-04	-7.141728E-04	
91200	-0.779384	-0.321671	-10.262042	6.982117E-04	7.140822E-05	-3.601805E-04	
91360	-0.784782	-0.297376	-10.291481	-3.890844E-04	9.761597E-04	9.210593E-04	
91520	-0.760825	-0.321036	-10.255107	3.975087E-04	-2.734913E-04	1.279232E-03	
91680	-0.750509	-0.249379	-10.156306	-4.431249E-04	-5.202918E-05	2.856013E-03	
91840	-0.688446	-0.292108	-10.208869	1.410791E-03	-1.700122E-03	-6.819271E-04	
92000	-0.780614	-0.274279	-10.115181	6.265796E-04	5.745252E-04	3.584975E-04	
92160	-0.692460	-0.133380	-10.144711	-1.450840E-03	-4.025661E-04	1.027414E-03	
92320	-0.657979	-0.163304	-10.077635	4.578688E-04	9.972254E-04	-1.278736E-03	
92480	-0.576793	-0.088456	-10.087459	-3.663861E-04	-4.450978E-04	8.173366E-04	
92640	-0.646844	-0.062274	-9.999737	1.034237E-03	4.733124E-04	2.885332E-04	
92800	-0.598590	-0.133871	-9.982931	9.372128E-04	-1.318192E-03	5.041597E-05	
92960	-0.605831	0.007377	-9.944401	-1.765916E-04	9.507916E-04	1.678875E-03	
93120	-0.537516	0.044698	-9.840269	-4.180947E-04	-8.801776E-04	1.237091E-03	
93280	-0.573386	0.045135	-9.957951	-1.281132E-04	6.756154E-04	1.786589E-03	
93440	-0.500399	0.112963	-9.895785	1.002748E-04	1.292037E-03	1.326636E-03	
93600	-0.500044	0.041530	-9.893566	-7.836224E-05	-1.830419E-03	1.720752E-03	
93760	-0.414021	0.206184	-9.829272	-3.045023E-04	3.987575E-04	1.186107E-03	
93920	-0.364616	0.145459	-9.780291	1.309568E-03	-1.340746E-04	-6.154097E-04	
94080	-0.370091	0.168933	-9.705136	-2.042195E-04	-2.016201E-03	2.810835E-04	
94240	-0.354901	0.170392	-9.702891	1.165453E-03	4.410290E-04	1.312805E-03	
94400	-0.329111	0.239383	-9.768021	-3.545138E-05	-1.220137E-04	-2.266351E-04	
94560	-0.277171	0.346342	-9.663475	9.835655E-04	5.178050E-04	-8.654990E-04	
94720	-0.219554	0.327188	-9.644731	-7.761659E-04	-3.058643E-04	7.754711E-04	
94880	-0.129000	0.387076	-9.612216	1.362576E-03	-6.313759E-04	5.441185E-04	
95040	-0.239050	0.394306	-9.590508	1.972278E-03	-7.247720E-04	-7.459671E-05	
95200	-0.156417	0.401371	-9.515744	-2.710376E-04	-1.070224E-03	4.794055E-04	
95360	-0.161155	0.409715	-9.484653	8.501126E-04	-7.032088E-04	-7.104682E-04	
95520	-0.042599	0.424565	-9.468718	-1.719677E-03	-3.808334E-04	8.043765E-04	
95680	-0.054493	0.495510	-9.426033	-8.521536E-04	8.615706E-05	2.850645E-03	
95840	-0.050624	0.495321	-9.292808	-8.804134E-05	6.688385E-04	6.470911E-04	
96000	0.088605	0.548916	-9.388784	-1.875390E-04	4.475684E-04	4.412374E-04	
96160	0.111299	0.474782	-9.413867	-6.587556E-04	1.373379E-03	2.132096E-03	
96320	0.046958	0.609544	-9.308296	2.597918E-04	3.409495E-04	5.761387E-04	
96480	0.154871	0.563717	-9.324911	6.883094E-04	5.620550E-04	4.146016E-04	
96640	0.147857	0.601788	-9.278279	8.594600E-04	8.030318E-04	1.441718E-03	
96800	0.108412	0.636535	-9.323569	-3.105389E-04	-3.948470E-04	6.847062E-04	
96960	0.179906	0.713483	-9.220548	1.785140E-04	-6.501566E-04	-1.434708E-03	
97120	0.231515	0.719037	-9.271740	-8.240778E-04	-2.992253E-04	-1.097562E-03	
97280	0.302592	0.710764	-9.060187	1.709441E-04	6.647985E-04	7.642166E-04	
97440	0.308207	0.757925	-9.060192	1.184188E-04	1.298681E-03	1.570563E-05	
97600	0.352962	0.744043	-9.139469	-1.953063E-04	-6.221476E-04	-9.392415E-05	
97760	0.354573	0.757162	-9.090514	-2.125761E-04	4.285877E-04	-1.050686E-04	
97920	0.440288	0.858618	-9.101005	8.408236E-05	4.410531E-04	5.973402E-04	
98080	0.420689	0.818260	-9.057997	-1.128294E-03	-1.904360E-05	7.725520E-04	
98240	0.463228	0.866894	-9.011853	-1.749676E-04	7.988212E-04	5.180133E-05	
98400	0.379497	0.845917	-9.034211	7.549077E-04	7.565358E-05	-1.131046E-03	
98560	0.501054	0.883069	-9.018287	-1.894116E-03	-1.007503E-03	1.951361E-03	
98720	0.550668	0.823644	-8.937900	2.774895E-04	-8.640125E-04	6.379080E-04	
98880	0.471837	0.893697	-8.887835	8.298460E-04	2.818785E-04	7.174119E-04	
99040	0.617591	0.878427	-8.886919	-4.874282E-04	-7.508171E-04	-3.971763E-04	
99200	0.506255	0.946607	-8.939392	-3.189771E-04	1.089001E-04	5.337400E-04	
99360	0.639856	0.945551	-8.894292	-1.626797E-03	-5.467684E-06	6.968969E-04	
99520	0.668216	0.985200	-8.893073	2.417323E-04	4.736208E-04	8.745198E-04	
99680	0.668346	0.945301	-8.866505	-2.414493E-03	-2.544980E-04	1.247544E-03	
99840	0.712289	0.931613	-8.906111	4.873247E-04	-2.234693E-04	2.019365E-03	
100000	0.770493	1.023268	-8.888594	1.251670E-04	-1.039182E-03	-1.173477E-03	
100160	0.745892	0.937547	-8.798728	-3.527195E-04	4.426594E-04	4.581809E-04	
100320	0.811883	0.995445	-8.895939	5.703665E-04	2.381281E-03	-1.991560E-03	
100480	0.824894	1.022198	-8.821947	-3.839485E-04	-8.971663E-04	-3.238865E-04	
100640	0.807386	1.030603	-8.830106	4.933878E-04	-2.469613E-04	1.619976E-03	
100800	0.851344	0.887697	-8.891551	-5.215570E-04	3.656381E-04	4.105707E-04	
100960	0.798101	1.008082	-8.829716	6.346112E-04	-4.470725E-04	-1.059938E-03	
101120	0.893432	1.051885	-8.781914	-1.591782E-03	5.961978E-04	-4.329500E-04	
101280	0.920682	1.047903	-8.815930	-1.799845E-04	2.568296E-03	6.596830E-04	
101440	0.883744	0.964164	-8.820675	9.053708E-04	-1.546344E-03	-9.034612E-04	
101600	0.886555	0.944377	-8.821774	-9.435743E-04	-2.360239E-03	1.100609E-03	
101760	0.952877	1.041365	-8.813661	4.240411E-04	-6.545623E-04	-5.611390E-06	
101920	0.952425	1.092880	-8.757269	7.406600E-05	1.098774E-04	-5.489043E-04	
102080	0.931620	0.960734	-8.882144	3.036017E-04	-7.810583E-04	-6.141559E-05	
102240	0.976869	0.924148	-8.830594	-9.331689E-04	-1.108744E-03	1.303573E-03	
102400	1.007759	0.943815	-8.845808	1.110946E-03	-6.714814E-04	-1.379652E-03	
102560	0.926786	0.942045	-8.861237	-1.484535E-03	-8.440932E-05	-1.333268E-03	
102720	0.992519	0.859895	-8.730836	-2.783143E-04	-4.956737E-04	-2.407521E-03	
102880	0.975448	0.951721	-8.818622	1.773545E-03	2.670132E-04	8.623195E-04	
103040	0.922278	0.872827	-8.825891	5.295100E-04	7.966374E-04	-1.239555E-03	
103200	0.992706	0.960840	-8.855321	-6.026565E-04	1.789845E-03	4.982980E-04	
103360	0.933433	0.968071	-8.883723	-2.081438E-03	-2.050967E-04	4.531934E-04	
103520	0.983049	0.871696	-8.917498	-6.224975E-04	1.098735E-03	-1.018233E-03	
103680	1.002381	0.894254	-8.933262	1.489210E-03	1.526607E-04	-7.168982E-04	
103840	0.974996	0.887219	-8.861593	-1.699364E-03	1.273121E-03	2.352078E-05	
104000	0.989532	0.815743	-8.917235	7.624320E-04	5.157015E-04	2.282871E-03	
104160	1.020151	0.808142	-8.950375	5.204965E-04	-1.110881E-03	1.439966E-04	
104320	1.023422	0.789966	-8.954634	9.058335E-05	6.154054E-04	1.186719E-03	
104480	1.011191	0.810276	-8.946406	-2.845959E-03	-9.801202E-04	3.620469E-04	
104640	1.021461	0.858256	-8.979810	1.745679E-04	-1.553038E-03	-1.472301E-03	
104800	0.984250	0.739906	-8.967410	1.384762E-04	5.861101E-04	5.597451E-04	
104960	0.905152	0.715370	-9.040246	-1.507006E-04	1.737574E-03	-3.742976E-04	
105120	0.995543	0.783685	-9.063739	7.674561E-04	1.128640E-03	1.616233E-03	
105280	0.964324	0.736043	-9.033121	9.695498E-05	-6.474832E-04	4.568800E-04	
105440	0.948490	0.647833	-9.130852	1.789389E-03	5.917641E-04	-4.423074E-04	
105600	0.961087	0.680337	-9.095969	-1.427068E-03	-3.700550E-04	4.775260E-04	
105760	0.817647	0.669375	-9.115407	4.989692E-04	-1.720853E-03	1.039335E-04	
105920	0.912599	0.672811	-9.114504	-8.375623E-04	-4.664121E-04	5.794525E-04	
106080	0.966418	0.505546	-9.108502	-9.126101E-05	1.277223E-04	-8.257793E-04	
106240	0.923071	0.624111	-9.067694	3.082913E-04	6.566455E-04	9.315317E-05	
106400	0.937579	0.476271	-9.172767	-1.424486E-04	-5.807136E-04	-2.022446E-03	
106560	0.859005	0.519935	-9.212258	-1.042788E-03	-7.497137E-05	-1.188305E-03	
106720	0.814848	0.496578	-9.218480	3.307319E-04	-2.558271E-05	-9.604650E-04	
106880	0.799793	0.399928	-9.266535	-7.986004E-04	-1.252496E-03	6.916702E-04	
107040	0.886426	0.479375	-9.340439	5.836492E-04	-1.242088E-04	-1.597150E-03	
107200	0.794947	0.317280	-9.297002	-5.263180E-04	-1.832715E-03	1.255030E-03	
107360	0.716271	0.387563	-9.351877	9.826148E-05	-1.024100E-04	1.103199E-03	
107520	0.829635	0.245941	-9.369031	-1.086216E-03	7.914191E-04	4.736990E-04	
107680	0.779432	0.328732	-9.441841	9.603112E-04	-6.528503E-04	2.847275E-04	
107840	0.761695	0.291121	-9.426355	-5.813450E-04	-1.874185E-04	1.413418E-05	
108000	0.627804	0.165016	-9.437084	-9.444077E-04	1.883487E-04	-9.140872E-04	
108160	0.677134	0.204960	-9.474796	2.075520E-04	4.648707E-04	9.151075E-04	
108320	0.701171	0.122270	-9.604534	-5.940534E-04	-5.658372E-04	8.534718E-04	
108480	0.633973	0.115698	-9.531286	7.907910E-05	1.724880E-03	-4.136571E-05	
108640	0.590842	0.087878	-9.553608	1.459776E-03	9.850348E-04	9.550721E-04	
108800	0.596005	0.082956	-9.615562	2.038398E-04	1.658311E-03	5.721915E-04	
108960	0.538562	0.009679	-9.656083	-6.792791E-04	-1.914233E-03	1.404624E-03	
109120	0.585013	-0.007956	-9.744934	1.931533E-05	3.691557E-04	1.109220E-03	
109280	0.503056	-0.089344	-9.682773	-7.751276E-04	2.908703E-04	-9.046984E-04	
109440	0.448047	-0.057670	-9.760605	-7.903832E-04	-2.465350E-04	-7.474954E-04	
109600	0.456349	-0.130268	-9.821627	1.562472E-03	2.479549E-03	5.049195E-05	
109760	0.407174	-0.187919	-9.867179	5.376863E-04	-3.594844E-04	-2.454193E-04	
109920	0.364565	-0.161320	-9.818998	6.948268E-04	8.065886E-07	1.799975E-04	
110080	0.290323	-0.203345	-9.835945	4.872252E-04	7.734829E-04	-2.460391E-04	
110240	0.359203	-0.245900	-9.900544	3.769850E-04	2.054324E-03	4.015882E-04	
110400	0.261213	-0.180709	-9.817345	-8.179635E-04	1.728870E-03	1.764087E-04	
110560	0.292631	-0.275936	-9.997699	-2.989914E-04	-2.831327E-05	2.061771E-03	
110720	0.228909	-0.369506	-9.905600	-5.470378E-04	1.313167E-03	-7.194222E-04	
110880	0.187594	-0.334018	-10.005962	-4.876954E-04	7.549161E-04	3.286636E-05	
111040	0.243545	-0.458755	-10.040133	-5.168104E-05	-1.882762E-03	3.643853E-04	
111200	0.101002	-0.414579	-10.119486	8.207669E-04	3.963175E-04	-4.544366E-04	
111360	0.089806	-0.422610	-10.248303	-1.326293E-03	-8.305851E-04	-2.930489E-04	
111520	0.082208	-0.432572	-10.183892	-7.221919E-04	6.946599E-05	-1.143983E-03	
111680	0.093137	-0.430300	-10.162652	-6.848471E-04	-8.343198E-05	-5.161789E-04	
111840	0.030633	-0.478605	-10.244567	-1.066667E-03	-2.179901E-04	2.320991E-04	
112000	-0.004899	-0.486804	-10.277434	1.085715E-03	-7.000321E-04	1.250807E-03	
112160	0.006323	-0.532510	-10.204391	7.293849E-05	2.738003E-04	2.602258E-04	
112320	-0.063452	-0.595958	-10.227881	-3.214345E-04	-1.511244E-03	-1.418164E-04	
112480	-0.045976	-0.586692	-10.315140	9.294372E-05	-7.224587E-04	-2.625318E-03	
112640	-0.109984	-0.587621	-10.292419	-2.580453E-04	-4.523258E-04	4.389993E-04	
112800	-0.174028	-0.684345	-10.410046	1.883181E-03	1.019637E-03	-2.274153E-04	
112960	-0.159846	-0.629530	-10.484816	2.926889E-04	-1.629883E-03	1.791787E-04	
113120	-0.291243	-0.722098	-10.473221	-2.988970E-04	9.940991E-04	1.469111E-03	
113280	-0.234332	-0.679255	-10.490588	2.047470E-03	-4.150606E-04	7.317481E-05	
113440	-0.317774	-0.770507	-10.460384	1.057170E-03	-7.739342E-04	-3.831559E-04	
113600	-0.330707	-0.767554	-10.482113	1.911705E-03	-1.349723E-03	7.926959E-04	
113760	-0.366963	-0.822585	-10.566292	5.469191E-04	3.653063E-04	1.145479E-04	
113920	-0.377223	-0.755371	-10.563147	-1.938809E-03	-1.071580E-03	-9.434417E-04	
114080	-0.346890	-0.828108	-10.564654	-7.753101E-04	-7.054994E-04	-6.889460E-04	
114240	-0.417821	-0.904297	-10.596639	1.646219E-04	-3.751516E-04	4.255677E-04	
114400	-0.495376	-0.855819	-10.602617	5.963395E-05	1.090424E-03	-1.312850E-03	
114560	-0.449768	-0.844182	-10.588923	-2.107882E-03	6.628121E-04	1.481581E-03	
114720	-0.480316	-0.883878	-10.673678	-7.785804E-04	9.567233E-04	-1.903266E-04	
114880	-0.484923	-0.906827	-10.616247	1.548680E-04	-9.686769E-05	-2.612016E-04	
115040	-0.501886	-0.913929	-10.668090	-5.054348E-04	-1.013009E-03	-1.648200E-03	
115200	-0.597535	-0.905565	-10.680249	-4.948903E-04	-2.762251E-03	-2.302397E-04	
115360	-0.603110	-0.956169	-10.726306	-1.685336E-03	1.867792E-03	1.545111E-05	
115520	-0.686563	-0.932489	-10.713006	9.257623E-04	-3.981919E-04	6.963301E-04	
115680	-0.623632	-0.926721	-10.697924	5.620424E-04	1.445005E-03	-2.924810E-04	
115840	-0.670224	-0.983412	-10.731035	-3.419673E-04	6.275189E-04	4.881577E-04	
116000	-0.756335	-0.964401	-10.730030	8.151238E-06	-2.115001E-03	7.025592E-04	
116160	-0.754524	-1.000283	-10.780284	4.379006E-04	1.374274E-03	-6.744595E-04	
116320	-0.724716	-0.956042	-10.797319	-2.634155E-03	-1.866358E-04	-2.791040E-04	
116480	-0.753572	-0.995910	-10.809205	-1.835092E-03	6.002409E-04	1.720827E-03	
116640	-0.821102	-0.966594	-10.795675	-2.942333E-04	1.918707E-03	1.234875E-03	
116800	-0.816806	-1.018410	-10.823752	1.023866E-06	1.282410E-03	-3.555517E-04	
116960	-0.837480	-0.953213	-10.797595	1.002926E-06	-1.100184E-03	-9.983543E-04	
117120	-0.906634	-1.044550	-10.815814	1.425940E-03	1.064236E-03	2.042652E-03	
117280	-0.823495	-0.932908	-10.798252	1.476419E-03	-2.645396E-05	-1.068465E-03	
117440	-0.811421	-1.003614	-10.791859	5.283709E-04	1.522202E-03	1.747490E-05	
117600	-0.927445	-0.974695	-10.827830	-2.905516E-04	-1.335820E-03	1.700769E-04	
117760	-0.887563	-0.963942	-10.859792	-3.087851E-04	1.835444E-04	1.049823E-03	
117920	-0.887875	-1.045318	-10.880604	-9.235728E-05	5.152893E-04	1.281234E-03	
118080	-0.921578	-1.052619	-10.846390	-5.550462E-04	8.916753E-04	-1.780558E-03	
118240	-0.930075	-0.933756	-10.758840	8.595942E-04	-1.041417E-03	-1.523274E-03	
118400	-0.999446	-0.942915	-10.764277	-3.290779E-03	2.616999E-03	2.219215E-04	
118560	-1.003259	-0.958667	-10.749739	3.045112E-04	-1.616371E-03	7.977148E-04	
118720	-0.992983	-0.958104	-10.757840	1.041455E-03	5.677078E-04	6.077480E-04	
118880	-1.000495	-0.933802	-10.718813	2.542372E-04	-4.933575E-04	-2.186714E-06	
119040	-0.957881	-0.932008	-10.729128	9.168399E-04	8.374423E-04	-2.051622E-03	
119200	-0.971333	-0.874486	-10.779314	-1.115542E-03	1.603254E-03	-5.628832E-04	
119360	-0.924739	-0.933803	-10.741152	-3.253002E-04	1.896058E-04	6.290530E-04	
119520	-1.005822	-0.834612	-10.734501	1.773487E-03	5.068147E-04	1.923843E-03	
119680	-0.992321	-0.853588	-10.795351	5.593491E-04	1.020025E-03	-2.689272E-04	
119840	-0.995870	-0.902188	-10.758811	4.484776E-04	1.829074E-03	-3.153901E-04	
120000	-1.050580	-0.850905	-10.794224	1.300924E-03	5.534732E-04	-1.976921E-03	
120160	-0.963011	-0.831235	-10.662897	-5.275942E-04	-9.076947E-04	-5.865821E-04	
120320	-0.972143	-0.899438	-10.668295	6.077419E-04	6.592714E-04	8.323936E-04	
120480	-1.050064	-0.783779	-10.695387	1.577938E-03	-2.427068E-04	-6.484018E-04	
120640	-1.087898	-0.758701	-10.695494	-7.031347E-04	1.675925E-03	1.441155E-03	
120800	-0.997555	-0.754406	-10.638056	-3.112253E-04	3.631475E-04	-4.907101E-04	
120960	-0.959089	-0.701869	-10.565057	1.531168E-05	-1.686815E-03	-5.309494E-04	
121120	-1.077762	-0.747879	-10.575220	1.418538E-03	-2.057046E-03	5.355326E-04	
121280	-0.906672	-0.593958	-10.584891	-5.019537E-04	2.788009E-04	6.643950E-04	
121440	-1.046785	-0.622493	-10.557889	-1.393303E-04	1.418996E-03	-3.954110E-04	
121600	-0.898365	-0.741228	-10.539774	5.601856E-04	7.780769E-04	1.124955E-03	
121760	-0.972870	-0.648136	-10.522594	-6.737749E-04	1.045937E-04	1.542013E-05	
121920	-0.953436	-0.562979	-10.438157	1.554145E-03	1.475922E-03	-1.078439E-03	
122080	-0.919975	-0.520703	-10.523431	-1.806110E-03	1.184684E-03	-4.122622E-04	
122240	-0.939265	-0.517378	-10.470124	-5.424874E-04	-8.250314E-04	-3.355995E-05	
122400	-0.872495	-0.503896	-10.442358	-5.869183E-04	-5.197458E-06	-5.677924E-04	
122560	-0.899982	-0.560475	-10.445110	-1.080549E-03	3.348759E-04	2.791168E-04	
122720	-0.840036	-0.446074	-10.405264	-1.604769E-04	-3.455298E-04	-1.303599E-03	
122880	-0.851092	-0.415451	-10.416230	-2.693488E-04	-1.645840E-03	1.289126E-03	
123040	-0.816787	-0.363576	-10.369342	4.712416E-04	8.434500E-04	-2.386925E-04	
123200	-0.848058	-0.385800	-10.208193	3.450880E-04	2.164833E-04	-2.405338E-03	
123360	-0.810436	-0.345403	-10.306967	-8.052747E-04	1.006774E-03	-1.118762E-03	
123520	-0.737651	-0.205729	-10.227153	-1.357148E-03	7.778139E-05	-9.851415E-04	
123680	-0.675543	-0.264692	-10.178185	6.209512E-05	-1.128822E-03	-8.149973E-05	
123840	-0.776519	-0.219013	-10.198759	1.241131E-03	4.628702E-04	1.088307E-03	
124000	-0.699978	-0.256263	-10.105419	7.595491E-04	8.623327E-04	3.652704E-04	
124160	-0.662741	-0.139335	-10.160560	-9.115860E-04	-2.121676E-03	-3.246094E-04	
124320	-0.637892	-0.135861	-10.095636	1.606335E-03	7.249783E-04	2.889659E-04	
124480	-0.638000	-0.156407	-10.060922	-1.971467E-03	7.096987E-04	6.163388E-04	
124640	-0.622222	-0.122283	-10.013492	-1.416444E-03	5.531807E-05	-1.418052E-03	
124800	-0.580956	-0.095234	-9.993845	8.060263E-04	-7.260363E-04	1.743541E-03	
124960	-0.560274	-0.079717	-10.010383	-1.053353E-03	2.996043E-04	2.120468E-03	
125120	-0.516765	0.008444	-9.956186	-7.108567E-04	6.104480E-04	-3.217304E-04	
125280	-0.474701	0.038469	-9.945135	-1.732923E-04	-5.635364E-04	-6.741292E-04	
125440	-0.461546	0.036539	-9.874352	-9.372752E-04	-5.833790E-04	-6.167764E-04	
125600	-0.433699	0.093749	-9.840517	-5.976418E-04	5.190984E-04	3.723350E-04	
125760	-0.357589	0.050038	-9.859204	1.594902E-03	-1.673641E-03	-9.251179E-04	
125920	-0.408124	0.136325	-9.795400	-1.733914E-03	-2.908764E-03	-1.399111E-03	
126080	-0.339582	0.142920	-9.799044	1.040674E-03	-1.794637E-03	1.290848E-03	
126240	-0.317900	0.170872	-9.740466	-6.505196E-04	-9.473921E-04	-7.490076E-04	
126400	-0.235749	0.278825	-9.667291	1.473114E-03	-8.892826E-04	-7.827810E-04	
126560	-0.397593	0.209931	-9.619127	8.648898E-04	1.440452E-03	-1.466561E-03	
126720	-0.256091	0.255067	-9.599922	-1.354568E-03	9.699118E-04	-1.129544E-04	
126880	-0.239078	0.308963	-9.639414	-1.260860E-03	2.409072E-03	4.313956E-04	
127040	-0.161807	0.386034	-9.562495	1.040604E-03	2.797814E-03	8.451250E-04	
127200	-0.182803	0.401367	-9.557844	-1.473375E-03	-8.081171E-04	8.155432E-04	
127360	-0.122117	0.421508	-9.535549	-4.675731E-04	1.867581E-05	6.875383E-04	
127520	-0.087821	0.448385	-9.461391	-2.521290E-03	-9.288332E-04	4.076303E-04	
127680	-0.027579	0.527425	-9.455926	-7.462867E-05	-8.137327E-04	2.443836E-04	
127840	-0.005022	0.467198	-9.388406	1.624511E-03	3.498131E-03	-8.752095E-04	
128000	-0.022150	0.501284	-9.366928	9.533675E-04	2.453774E-06	2.346215E-03	
128160	0.024813	0.608284	-9.327281	6.385486E-04	2.148925E-04	1.013086E-03	
128320	0.051797	0.589809	-9.296893	-1.282324E-03	2.057022E-04	-1.803324E-04	
128480	0.076797	0.624859	-9.321561	7.052368E-04	-2.573723E-03	-7.576356E-04	
128640	0.148910	0.660674	-9.271576	1.860477E-04	-7.880582E-04	3.488026E-04	
128800	0.103160	0.699792	-9.270373	-1.263633E-03	3.930474E-04	9.129462E-04	
128960	0.152874	0.684161	-9.239525	8.488418E-04	1.089637E-04	6.549736E-04	
129120	0.161247	0.653444	-9.211665	-4.826771E-04	-1.530977E-03	-1.475204E-03	
129280	0.233339	0.737502	-9.123835	-3.430721E-04	-1.629163E-03	-1.157182E-03	
129440	0.181780	0.744334	-9.200156	1.376050E-03	1.855448E-03	7.360965E-04	
129600	0.300921	0.767274	-9.105778	-6.546404E-04	6.393356E-04	1.375374E-04	
129760	0.238674	0.843517	-9.059095	-2.041781E-03	-5.320025E-04	1.816945E-04	
129920	0.405450	0.770664	-9.073035	-3.104749E-04	2.353335E-03	-1.693187E-03	
130080	0.432479	0.780258	-9.088284	-1.573656E-03	-7.687167E-04	-5.448511E-04	
130240	0.421432	0.822557	-9.066136	-5.355786E-04	2.435268E-04	9.525932E-04	
130400	0.372248	0.906958	-8.969446	-2.742297E-04	1.885541E-03	-8.003824E-04	
130560	0.476385	0.868382	-8.998834	-2.574778E-04	7.780897E-04	5.848376E-04	
130720	0.554704	0.806955	-9.015014	1.170601E-03	2.460324E-04	-9.006640E-04	
130880	0.525708	1.000921	-9.000150	1.015282E-03	-3.614372E-04	-2.388585E-03	
131040	0.483843	0.885929	-8.977648	1.409003E-03	-8.211762E-04	-7.486086E-04	
131200	0.609969	1.007906	-8.923845	-1.001373E-03	1.716477E-03	4.346077E-04	
131360	0.641755	0.909037	-8.985640	-4.952770E-04	3.124587E-04	3.211332E-04	
131520	0.678698	1.000383	-8.866857	-3.407765E-04	1.478968E-03	7.706435E-05	
131680	0.616663	0.958131	-8.928961	-7.042892E-05	8.255161E-04	-1.565902E-03	
131840	0.666443	1.062894	-8.867338	1.068780E-03	-6.033467E-04	3.347169E-04	
132000	0.735009	1.013860	-8.881238	-2.247399E-03	-1.704540E-03	-1.362435E-04	
132160	0.708965	0.990278	-8.839028	-4.365128E-04	-1.625452E-04	6.443663E-04	
132320	0.729091	1.069517	-8.842997	-5.313266E-04	3.488728E-04	-7.518118E-04	
132480	0.768116	1.004329	-8.865879	-2.051461E-04	1.068357E-03	6.338283E-04	
132640	0.704095	0.953487	-8.770513	-8.100773E-05	2.142754E-05	8.102577E-05	
132800	0.737572	0.998608	-8.782245	-1.035563E-03	2.430612E-04	-2.264391E-04	
132960	0.816958	0.997536	-8.797644	-8.701440E-04	-1.159178E-03	7.281682E-04	
133120	0.847101	0.895381	-8.853293	-4.045013E-04	-1.108713E-03	-1.276303E-03	
133280	0.891104	1.047048	-8.816808	-1.843287E-03	-1.836642E-03	-1.116430E-03	
133440	0.863533	0.996964	-8.744094	1.694924E-03	3.963863E-04	-2.018069E-04	
133600	0.911604	0.978985	-8.804851	4.437173E-04	1.050071E-03	9.519537E-04	
133760	0.954223	1.028095	-8.845670	-7.144595E-04	1.216016E-03	1.901400E-04	
133920	0.891606	0.992311	-8.795874	-4.650772E-04	-1.784866E-05	9.076537E-04	
134080	0.904749	0.994449	-8.840001	-4.743998E-04	2.361629E-03	2.115846E-04	
134240	0.922343	0.977983	-8.812069	-3.347677E-04	7.735265E-05	2.045471E-03	
134400	0.882449	0.926119	-8.802599	-2.030724E-03	1.018164E-03	-1.284714E-03	
134560	0.881775	0.978484	-8.809924	-8.152011E-04	2.172721E-03	7.804712E-04	
134720	0.982869	1.017182	-8.843240	8.851137E-04	3.168502E-04	-1.158419E-03	
134880	0.978850	0.913097	-8.847787	-3.230055E-04	-5.022266E-06	7.068395E-04	
135040	1.021337	0.980914	-8.793262	-8.025270E-04	-5.377335E-04	2.207502E-03	
135200	1.004763	1.014674	-8.900751	4.516230E-04	-1.430807E-03	6.033283E-04	
135360	1.033209	0.872086	-8.903649	3.256114E-04	1.217774E-03	-1.585588E-04	
135520	1.075093	0.870961	-8.802356	1.375105E-03	1.798646E-04	-2.208805E-04	
135680	0.918880	0.878227	-8.900644	1.329454E-03	5.500452E-04	-8.302986E-04	
135840	1.050070	0.809146	-8.867471	5.690930E-04	-7.874618E-04	-2.104544E-03	
136000	0.982413	0.812574	-8.900088	1.203568E-03	-1.493668E-03	7.158733E-04	
136160	1.012463	0.817004	-8.892118	-4.394888E-04	-7.408851E-04	1.121290E-03	
136320	1.065035	0.786206	-8.897543	-1.013855E-03	7.788763E-04	9.345536E-04	
136480	1.041794	0.818531	-8.982139	2.706571E-04	1.401166E-03	-4.517289E-04	
136640	1.005183	0.793838	-8.995738	-6.403650E-05	1.107426E-03	-8.872162E-04	
136800	0.948710	0.778304	-8.909908	7.866714E-04	7.496874E-04	-1.628729E-03	
136960	0.968924	0.711950	-9.042374	1.519673E-03	-5.841772E-04	-1.148313E-03	
137120	0.973884	0.718645	-8.934787	1.319698E-03	-2.518886E-04	-5.244677E-05	
137280	0.942866	0.683590	-9.087231	-4.653335E-04	2.806501E-04	-1.193791E-04	
137440	1.044775	0.637338	-8.978885	-1.008427E-03	1.395588E-04	9.092023E-04	
137600	0.981198	0.664932	-9.111261	4.852271E-04	-5.368740E-04	-6.191761E-04	
137760	0.948414	0.554101	-9.172285	-6.313731E-04	-1.167597E-03	3.480319E-05	
137920	0.883243	0.620837	-9.150841	5.639803E-05	-3.763751E-04	-7.092511E-04	
138080	0.944339	0.610229	-9.087268	-6.375730E-05	-1.681092E-04	1.068071E-03	
138240	0.865215	0.511202	-9.137865	-1.947069E-03	-3.118221E-04	1.899146E-03	
138400	0.869252	0.493340	-9.207012	-6.887146E-04	1.026473E-03	3.100585E-04	
138560	0.864513	0.562817	-9.232520	6.192963E-04	6.472071E-04	-1.465155E-03	
138720	0.855908	0.520507	-9.238616	2.200818E-04	6.453346E-04	3.227936E-04	
138880	0.836568	0.433743	-9.252513	-1.312542E-03	9.663809E-04	-6.382650E-04	
139040	0.857094	0.441367	-9.290893	1.400174E-04	-1.766679E-03	-6.518078E-04	
139200	0.761518	0.451777	-9.294287	1.335251E-03	1.490232E-03	7.327561E-04	
139360	0.807072	0.358467	-9.322308	-1.058322E-03	-3.818440E-04	-7.266068E-04	
139520	0.756065	0.336125	-9.394482	-1.644174E-03	1.308970E-03	-1.004593E-03	
139680	0.695982	0.301664	-9.415858	5.053337E-04	1.136517E-03	1.491563E-04	
139840	0.767514	0.281945	-9.466215	3.881943E-04	-1.964518E-03	4.376252E-04	
140000	0.627091	0.285576	-9.501104	-2.662773E-04	5.031154E-05	-1.820293E-03	
140160	0.636781	0.222070	-9.479690	3.744777E-04	-4.004399E-04	6.618717E-04	
140320	0.634545	0.136129	-9.541400	-5.760150E-04	5.611934E-05	-6.046706E-04	
140480	0.574563	0.179910	-9.548916	2.369716E-04	-1.327771E-03	-1.086732E-04	
140640	0.597146	0.182408	-9.718635	4.890446E-04	-1.002705E-03	-1.913989E-03	
140800	0.582964	0.115704	-9.613757	-2.946844E-04	-4.224054E-04	5.462559E-04	
140960	0.601667	-0.031085	-9.629876	5.019307E-04	-5.542486E-04	6.728553E-04	
141120	0.524666	0.031234	-9.696069	-4.686603E-04	1.099403E-03	1.385320E-03	
141280	0.518551	-0.063869	-9.742078	-5.668257E-04	-4.157240E-04	-3.053984E-04	
141440	0.481484	-0.091875	-9.763864	5.246822E-04	-6.819796E-04	4.558554E-04	
141600	0.451102	-0.204365	-9.807540	-2.478073E-04	5.387832E-04	2.556495E-03	
141760	0.365978	-0.163698	-9.888985	-5.854504E-04	2.581532E-04	1.629002E-03	
141920	0.463384	-0.105500	-9.842213	3.634719E-04	-3.377902E-04	1.327575E-03	
142080	0.390622	-0.143635	-9.852019	-7.632652E-04	-1.566049E-03	4.949438E-05	
142240	0.335220	-0.203679	-9.856035	2.634394E-03	5.626126E-04	-1.412341E-04	
142400	0.234059	-0.254286	-9.960930	9.406496E-04	-1.846451E-04	5.932042E-04	
142560	0.251618	-0.211634	-9.919974	-1.272540E-04	-1.210933E-03	1.774207E-04	
142720	0.192547	-0.372247	-9.988606	-1.466513E-03	-6.645561E-04	2.130897E-03	
142880	0.153742	-0.330408	-9.962501	7.721106E-04	1.023543E-03	2.435072E-04	
143040	0.187124	-0.443225	-10.077229	5.605085E-04	-3.648667E-04	7.878747E-04	
143200	0.142813	-0.429910	-10.097000	4.833960E-04	1.505388E-04	7.894711E-04	
143360	0.095799	-0.478829	-10.162472	-1.509044E-03	8.451162E-04	7.784280E-04	
143520	0.109140	-0.423632	-10.181016	1.308228E-03	-9.670417E-04	6.908657E-05	
143680	0.120133	-0.421830	-10.160513	6.283499E-04	2.954033E-04	9.047648E-04	
143840	0.055332	-0.486893	-10.209823	4.541698E-04	4.858619E-04	-1.152368E-03	
144000	-0.001186	-0.524676	-10.231289	3.088749E-04	1.848839E-04	-5.663957E-06	
144160	0.056013	-0.529107	-10.251714	-4.304156E-04	-9.689771E-04	5.768926E-04	
144320	-0.079118	-0.552053	-10.284060	-1.194968E-03	8.224666E-04	-1.156503E-03	
144480	-0.124486	-0.578655	-10.314129	5.232569E-04	-1.793822E-03	2.504612E-04	
144640	-0.119567	-0.669255	-10.379224	4.748500E-04	-1.353386E-04	-5.859226E-04	
144800	-0.122060	-0.608645	-10.353126	-9.794934E-04	-1.738511E-03	-8.104524E-04	
144960	-0.187210	-0.695308	-10.332100	6.701113E-04	-7.088006E-04	-5.870443E-04	
145120	-0.222941	-0.720269	-10.405497	-2.610860E-05	-8.134594E-04	-5.867262E-04	
145280	-0.219035	-0.698680	-10.437627	-6.509614E-04	5.717702E-04	9.253796E-04	
145440	-0.240585	-0.797175	-10.558446	-1.220104E-04	1.480107E-04	1.242007E-03	
145600	-0.367204	-0.759155	-10.526185	-1.707811E-06	8.372919E-04	8.553715E-04	
145760	-0.350622	-0.803292	-10.555274	-7.098894E-04	-1.364526E-03	7.003168E-04	
145920	-0.369381	-0.804854	-10.522700	-4.664575E-04	-6.317089E-05	4.593895E-06	
146080	-0.438441	-0.868291	-10.560289	-1.478154E-03	9.651121E-04	3.774559E-04	
146240	-0.466527	-0.824342	-10.559160	-4.968874E-04	4.854724E-04	1.136129E-03	
146400	-0.452238	-0.836947	-10.614195	1.232604E-03	-6.635549E-04	1.087351E-03	
146560	-0.470732	-0.884014	-10.662148	3.631372E-04	-3.130631E-03	-1.364607E-03	
146720	-0.493746	-0.872430	-10.681882	-2.580978E-03	7.452767E-04	-5.068639E-04	
146880	-0.529589	-0.913215	-10.635935	5.675646E-04	-2.000322E-04	-9.128310E-04	
147040	-0.561573	-0.981630	-10.598620	-9.184483E-04	1.775760E-03	-8.767325E-04	
147200	-0.633080	-0.954414	-10.662930	1.453585E-04	6.498366E-04	-1.427686E-03	
147360	-0.655715	-0.903679	-10.676637	-2.376745E-04	-1.768984E-03	3.965596E-05	
147520	-0.680449	-0.952893	-10.683490	-8.823942E-04	-1.185593E-03	8.287833E-05	
147680	-0.624531	-1.019178	-10.736735	6.527883E-04	7.635378E-04	8.363526E-04	
147840	-0.698242	-0.978755	-10.837870	6.382601E-04	-2.951912E-04	-4.718087E-04	
148000	-0.700774	-1.007006	-10.708606	5.922203E-04	2.600725E-04	-2.128555E-04	
148160	-0.742003	-0.978281	-10.745782	1.388720E-03	-1.881562E-04	-3.410335E-04	
148320	-0.762747	-1.100707	-10.750556	-1.988628E-04	1.620704E-05	5.269520E-04	
148480	-0.751127	-0.952319	-10.773867	1.892542E-03	-1.535864E-03	-1.428142E-03	
148640	-0.806633	-0.979267	-10.809883	7.188456E-05	-7.344294E-04	8.221341E-04	
148800	-0.793970	-1.026229	-10.806896	-1.579382E-04	-3.359693E-04	6.717669E-05	
148960	-0.817787	-1.047411	-10.845372	-5.425239E-04	5.706849E-04	6.900771E-04	
149120	-0.816109	-0.969764	-10.786764	-1.917279E-03	2.233753E-03	-1.736535E-03	
149280	-0.946448	-1.062977	-10.825428	-9.597778E-04	7.146276E-04	1.166695E-03	
149440	-0.849601	-0.956059	-10.841031	1.337138E-03	1.072122E-04	1.143897E-03	
149600	-0.870516	-1.049144	-10.789142	-1.739607E-03	-9.954884E-04	-1.830838E-04	
149760	-0.954472	-1.002008	-10.766556	-1.597617E-03	-8.472208E-04	4.805836E-04	
149920	-0.956635	-1.014465	-10.857587	1.341668E-03	9.744573E-04	1.536791E-03	
150080	-0.870084	-0.939241	-10.810576	5.639214E-04	-3.657453E-04	4.442503E-04	
150240	-0.920646	-0.943295	-10.770123	5.758425E-04	-4.088523E-04	-5.871646E-04	
150400	-0.880764	-1.026252	-10.729626	1.538255E-03	-1.116633E-03	-1.130395E-03	
150560	-0.968162	-0.991941	-10.713522	-1.396069E-04	-1.240794E-04	-1.118050E-03	
150720	-0.929468	-0.931186	-10.795261	-1.387249E-03	1.225441E-04	-4.301170E-04	
150880	-0.989427	-0.921370	-10.818745	-1.745905E-03	4.211468E-04	2.865335E-04	
151040	-0.934823	-0.947001	-10.779878	4.356679E-04	-1.076909E-05	2.719613E-04	
151200	-0.989934	-0.964282	-10.755484	1.743748E-03	-2.152797E-03	2.993475E-04	
151360	-1.088605	-0.858712	-10.802394	9.837846E-04	1.018331E-03	5.151655E-04	
151520	-0.964790	-0.927452	-10.718879	1.942445E-03	-3.549748E-04	-7.113223E-04	
151680	-1.043891	-0.865617	-10.797122	1.083492E-03	-4.983803E-05	-5.895845E-04	
151840	-1.052220	-0.900883	-10.716941	1.477023E-04	-1.158423E-03	-1.813181E-03	
152000	-1.006496	-0.909095	-10.677692	-9.689410E-04	1.704468E-03	2.133075E-03	
152160	-1.026689	-0.778811	-10.731584	1.805179E-04	-5.639309E-04	8.243922E-04	
152320	-0.987282	-0.776219	-10.728217	-2.097578E-04	1.642933E-04	2.304939E-04	
152480	-1.026735	-0.736366	-10.692729	-8.921941E-04	6.855974E-04	1.093111E-03	
152640	-0.981126	-0.839886	-10.617064	-1.290726E-04	-2.215625E-03	1.177230E-03	
152800	-0.938928	-0.770306	-10.570940	1.321611E-05	-6.553536E-04	3.860709E-04	
152960	-0.992106	-0.708992	-10.550909	3.070018E-04	-6.670487E-04	1.994565E-04	
153120	-1.012942	-0.742558	-10.599677	-1.484423E-03	-9.778108E-04	9.229440E-05	
153280	-0.980511	-0.690622	-10.662486	1.652971E-04	2.690784E-04	6.792346E-04	
153440	-0.995450	-0.668758	-10.601257	7.979769E-04	1.770558E-03	-6.853647E-06	
153600	-0.922648	-0.646873	-10.514902	8.444295E-04	-1.009290E-03	-1.371707E-04	
153760	-1.014486	-0.567676	-10.551444	-1.206874E-03	1.283975E-03	-3.907618E-04	
153920	-0.877702	-0.591231	-10.485509	5.615652E-05	8.855775E-04	-1.078270E-03	
154080	-0.915898	-0.588554	-10.509237	1.526625E-04	-5.435140E-04	-2.183407E-04	
154240	-0.987853	-0.570285	-10.447436	-1.879411E-04	9.594703E-04	1.011476E-03	
154400	-0.945171	-0.508374	-10.370605	-8.012330E-04	3.908781E-04	-6.727128E-04	
154560	-0.873386	-0.452871	-10.394383	7.638441E-04	9.808017E-04	6.332510E-04	
154720	-0.870167	-0.447038	-10.426371	1.433033E-03	4.654863E-04	-7.798480E-04	
154880	-0.809466	-0.461124	-10.301735	-1.136800E-03	7.259770E-04	-1.268489E-04	
155040	-0.827868	-0.427425	-10.304569	-2.283123E-04	5.015016E-04	-9.241195E-04	
155200	-0.792936	-0.440745	-10.215487	8.432520E-04	-3.104720E-04	1.584796E-03	
155360	-0.802073	-0.378269	-10.230328	-1.485409E-04	8.027126E-05	-8.708895E-05	
155520	-0.708064	-0.367782	-10.230342	-2.824347E-04	-4.277119E-04	7.370963E-04	
155680	-0.782355	-0.315367	-10.189097	-5.266035E-04	-1.080484E-03	-7.764677E-04	
155840	-0.674224	-0.237096	-10.114824	4.232571E-04	-1.764117E-03	-1.004602E-03	
156000	-0.741183	-0.151367	-10.181961	3.153637E-04	5.319058E-04	-3.313207E-03	
156160	-0.647210	-0.186824	-10.128917	4.974874E-05	6.683034E-05	5.731759E-05	
156320	-0.675140	-0.211798	-10.066976	4.843440E-04	-3.979205E-04	-1.031194E-03	
156480	-0.598227	-0.157928	-10.102359	3.251677E-04	6.600526E-04	1.323587E-03	
156640	-0.619105	-0.073844	-10.091759	1.110452E-06	-1.247007E-04	-3.403140E-04	
156800	-0.592246	-0.054334	-10.030470	-7.157775E-04	-1.087715E-03	1.236293E-03	
156960	-0.511677	0.030626	-9.989269	-4.218477E-04	4.532130E-06	-1.426682E-03	
157120	-0.478310	-0.039074	-9.887716	3.359745E-04	2.466243E-04	-1.767649E-03	
157280	-0.561555	0.097422	-9.886093	-1.482954E-04	6.632378E-04	8.178766E-04	
157440	-0.491771	0.025519	-9.914409	1.200549E-03	-1.737657E-03	6.329331E-05	
157600	-0.468272	0.106735	-9.825589	5.749870E-04	-1.129343E-03	-4.303557E-05	
157760	-0.433076	0.067575	-9.841000	1.200616E-03	8.416685E-04	-1.460389E-03	
157920	-0.412189	0.112879	-9.787815	-1.812985E-03	-1.399214E-03	-6.322763E-05	
158080	-0.206886	0.200036	-9.755655	-4.513012E-04	-9.371363E-04	3.341251E-04	
158240	-0.357050	0.194080	-9.703482	1.764606E-03	-1.393252E-04	-1.042669E-03	
158400	-0.298299	0.245991	-9.734699	-1.353263E-04	-5.313714E-04	1.384946E-03	
158560	-0.252983	0.277509	-9.582979	-1.874074E-04	1.332360E-03	1.108619E-03	
158720	-0.309280	0.311543	-9.677779	-1.221127E-04	9.973754E-04	-2.883185E-03	
158880	-0.193495	0.262414	-9.629295	-2.218371E-04	4.445131E-04	2.407761E-03	
159040	-0.157310	0.382639	-9.596278	-2.017802E-04	2.100071E-03	1.292014E-03	
159200	-0.166169	0.403421	-9.515029	-7.734667E-04	-3.189452E-04	8.701425E-04	
159360	-0.171682	0.477302	-9.402673	-1.406941E-03	1.878354E-04	-4.345707E-04	
159520	-0.136260	0.494436	-9.489373	-5.082986E-04	1.053785E-03	1.319981E-03	
159680	-0.021665	0.420781	-9.464139	7.122543E-04	-4.877620E-04	-7.220272E-04	
159840	-0.020386	0.448805	-9.397955	6.922720E-04	-6.454800E-04	2.952727E-04	
160000	0.021924	0.511566	-9.472761	-3.022674E-04	1.012768E-03	-4.431120E-04	
160160	0.128554	0.546004	-9.336713	-5.345795E-04	1.163771E-03	-1.152069E-03	
160320	0.029187	0.612082	-9.332795	5.216387E-04	-2.493908E-03	-1.085924E-03	
160480	0.178201	0.569039	-9.314429	9.535025E-04	-2.265071E-04	-2.698767E-03	
160640	0.080939	0.625770	-9.322882	7.494914E-04	1.068368E-03	-3.319145E-04	
160800	0.178484	0.610513	-9.321877	8.993263E-04	-7.511999E-04	1.170198E-03	
160960	0.165830	0.735401	-9.285652	1.564065E-03	-1.774129E-04	3.656357E-04	
161120	0.243448	0.680787	-9.202432	3.579754E-04	-5.146693E-04	1.401804E-03	
161280	0.274011	0.766145	-9.218431	7.781328E-04	-5.701073E-04	2.662185E-04	
161440	0.286821	0.824513	-9.181794	2.371393E-03	-9.456317E-04	-6.645004E-04	
161600	0.289623	0.759081	-9.081573	-9.410246E-04	-1.238613E-03	-7.633866E-05	
161760	0.363708	0.776265	-9.034426	4.954335E-05	4.657451E-04	2.279126E-05	
161920	0.332121	0.804101	-9.127254	5.710255E-04	1.015693E-03	-1.667729E-03	
162080	0.413093	0.811803	-9.018666	-3.517330E-04	8.090441E-04	-2.861221E-05	
162240	0.383007	0.849475	-9.106785	4.380630E-04	-9.545053E-04	-4.472013E-04	
162400	0.472472	0.829331	-9.065725	1.557699E-03	2.023850E-04	5.764201E-04	
162560	0.559814	0.901859	-8.967538	-1.772479E-03	-1.047208E-03	1.347997E-04	
162720	0.539238	0.936004	-8.993044	6.581170E-04	4.109397E-04	5.704480E-04	
162880	0.556551	0.920504	-9.092295	-1.528778E-03	-8.678237E-04	7.048414E-04	
163040	0.588455	0.917979	-8.888055	6.492373E-04	1.098164E-03	1.079320E-03	
163200	0.609134	0.963070	-8.927893	-1.806454E-03	6.865015E-04	1.181727E-03	
163360	0.596708	0.898130	-8.934152	4.665471E-04	1.186586E-03	1.744082E-04	
163520	0.586098	0.950484	-8.900302	1.293051E-03	-5.619642E-04	-4.438620E-04	
163680	0.672452	0.892191	-8.898037	9.187743E-04	5.791443E-04	-2.760341E-04	
163840	0.656014	1.012288	-8.850014	-1.424486E-03	-5.013760E-04	-1.047194E-03	
164000	0.789018	1.053425	-8.865642	1.191718E-03	-1.204502E-04	-2.201250E-04	
164160	0.700440	0.905589	-8.807528	-2.218165E-03	-1.775642E-03	-1.185830E-03	
164320	0.777594	0.994408	-8.869725	-2.005979E-04	1.236142E-03	1.888618E-03	
164480	0.757879	0.982311	-8.908083	-7.572972E-04	-1.334113E-04	-6.430334E-04	
164640	0.769918	0.992167	-8.865711	3.120965E-05	-1.759733E-03	3.137591E-04	
164800	0.784689	0.963980	-8.760356	-7.640219E-04	1.053903E-03	5.950004E-04	
164960	0.825593	1.031384	-8.885989	-1.600229E-04	4.883379E-04	-2.475375E-03	
165120	0.890115	1.095012	-8.768824	2.394293E-04	-2.230313E-04	-6.156847E-04	
165280	0.871093	0.952396	-8.773962	1.245849E-04	-2.463192E-05	-1.778190E-03	
165440	0.827873	1.078078	-8.869586	-5.705444E-04	7.429704E-04	6.376894E-04	
165600	0.920344	0.991975	-8.860791	3.270840E-05	-1.053338E-03	-1.153699E-03	
165760	0.936494	1.035676	-8.872724	3.440629E-04	1.294060E-04	-1.251051E-03	
165920	0.960882	1.003711	-8.762824	-1.642485E-03	-1.048914E-03	-4.802588E-04	
166080	0.916621	1.002263	-8.895900	-1.697886E-03	1.169242E-03	8.630076E-04	
166240	0.908474	0.990468	-8.751770	-2.437109E-04	-3.954141E-04	-2.156058E-03	
166400	0.980352	0.931130	-8.803473	9.312989E-04	7.438273E-04	-1.020994E-03	
166560	0.945063	0.987350	-8.766763	1.155215E-04	6.429414E-04	-7.028400E-04	
166720	0.969542	0.965800	-8.776917	-7.843448E-04	3.119324E-04	3.501391E-04	
166880	0.918368	0.924083	-8.864063	3.235604E-04	4.657458E-04	1.452076E-03	
167040	0.938142	0.883717	-8.913036	3.817336E-04	1.184592E-04	7.551703E-04	
167200	0.937103	0.871483	-8.849604	1.606695E-03	-3.451665E-04	3.298184E-04	
167360	0.983434	0.847387	-8.841042	8.331064E-05	4.157264E-04	-5.767605E-05	
167520	1.036788	0.838395	-8.796699	-3.214527E-05	1.256556E-04	-8.855634E-04	
167680	0.989464	0.815505	-8.895265	3.845834E-04	1.408724E-03	1.497783E-04	
167840	0.989087	0.882986	-8.887271	1.934300E-04	1.065806E-03	9.223702E-04	
168000	0.950049	0.808986	-8.910112	-4.290429E-04	-4.135391E-05	1.806984E-03	
168160	0.968277	0.785056	-8.949160	-1.676906E-04	-5.694444E-04	1.230320E-03	
168320	1.007222	0.776504	-8.879778	8.526877E-04	-2.693381E-05	-1.243207E-03	
168480	1.035877	0.835901	-8.987489	-1.875126E-04	9.129419E-04	-1.089099E-03	
168640	1.036231	0.747467	-8.946831	3.822930E-04	2.622880E-04	4.300975E-04	
168800	1.002970	0.742541	-9.008416	1.544363E-03	7.497876E-04	-6.247720E-04	
168960	1.028367	0.734905	-9.057646	-7.063027E-04	1.897446E-03	-4.703289E-04	
169120	0.960722	0.729683	-9.000594	-1.707714E-03	-9.940622E-04	5.498879E-04	
169280	1.015342	0.695281	-8.931000	1.926117E-03	-8.980476E-04	-1.434593E-03	
169440	0.928683	0.673770	-9.080317	-1.944535E-03	-7.278677E-04	-1.076162E-03	
169600	0.906217	0.735989	-9.076941	-4.110153E-04	-1.421873E-05	5.670116E-05	
169760	0.981356	0.593937	-9.106335	8.872428E-04	1.543812E-03	7.436955E-04	
169920	0.951111	0.589561	-9.096676	-1.598743E-03	-6.384781E-05	1.392104E-04	
170080	0.921742	0.536581	-9.186448	-1.831812E-03	-8.981284E-04	-2.599914E-04	
170240	0.837091	0.551099	-9.157120	-1.470483E-03	2.545009E-03	5.123009E-04	
170400	0.889712	0.515067	-9.160675	5.910953E-05	1.816399E-04	4.474113E-04	
170560	0.918400	0.485264	-9.176796	-1.023186E-03	-7.751134E-04	-3.386048E-04	
170720	0.895302	0.435830	-9.310979	-1.803813E-03	-1.928585E-03	1.637845E-04	
170880	0.836741	0.480680	-9.249606	1.250260E-06	9.572685E-04	6.401002E-04	
171040	0.860782	0.433322	-9.360078	-8.196423E-04	1.477941E-03	-5.503578E-04	
171200	0.788154	0.415210	-9.336582	-9.511730E-04	1.259366E-03	-1.268891E-03	
171360	0.852698	0.331752	-9.244381	8.612156E-04	1.103350E-04	-2.128654E-03	
171520	0.725553	0.348814	-9.378164	-1.180492E-03	1.838202E-04	-3.604991E-04	
171680	0.725409	0.286601	-9.425635	1.687114E-03	7.954138E-05	4.170433E-05	
171840	0.661524	0.276366	-9.459892	-5.269197E-04	4.923560E-04	-1.029209E-03	
172000	0.673292	0.258606	-9.538158	-1.151227E-04	2.134608E-03	-2.206673E-04	
172160	0.670126	0.166757	-9.427178	1.610640E-03	-1.715012E-03	-2.780669E-04	
172320	0.620768	0.144153	-9.495736	-2.045617E-05	1.253786E-03	1.090325E-03	
172480	0.628155	0.075074	-9.571524	-1.516005E-03	1.340428E-04	3.769694E-04	
172640	0.622371	0.077583	-9.574356	6.054330E-04	9.483168E-04	1.555798E-04	
172800	0.659996	0.090342	-9.620924	1.238362E-03	-7.427360E-04	-4.458732E-04	
172960	0.547777	-0.012318	-9.692168	-3.388313E-05	-1.107566E-03	-4.666006E-04	
173120	0.528767	0.044654	-9.766037	-6.275469E-04	-5.859091E-04	2.825386E-04	
173280	0.455866	0.009789	-9.681888	-1.205525E-03	-4.715439E-04	1.378159E-04	
173440	0.551252	-0.063260	-9.826074	1.290584E-03	3.060619E-04	-3.651634E-04	
173600	0.475818	-0.094382	-9.830866	-1.019589E-03	-1.021143E-03	-3.601454E-04	
173760	0.401815	-0.074647	-9.760437	8.954663E-04	-3.436253E-04	1.946457E-04	
173920	0.352017	-0.092337	-9.859390	9.418433E-04	-9.456521E-04	2.688607E-04	
174080	0.426798	-0.147584	-9.914930	-9.859902E-04	-1.394708E-03	-3.401317E-04	
174240	0.390297	-0.188174	-9.898103	-3.347857E-05	2.521774E-05	-5.686322E-05	
174400	0.338507	-0.258479	-9.922054	7.323435E-04	-1.353280E-03	7.650366E-04	
174560	0.286513	-0.229127	-9.927176	9.314953E-04	8.025387E-04	1.248688E-03	
174720	0.235592	-0.358279	-9.979523	3.007195E-04	1.089169E-04	6.141567E-04	
174880	0.152034	-0.390474	-10.006294	1.775920E-03	6.542058E-04	-2.490593E-04	
175040	0.163387	-0.374514	-10.014343	-1.299761E-04	3.891749E-04	-3.596319E-04	
175200	0.206468	-0.447728	-10.008864	-1.730934E-03	2.632218E-03	-1.149664E-03	
175360	0.107514	-0.451058	-10.144946	-7.168168E-04	2.603407E-04	5.133880E-04	
175520	0.118100	-0.408949	-10.078525	-3.456472E-04	-8.154500E-04	6.152485E-04	
175680	0.074927	-0.533490	-10.226607	-8.792559E-04	-9.973628E-04	-1.786394E-04	
175840	0.034925	-0.449281	-10.104041	6.979226E-04	1.297174E-03	1.215337E-03	
176000	-0.070323	-0.532125	-10.267518	1.153406E-03	1.615841E-04	-6.142369E-04	
176160	-0.004378	-0.545664	-10.293875	2.908827E-04	1.148494E-03	-8.068201E-04	
176320	-0.094643	-0.599264	-10.312290	-4.407136E-04	-2.412284E-04	-7.978988E-04	
176480	-0.080790	-0.528172	-10.363555	6.959592E-04	4.720024E-04	7.268838E-04	
176640	-0.188797	-0.568879	-10.355850	1.009923E-03	1.221327E-03	-2.035037E-03	
176800	-0.196495	-0.667124	-10.398695	1.268468E-03	2.085405E-04	-4.669645E-04	
176960	-0.233053	-0.720795	-10.371413	2.200038E-04	5.508272E-04	5.048084E-04	
177120	-0.223412	-0.699184	-10.450476	3.766609E-04	1.851594E-03	-4.293973E-04	
177280	-0.208751	-0.770167	-10.461029	5.743744E-04	-6.163640E-04	8.647786E-05	
177440	-0.266758	-0.822656	-10.552068	5.783775E-04	4.083807E-04	6.822055E-04	
177600	-0.347407	-0.788474	-10.498839	-4.201398E-04	-6.332443E-04	-4.543025E-04	
177760	-0.355953	-0.787543	-10.517690	-1.019770E-04	-3.964038E-04	-1.004197E-03	
177920	-0.351357	-0.776055	-10.512120	-1.462117E-04	9.660808E-04	-1.541038E-03	
178080	-0.377676	-0.814792	-10.570210	-4.990283E-04	5.311221E-04	-9.514551E-04	
178240	-0.423175	-0.895566	-10.528221	-1.446434E-03	-2.267672E-04	1.066921E-05	
178400	-0.430253	-0.848645	-10.648918	1.355409E-03	2.952897E-04	1.602576E-03	
178560	-0.431384	-0.852224	-10.662959	2.052319E-03	1.770294E-03	-1.196782E-03	
178720	-0.442086	-0.902322	-10.598014	-2.006419E-03	3.566897E-04	3.635098E-04	
178880	-0.545667	-0.828577	-10.642226	3.565153E-04	2.357410E-04	6.027965E-05	
179040	-0.595407	-0.893316	-10.710191	-2.825083E-04	-2.077675E-04	-2.213643E-03	
179200	-0.639944	-0.961572	-10.683318	-1.038685E-03	-6.155458E-04	1.372668E-03	
179360	-0.575485	-0.907708	-10.704926	1.210502E-04	2.993034E-04	-9.443879E-04	
179520	-0.664198	-0.922864	-10.683300	3.752563E-04	1.564216E-04	7.243660E-04	
179680	-0.727480	-0.975540	-10.811522	-2.101249E-05	-8.006856E-04	1.085005E-03	
179840	-0.715098	-1.018924	-10.705703	-2.179085E-04	2.776701E-04	-8.801126E-05	
180000	-0.666587	-0.992438	-10.783858	7.857208E-04	-2.974854E-04	2.206034E-03	
180160	-0.776179	-0.984748	-10.652086	-4.100523E-05	-7.610860E-04	-9.047322E-04	
180320	-0.745259	-0.960944	-10.760518	3.408985E-04	-9.609550E-04	-1.482548E-03	
180480	-0.785432	-0.988174	-10.835883	-6.601436E-04	-2.164688E-04	4.232877E-04	
180640	-0.854024	-0.948515	-10.759197	7.471570E-04	-1.226497E-03	3.967005E-04	
180800	-0.814887	-0.991754	-10.737713	1.774279E-04	-2.049901E-03	2.353302E-03	
180960	-0.810349	-1.026182	-10.800629	-4.670097E-04	-1.586142E-03	6.968039E-05	
181120	-0.887096	-1.005215	-10.796963	-1.036802E-03	-2.129645E-03	-2.157268E-04	
181280	-0.904258	-1.059478	-10.795977	1.599899E-03	-8.987506E-04	-8.520887E-04	
181440	-0.905336	-1.012574	-10.831687	1.092681E-03	-1.249824E-03	8.897783E-04	
181600	-0.969128	-0.978786	-10.784838	1.040668E-04	-2.040982E-04	2.911902E-04	
181760	-0.883426	-0.914392	-10.771325	-1.810746E-03	1.314689E-03	-2.448381E-04	
181920	-0.914719	-0.966679	-10.841084	-1.867095E-03	6.973591E-04	-7.677932E-04	
182080	-0.924787	-0.981897	-10.845666	1.097178E-04	-2.158093E-03	-2.588493E-03	
182240	-0.967616	-0.978493	-10.792184	-6.418690E-04	-2.626334E-04	4.616137E-04	
182400	-0.973436	-0.954108	-10.858752	-3.551174E-04	-2.460759E-04	-5.753888E-04	
182560	-1.012585	-0.977237	-10.778145	-7.450489E-04	-1.018704E-03	1.451840E-03	
182720	-0.937985	-0.932548	-10.827133	1.984790E-03	-5.115586E-04	3.751689E-04	
182880	-0.989230	-0.959963	-10.743307	2.428467E-03	3.501888E-04	7.412513E-04	
183040	-0.931213	-0.932756	-10.762936	-1.375620E-03	1.058205E-04	5.784559E-05	
183200	-1.002381	-0.938168	-10.840884	-2.017498E-03	-8.380764E-04	3.847325E-04	
183360	-1.020854	-0.841554	-10.742721	-6.302271E-04	-8.460164E-04	4.359993E-04	
183520	-1.039816	-0.869062	-10.729049	-1.279479E-04	5.447749E-04	1.565012E-03	
183680	-0.978214	-0.901162	-10.752330	1.122722E-03	1.428854E-03	4.176176E-04	
183840	-1.034615	-0.834824	-10.717999	1.245099E-04	3.186059E-04	1.292625E-05	
184000	-0.954143	-0.878167	-10.781702	1.833377E-03	-3.474531E-04	9.888867E-04	
184160	-1.017747	-0.847450	-10.674667	-1.029805E-05	7.884762E-04	1.053449E-03	
184320	-1.092418	-0.815157	-10.727305	-5.247369E-04	-1.615853E-04	9.209748E-04	
184480	-0.955169	-0.706010	-10.706512	1.713741E-06	-2.840496E-04	-2.216280E-03	
184640	-1.004302	-0.761964	-10.645632	-8.842158E-04	6.771902E-04	-1.727320E-04	
184800	-0.975046	-0.800658	-10.648756	-4.938572E-04	3.758626E-04	-6.311636E-04	
184960	-1.001834	-0.726070	-10.613795	1.306494E-03	-3.076125E-04	1.294713E-03	
185120	-0.914533	-0.723908	-10.581102	1.034053E-03	1.832234E-03	-3.964332E-04	
185280	-0.934403	-0.704969	-10.604865	-3.956071E-04	-1.742675E-04	5.209458E-04	
185440	-1.010232	-0.648506	-10.518783	-4.085910E-04	1.173376E-04	-1.879868E-04	
185600	-1.018890	-0.608237	-10.520075	-5.917001E-04	-3.225575E-04	9.038558E-04	
185760	-0.922786	-0.645574	-10.528378	-4.540173E-04	-8.941881E-04	-1.121842E-03	
185920	-0.884849	-0.704780	-10.474567	-2.162913E-03	1.997034E-04	-3.105828E-04	
186080	-0.956266	-0.508413	-10.524201	-1.133804E-04	9.526237E-04	-1.536655E-03	
186240	-0.934799	-0.510348	-10.533227	-3.558967E-04	-1.918120E-03	1.141174E-03	
186400	-0.876265	-0.449670	-10.428802	5.346923E-05	-6.650900E-04	-2.733654E-04	
186560	-0.824270	-0.481972	-10.437923	-1.491916E-03	6.021080E-04	3.103906E-04	
186720	-0.909671	-0.462861	-10.393058	-3.523970E-04	-3.129465E-04	-7.071859E-04	
186880	-0.891348	-0.388789	-10.337975	-1.041464E-03	-3.592897E-04	-4.267907E-04	
187040	-0.853430	-0.315643	-10.271395	1.557421E-03	-3.638506E-04	-1.342137E-03	
187200	-0.787935	-0.399573	-10.282303	3.615529E-05	1.628421E-03	2.069109E-04	
187360	-0.804004	-0.356647	-10.355669	2.014134E-03	6.841304E-04	1.173908E-03	
187520	-0.796624	-0.290060	-10.252399	2.007931E-04	-1.035473E-03	1.443291E-03	
187680	-0.790919	-0.186531	-10.272879	3.772671E-04	-1.889762E-04	-8.984661E-04	
187840	-0.784489	-0.293780	-10.231526	-1.561332E-04	-2.294506E-04	7.871868E-04	
188000	-0.718963	-0.237754	-10.128216	6.658797E-04	2.178918E-03	7.627125E-04	
188160	-0.615211	-0.156549	-10.065700	1.289352E-03	2.453170E-04	-5.144647E-04	
188320	-0.735799	-0.116202	-10.126612	-1.350311E-03	-8.784107E-04	7.576657E-04	
188480	-0.609777	-0.119929	-10.033268	-2.445541E-04	-1.298222E-03	-5.025973E-04	
188640	-0.521562	-0.082733	-9.965577	-1.996303E-03	2.708733E-04	1.526766E-03	
188800	-0.579942	0.009179	-10.058213	8.187722E-04	-9.173417E-05	1.855308E-03	
188960	-0.517818	0.051383	-9.897286	2.024425E-03	-1.446488E-03	-7.054332E-04	
189120	-0.502267	-0.007185	-9.974833	-8.339473E-04	7.898056E-04	-9.607829E-04	
189280	-0.517727	0.047981	-9.951401	-8.102760E-04	1.256997E-03	-1.043814E-03	
189440	-0.487918	0.015780	-9.865420	1.977199E-03	1.203731E-03	-8.083940E-05	
189600	-0.405310	0.166928	-9.896054	-3.596499E-04	-6.670184E-04	2.459688E-04	
189760	-0.416081	0.105629	-9.870600	-5.323803E-04	-5.962677E-04	-3.403757E-04	
189920	-0.430691	0.171090	-9.724216	-3.091644E-04	2.830093E-04	1.132173E-03	
190080	-0.297105	0.153074	-9.754304	-1.201776E-03	1.040109E-03	3.214304E-04	
190240	-0.366433	0.263908	-9.804656	-2.665810E-05	9.584118E-04	-3.803121E-04	
190400	-0.343383	0.246855	-9.670518	1.951333E-04	-1.129202E-04	-5.949208E-05	
190560	-0.314520	0.311281	-9.635813	-8.444505E-05	-1.904907E-04	1.074935E-03	
190720	-0.189106	0.321308	-9.641407	1.465842E-03	6.334136E-04	7.343916E-04	
190880	-0.208497	0.331525	-9.564140	2.747687E-04	-3.850417E-04	2.585008E-04	
191040	-0.204534	0.369799	-9.480660	-4.980551E-05	9.107774E-04	-7.744836E-04	
191200	-0.178797	0.492008	-9.517555	-1.853192E-03	-7.663226E-05	-2.516019E-04	
191360	-0.153477	0.408008	-9.525181	-2.797796E-04	7.265243E-04	-5.716331E-04	
191520	-0.093159	0.406364	-9.428196	-2.235443E-04	3.149302E-05	-4.404064E-05	
191680	-0.051612	0.530671	-9.424607	-5.882155E-04	1.021674E-05	2.154753E-04	
191840	-0.045856	0.552903	-9.398860	-1.052331E-03	-2.918314E-04	1.976030E-03	
192000	-0.025817	0.482881	-9.391536	6.799416E-04	7.705000E-04	-1.620951E-03	