0	0.054902	0.579937	-9.293448	5.256348E-05	1.276412E-04	-1.344700E-05	
160	0.019441	0.527654	-9.292248	-1.169193E-05	8.959312E-05	-2.027250E-04	
320	0.084164	0.658655	-9.334828	-5.673351E-06	-5.761995E-05	1.894362E-04	
480	0.087445	0.654448	-9.369890	-6.747273E-05	2.638418E-05	-2.458347E-05	
640	0.083865	0.644393	-9.322633	-3.162130E-05	1.528260E-04	2.449369E-05	
800	0.180059	0.726706	-9.266487	-1.066912E-04	1.666101E-04	-1.532895E-04	
960	0.189196	0.718271	-9.209648	1.516416E-05	-1.095734E-04	1.748939E-05	
1120	0.137754	0.688960	-9.222783	-3.710664E-05	-4.483631E-05	-4.833344E-06	
1280	0.284105	0.697888	-9.167253	-2.102144E-05	1.337933E-04	-3.800025E-05	
1440	0.218292	0.776887	-9.137222	-1.116973E-04	-6.457271E-05	-9.707812E-05	
1600	0.338944	0.744995	-9.068344	-6.649368E-05	-2.319325E-05	-1.495355E-07	
1760	0.370803	0.763920	-9.098652	2.902019E-04	4.914725E-05	-4.486937E-05	
1920	0.419880	0.795684	-9.081190	2.064371E-04	-6.671622E-05	-1.480914E-04	
2080	0.379257	0.781048	-9.078015	3.043308E-05	4.586423E-05	1.037460E-04	
2240	0.399196	0.846470	-9.004418	2.546282E-05	-4.745752E-05	5.481484E-06	
2400	0.430062	0.769483	-9.067574	6.992327E-05	1.590166E-04	1.677022E-06	
2560	0.524884	0.780601	-9.029406	-3.942294E-05	5.179118E-05	-7.375027E-06	
2720	0.530533	0.929744	-8.923205	-1.836513E-04	-1.013474E-04	-3.656954E-05	
2880	0.513689	0.881779	-8.997917	7.054668E-05	9.003104E-05	3.485420E-05	
3040	0.564092	0.943110	-8.952386	9.158357E-05	1.253082E-05	-3.130787E-05	
3200	0.654027	0.864530	-9.042244	2.709594E-04	-9.433098E-05	2.125242E-05	
3360	0.606964	0.924415	-9.000879	4.264028E-05	6.799423E-05	1.727960E-05	
3520	0.551561	0.939303	-8.909645	-2.744609E-05	8.997823E-05	6.425746E-05	
3680	0.609947	0.918712	-8.869773	-2.574612E-05	-2.639498E-04	-2.118143E-05	
3840	0.716809	0.968914	-8.873153	2.627767E-05	-2.033767E-04	1.000636E-04	
4000	0.717957	0.944426	-8.871009	2.383070E-06	6.059661E-05	5.756864E-06	
4160	0.723329	0.967609	-8.824969	-3.345932E-05	3.071656E-06	1.446057E-04	
4320	0.621612	1.038519	-8.872427	1.570502E-04	-3.006779E-05	1.373288E-04	
4480	0.816435	0.984798	-8.877282	-5.250411E-05	5.168608E-06	-1.271359E-04	
4640	0.863469	0.906376	-8.859556	6.101687E-05	6.905039E-05	6.255677E-05	
4800	0.771665	0.966005	-8.830162	1.473127E-04	-1.242005E-04	6.535946E-05	
4960	0.878411	0.943029	-8.817517	9.178854E-05	-3.096777E-04	1.012765E-04	
5120	0.847441	1.000817	-8.815715	1.421138E-05	-1.884881E-04	1.640632E-04	
5280	0.890024	0.984033	-8.796192	-1.135391E-04	-1.600922E-05	1.497996E-04	
5440	0.839595	1.017716	-8.796504	9.002767E-05	-2.391492E-05	-1.630564E-05	
5600	0.874166	1.027937	-8.779371	1.236385E-04	7.106123E-05	-2.202702E-04	
5760	0.890054	1.044182	-8.761429	1.666515E-04	2.308241E-05	-1.719342E-04	
5920	0.903780	1.001924	-8.822128	-1.139694E-04	1.271002E-04	-8.591734E-05	
6080	0.938702	0.942191	-8.827512	7.408688E-05	5.299845E-05	5.461695E-06	
6240	0.938294	0.991154	-8.875490	-1.697857E-05	7.169762E-05	6.335101E-05	
6400	0.986726	0.922618	-8.801474	-8.417329E-05	-4.600458E-06	-3.230094E-05	
6560	0.965318	0.927071	-8.853742	-2.542380E-05	2.174978E-04	1.462493E-04	
6720	0.908951	0.955399	-8.886455	4.415387E-05	-6.169122E-05	-3.812074E-06	
6880	1.021096	0.955673	-8.892644	1.758752E-04	1.511181E-04	1.664015E-04	
7040	0.996493	0.950698	-8.850137	-1.428271E-04	-3.641522E-05	-4.830279E-07	
7200	1.026221	0.939685	-8.884432	-7.248487E-05	-1.170499E-04	1.128791E-05	
7360	0.929815	0.957145	-8.912764	9.423808E-05	2.266016E-04	7.660043E-05	
7520	1.004433	0.869679	-8.878914	-7.808744E-05	5.801636E-06	1.833045E-04	
7680	0.946475	0.893620	-8.886859	5.071045E-05	1.427191E-04	-7.233209E-05	
7840	1.048326	0.903711	-8.858511	-1.078417E-04	-3.166542E-05	-1.443784E-05	
8000	1.019700	0.831876	-8.864377	2.247794E-05	-1.331164E-04	8.718351E-06	
8160	0.976604	0.914973	-8.907170	2.493093E-05	-1.456051E-04	4.950006E-05	
8320	0.967602	0.873287	-8.926864	-7.955917E-05	-8.064872E-05	1.784422E-04	
8480	1.003403	0.772735	-8.910534	1.111112E-04	1.566709E-04	-4.031024E-05	
8640	0.994055	0.840550	-8.955518	-1.424570E-04	-8.407650E-05	-9.853030E-06	
8800	1.016201	0.757287	-8.997690	-1.229822E-04	-5.597207E-05	6.819209E-05	
8960	1.017951	0.736398	-8.954295	-1.158651E-05	6.848799E-05	2.952998E-05	
9120	1.063887	0.759549	-9.030239	-1.732753E-04	-2.180644E-04	4.958479E-05	
9280	1.035587	0.649395	-9.007397	-8.158932E-05	1.363945E-04	6.654742E-05	
9440	0.988927	0.668858	-9.013357	2.566491E-05	-1.434934E-04	1.338902E-04	
9600	0.938545	0.674296	-8.989258	3.399114E-05	1.817996E-05	1.652944E-04	
9760	0.882077	0.640175	-9.086648	-6.487048E-05	7.281160E-05	-6.731767E-05	
9920	0.892122	0.613825	-9.107065	-2.630495E-05	-8.777472E-05	-2.675399E-05	
10080	0.869909	0.545155	-9.187875	7.784772E-05	1.437284E-04	-1.478700E-04	
10240	0.934653	0.572629	-9.201904	1.549946E-04	-7.132608E-05	1.945012E-04	
10400	0.952548	0.578372	-9.232780	-4.484051E-05	2.514468E-05	5.082337E-05	
10560	0.846137	0.467145	-9.162972	9.920600E-05	1.748362E-04	-7.472625E-05	
10720	0.874521	0.462722	-9.237798	-6.244796E-05	-7.317082E-05	-1.339823E-04	
10880	0.851606	0.399876	-9.254918	1.180748E-04	-2.996103E-05	7.235564E-05	
11040	0.871394	0.463669	-9.287303	6.831763E-05	2.701163E-05	-7.148320E-05	
11200	0.802870	0.331240	-9.376843	-1.967826E-04	4.936719E-05	1.960611E-04	
11360	0.800142	0.310588	-9.363648	-1.323688E-04	8.707504E-06	-7.256377E-05	
11520	0.809722	0.282455	-9.346330	1.682045E-04	-1.051374E-05	3.173796E-06	
11680	0.728847	0.327370	-9.384608	-1.175949E-04	-4.799050E-05	-2.212060E-05	
11840	0.720619	0.292123	-9.432751	1.456205E-04	-1.651821E-04	6.835931E-05	
12000	0.725684	0.170972	-9.484695	1.226944E-04	-8.351087E-05	7.675933E-06	
12160	0.706012	0.161971	-9.491930	2.599779E-05	-6.050326E-05	1.055960E-05	
12320	0.675752	0.087181	-9.544869	-1.698360E-04	-5.883046E-06	8.280712E-05	
12480	0.599365	0.150874	-9.533734	-8.125866E-05	6.531992E-05	-7.535014E-05	
12640	0.621978	0.091026	-9.605273	6.106013E-05	-4.484330E-05	-2.616563E-05	
12800	0.571985	0.009388	-9.574026	9.982494E-05	4.374010E-05	3.259085E-05	
12960	0.577669	0.026078	-9.661000	-1.847809E-04	2.033558E-04	1.160305E-04	
13120	0.523587	0.047489	-9.688078	-1.570048E-04	1.722356E-04	1.038421E-04	
13280	0.505034	-0.013380	-9.734695	1.973243E-04	6.389944E-06	8.882640E-05	
13440	0.438352	-0.090834	-9.710846	-8.430361E-06	-1.076941E-04	-1.170806E-04	
13600	0.530260	-0.039682	-9.759422	3.453005E-05	5.392402E-06	-7.537428E-06	
13760	0.361612	-0.102972	-9.844488	1.087863E-04	-2.034396E-05	-6.637116E-05	
13920	0.374254	-0.115248	-9.906225	1.332222E-04	-9.064979E-05	-3.107435E-05	
14080	0.405533	-0.142286	-9.812262	-9.061603E-06	-7.659132E-05	5.223690E-05	
14240	0.384508	-0.172205	-9.882876	4.657161E-05	4.381999E-06	2.037309E-04	
14400	0.383350	-0.262794	-9.915201	-1.338012E-06	1.857906E-04	6.076783E-06	
14560	0.287463	-0.250099	-10.005903	-6.564932E-06	1.227210E-04	1.133680E-04	
14720	0.244867	-0.318578	-10.002146	-5.691763E-05	-6.820369E-06	2.705710E-05	
14880	0.211266	-0.368752	-10.106685	-7.453298E-05	9.118485E-05	-7.501021E-05	
15040	0.142173	-0.366980	-10.062049	5.648799E-05	-9.167433E-06	-1.942656E-05	
15200	0.112541	-0.396316	-10.089502	-7.965800E-05	2.683476E-05	9.092967E-05	
15360	0.156244	-0.509522	-10.128987	4.599626E-05	-4.701275E-06	-7.075892E-05	
15520	0.208849	-0.460978	-10.203379	2.882269E-05	-5.600042E-05	1.618092E-04	
15680	0.071873	-0.465793	-10.161199	1.425490E-04	5.798193E-05	1.258190E-04	
15840	0.100424	-0.448488	-10.210462	-9.086328E-07	-3.923325E-05	-3.311385E-06	
16000	-0.088068	-0.588469	-10.232941	-1.830715E-04	-1.117761E-04	8.667962E-05	
16160	-0.011304	-0.558557	-10.313948	-7.679872E-05	-6.265483E-05	-7.749573E-05	
16320	-0.085646	-0.645930	-10.265530	1.117791E-05	-1.864124E-04	5.540637E-05	
16480	-0.018165	-0.580182	-10.294099	3.446092E-06	-2.181619E-04	-1.366133E-04	
16640	-0.039313	-0.542483	-10.321352	5.395667E-05	1.808205E-05	8.452822E-05	
16800	-0.196750	-0.679464	-10.381843	5.296823E-05	4.940755E-05	1.981668E-04	
16960	-0.155271	-0.690760	-10.399744	-1.022827E-04	-1.207609E-04	-3.968142E-05	
17120	-0.162118	-0.753128	-10.388251	1.106453E-04	6.181118E-05	-9.030415E-05	
17280	-0.191318	-0.689046	-10.499485	-9.492937E-05	1.306163E-04	-1.209602E-04	
17440	-0.291240	-0.723366	-10.481176	1.351839E-04	-6.372940E-05	1.547508E-04	
17600	-0.304483	-0.706959	-10.526557	-1.062519E-05	8.776762E-05	9.280815E-05	
17760	-0.371377	-0.768429	-10.608487	-7.153538E-05	3.432370E-05	-5.510755E-05	
17920	-0.365768	-0.837172	-10.520005	-1.048259E-05	-7.170750E-05	-1.822931E-04	
18080	-0.458946	-0.801775	-10.564049	-1.519821E-04	-8.482534E-05	3.842721E-06	
18240	-0.344878	-0.848440	-10.604848	3.126710E-05	-2.547291E-05	6.607401E-05	
18400	-0.441970	-0.842664	-10.606057	-3.127782E-05	-1.019634E-05	1.901430E-04	
18560	-0.395952	-0.939537	-10.558858	1.115029E-04	-5.284267E-05	-4.884026E-05	
18720	-0.584878	-0.882878	-10.607659	-1.044443E-04	-1.554981E-04	-1.850826E-04	
18880	-0.491932	-0.878667	-10.687844	5.053884E-05	1.233708E-04	1.024644E-04	
19040	-0.643668	-0.877452	-10.682576	2.970514E-05	-3.397859E-05	-1.752526E-04	
19200	-0.537476	-0.962212	-10.695197	4.071949E-05	1.276422E-04	1.183472E-05	
19360	-0.590852	-0.944256	-10.703500	1.072711E-05	-1.637255E-04	3.061464E-04	
19520	-0.636993	-0.941189	-10.684300	9.765075E-05	-2.189407E-05	2.889633E-06	
19680	-0.719551	-0.947776	-10.731955	-1.434982E-04	9.776682E-05	1.114459E-04	
19840	-0.685494	-1.001957	-10.722666	2.193923E-05	3.492545E-05	-4.546924E-05	
20000	-0.676491	-1.066343	-10.780944	8.512028E-06	-8.960821E-06	1.795026E-05	
20160	-0.785963	-1.050683	-10.727263	-9.407280E-07	-9.126096E-07	7.206186E-05	
20320	-0.720378	-0.981617	-10.733067	9.718171E-06	-1.523752E-04	1.486985E-04	
20480	-0.673968	-1.030905	-10.775961	6.243349E-06	6.412805E-05	-7.830090E-05	
20640	-0.801900	-1.011549	-10.768245	-2.404339E-05	-1.454946E-04	6.945522E-05	
20800	-0.842028	-0.972463	-10.767949	-1.303402E-05	6.351467E-05	-9.232915E-06	
20960	-0.871247	-0.960600	-10.806420	4.637886E-05	1.633870E-04	1.305187E-04	
21120	-0.840443	-1.013384	-10.813093	-7.352350E-05	3.794303E-05	2.509086E-06	
21280	-0.900197	-0.989470	-10.764662	-2.856784E-05	-4.639236E-05	-3.130391E-05	
21440	-0.910614	-0.960809	-10.793552	4.640131E-05	8.219864E-05	-1.340573E-04	
21600	-0.872809	-0.975170	-10.821761	-4.645925E-05	5.360242E-05	-4.387074E-05	
21760	-0.944772	-1.005956	-10.836067	2.071499E-05	-4.772521E-07	2.102742E-05	
21920	-1.004493	-1.094078	-10.787594	-4.426504E-05	-5.105923E-05	6.073851E-05	
22080	-0.927224	-0.978349	-10.865095	4.697354E-05	6.544707E-05	4.018359E-05	
22240	-0.955729	-1.006687	-10.888174	-4.670943E-05	-1.774518E-04	-7.732936E-06	
22400	-0.999637	-0.963545	-10.730700	-2.931284E-05	-2.353365E-05	-4.723566E-05	
22560	-0.963114	-0.924404	-10.797284	-1.571300E-04	-4.739829E-05	-1.032546E-04	
22720	-1.061086	-0.987104	-10.716210	-1.000963E-04	3.719287E-06	6.111124E-06	
22880	-0.939897	-0.909073	-10.716479	2.908466E-04	-9.485963E-05	-2.393215E-05	
23040	-1.017923	-0.874747	-10.798564	4.801485E-05	-7.660024E-05	-2.736289E-05	
23200	-1.005454	-0.934656	-10.797936	6.425782E-05	-4.684666E-05	-4.049756E-05	
23360	-0.981116	-0.919560	-10.776392	-2.666955E-05	8.346385E-05	1.055641E-04	
23520	-0.971300	-0.941275	-10.751214	-6.622074E-05	-5.756888E-05	1.790099E-05	
23680	-0.921111	-0.853997	-10.796756	1.230917E-04	-1.086759E-04	-8.724527E-05	
23840	-1.015527	-0.826390	-10.740773	-4.297598E-06	-1.620046E-04	-8.340342E-05	
24000	-1.042914	-0.855542	-10.761973	-5.635062E-05	-7.037215E-06	-1.389460E-04	
24160	-0.980414	-0.778263	-10.743811	-1.475846E-04	1.217685E-04	-4.042143E-05	
24320	-0.952418	-0.921655	-10.661003	2.017886E-04	1.470045E-04	4.211354E-06	
24480	-1.004648	-0.764090	-10.608051	6.537354E-05	-1.919392E-04	7.595832E-05	
24640	-0.943453	-0.713595	-10.633738	-4.321486E-05	-6.578957E-05	-1.509423E-04	
24800	-0.946727	-0.801398	-10.623334	-4.807520E-05	4.439196E-05	-4.296342E-05	
24960	-1.027369	-0.710561	-10.628732	-3.672658E-05	-6.104373E-05	-9.374122E-05	
25120	-0.955789	-0.706760	-10.648935	-1.406786E-04	-2.249339E-05	1.126425E-04	
25280	-0.973535	-0.733068	-10.604090	1.034623E-04	4.174812E-05	1.649473E-04	
25440	-0.962860	-0.652963	-10.591037	2.375306E-04	-2.122365E-04	-7.350857E-05	
25600	-0.878506	-0.684411	-10.605111	8.919666E-05	1.580657E-04	1.166234E-04	
25760	-0.871903	-0.612947	-10.527967	3.544528E-07	8.499032E-05	-1.943058E-04	
25920	-0.957862	-0.603218	-10.412538	2.258118E-05	9.393904E-05	-3.464378E-05	
26080	-0.892259	-0.545626	-10.481846	1.132243E-05	-1.409048E-04	-4.931363E-05	
26240	-0.945281	-0.480319	-10.462040	-7.631218E-05	8.559158E-05	8.054365E-05	
26400	-0.865690	-0.483010	-10.385495	-1.141511E-04	7.025729E-05	-5.142703E-05	
26560	-0.888969	-0.470497	-10.410566	-8.543022E-06	-5.137827E-05	-1.211265E-04	
26720	-0.872944	-0.449077	-10.388652	1.687129E-05	-1.313201E-04	1.419538E-04	
26880	-0.783209	-0.406066	-10.314847	-9.304288E-05	1.139662E-04	-2.686841E-04	
27040	-0.812409	-0.414801	-10.354521	-4.959259E-05	1.102298E-04	-8.780205E-05	
27200	-0.871434	-0.312586	-10.267488	-6.594388E-05	3.140729E-06	1.324389E-04	
27360	-0.754062	-0.302814	-10.200233	1.532465E-04	-2.088873E-04	-1.554829E-05	
27520	-0.823379	-0.256234	-10.296069	4.358157E-05	-6.369566E-05	2.028766E-05	
27680	-0.784935	-0.303144	-10.174936	2.478905E-05	4.381426E-05	2.647756E-05	
27840	-0.734241	-0.196038	-10.211171	9.681237E-05	-1.308976E-04	1.272978E-05	
28000	-0.629962	-0.234290	-10.193750	-1.346591E-05	-5.964583E-05	5.848813E-05	
28160	-0.664629	-0.147500	-10.080765	6.699331E-05	-1.284868E-04	8.385090E-05	
28320	-0.662698	-0.192290	-10.178350	7.777028E-05	5.186447E-05	6.830781E-05	
28480	-0.643406	-0.104973	-10.007419	-6.865634E-05	1.588722E-04	3.083786E-04	
28640	-0.614347	-0.099068	-10.027559	9.638195E-05	-1.734917E-04	-2.582885E-04	
28800	-0.602268	-0.039066	-9.994784	6.222711E-05	3.359407E-05	-4.564370E-05	
28960	-0.576781	-0.103478	-9.967268	1.067249E-04	7.950279E-05	9.001891E-06	
29120	-0.512278	-0.032710	-9.960557	-1.061203E-04	-1.480212E-04	2.000916E-05	
29280	-0.556175	0.037174	-9.942865	1.195534E-04	-5.770159E-05	3.505263E-05	
29440	-0.388491	0.071358	-9.840016	8.333864E-08	-8.445404E-05	4.385545E-05	
29600	-0.477250	0.060854	-9.858091	1.376582E-04	1.015253E-04	8.495982E-06	
29760	-0.395506	0.089276	-9.805118	1.428851E-04	-1.983412E-04	4.031665E-05	
29920	-0.421216	0.127859	-9.737050	9.886661E-06	-6.445518E-05	2.927364E-06	
30080	-0.398921	0.163961	-9.741100	6.205119E-05	2.968115E-05	2.526073E-04	
30240	-0.324515	0.198556	-9.707917	-1.849911E-05	-3.706262E-05	2.247246E-05	
30400	-0.350208	0.233170	-9.707044	6.528446E-05	2.802871E-05	-7.047095E-05	
30560	-0.287974	0.274262	-9.691380	9.250140E-05	1.618031E-05	-4.072324E-05	
30720	-0.263110	0.295659	-9.673634	4.319379E-05	-1.164611E-04	9.937641E-05	
30880	-0.262022	0.242612	-9.602124	-1.177122E-04	-8.405587E-05	-7.803691E-05	
31040	-0.233230	0.370998	-9.556119	-7.738995E-05	-2.155546E-05	1.352259E-05	
31200	-0.099637	0.408102	-9.561221	-2.020505E-04	-1.372494E-04	-1.466921E-04	
31360	-0.132053	0.311855	-9.517283	2.444447E-04	-7.355834E-05	6.778969E-05	
31520	-0.084906	0.404097	-9.477002	-5.364294E-05	1.394483E-04	-1.315518E-04	
31680	-0.087411	0.547082	-9.468384	-7.768964E-05	-1.910618E-04	1.745294E-05	
31840	0.002270	0.490372	-9.477290	1.568160E-06	6.173071E-05	-2.578974E-04	
32000	-0.009071	0.577073	-9.328746	-8.365891E-05	-1.971788E-05	1.514920E-04	
32160	0.104567	0.607132	-9.319965	1.387970E-04	-2.089539E-05	1.509953E-05	
32320	0.018921	0.617859	-9.397157	1.783874E-04	-6.472430E-05	-4.299716E-05	
32480	0.106701	0.609951	-9.275343	2.861408E-05	-4.774935E-06	-1.056281E-04	
32640	0.071505	0.649280	-9.229778	-2.727380E-05	5.819129E-05	-1.281248E-04	
32800	0.189149	0.758603	-9.264680	1.966958E-04	1.493814E-04	2.213445E-04	
32960	0.187247	0.690404	-9.240836	-1.108522E-04	-4.323510E-05	1.412884E-04	
33120	0.242522	0.698823	-9.154867	3.967026E-05	-3.949563E-05	-8.728813E-05	
33280	0.207567	0.662914	-9.162060	-1.254566E-04	-1.973670E-06	-1.098550E-04	
33440	0.271152	0.820322	-9.135730	8.685129E-05	6.962958E-05	-8.119422E-06	
33600	0.269199	0.812603	-9.079673	-3.819220E-05	1.585309E-04	-7.861438E-05	
33760	0.343561	0.870632	-9.095576	-1.351945E-05	-9.633398E-05	-2.144911E-04	
33920	0.394393	0.703260	-9.125961	-1.147405E-04	-1.699631E-05	-2.109911E-04	
34080	0.372789	0.796443	-9.091451	1.310619E-05	1.662473E-04	-1.220787E-04	
34240	0.469119	0.880944	-9.020708	-4.453727E-05	-8.108549E-05	-3.235573E-05	
34400	0.434017	0.820170	-9.040694	-1.780595E-04	-7.732687E-05	-8.039370E-05	
34560	0.489058	0.832178	-9.052963	-8.404370E-05	-7.661482E-05	2.035248E-05	
34720	0.553296	0.953162	-9.015832	1.047297E-04	7.812777E-05	-9.821014E-05	
34880	0.581214	0.866889	-8.971809	6.081599E-05	3.516617E-05	2.208785E-04	
35040	0.574880	0.974421	-8.999077	-1.228349E-04	1.290998E-05	-7.067071E-05	
35200	0.511726	0.962975	-8.974093	-6.342010E-05	1.280717E-05	-5.637360E-05	
35360	0.597834	0.972594	-8.970236	-4.365754E-05	8.748132E-05	6.753406E-05	
35520	0.651187	0.922081	-8.923000	-1.541749E-04	-1.985995E-06	-5.513625E-05	
35680	0.667252	0.988102	-8.950288	-5.526844E-05	-2.920680E-05	1.545424E-04	
35840	0.660051	0.978606	-8.929771	7.500330E-05	1.705408E-04	-1.220876E-04	
36000	0.758733	0.981139	-8.850997	9.043837E-06	2.091160E-05	5.957547E-05	
36160	0.713623	0.997734	-8.941224	-1.480507E-05	-1.081120E-05	-2.716483E-05	
36320	0.709259	1.039875	-8.873200	5.645455E-05	1.752826E-04	-1.365055E-04	
36480	0.741098	1.007931	-8.794931	9.619870E-05	9.881492E-05	8.055633E-05	
36640	0.805975	0.980203	-8.856850	-8.534825E-05	-2.637213E-05	2.147847E-05	
36800	0.856029	0.974313	-8.846003	-7.644106E-05	-3.146106E-05	-4.155293E-05	
36960	0.830124	1.038006	-8.824928	-3.431206E-05	-7.725237E-05	-1.897769E-04	
37120	0.854376	0.985398	-8.824971	9.549051E-05	3.012240E-05	-1.858300E-04	
37280	0.887415	0.953822	-8.796864	-7.406712E-06	-1.437041E-04	1.524121E-04	
37440	0.834530	1.051321	-8.783636	-4.947169E-05	1.374213E-04	-8.309406E-05	
37600	0.895878	0.952714	-8.800711	-5.629577E-05	1.481564E-05	4.628674E-05	
37760	0.932260	1.061952	-8.795108	-4.360826E-05	-3.412391E-05	1.026305E-05	
37920	0.946878	0.948995	-8.828998	1.350641E-06	2.337408E-05	-7.147995E-05	
38080	0.985210	0.953792	-8.764121	2.187306E-05	-6.500327E-05	-5.289439E-05	
38240	0.934214	0.959234	-8.712715	5.088338E-05	2.117182E-04	1.032749E-04	
38400	0.927959	0.973866	-8.822033	8.023423E-05	-1.569995E-05	3.322102E-05	
38560	0.957376	0.943424	-8.880754	-1.901158E-05	-5.210606E-05	1.917250E-04	
38720	0.909265	1.001545	-8.851482	4.459524E-05	7.097270E-05	2.317496E-04	
38880	1.044713	0.935286	-8.860804	-1.187850E-04	-9.087439E-05	2.502697E-04	
39040	0.961014	0.956178	-8.817301	1.006564E-04	-1.192262E-04	4.755905E-08	
39200	0.991641	0.858705	-8.843068	5.942531E-05	-5.801940E-05	1.137356E-04	
39360	0.953166	0.888052	-8.834291	-7.728656E-05	9.048129E-05	-6.657214E-06	
39520	0.968836	0.842023	-8.932869	4.255437E-05	1.284209E-04	1.290089E-05	
39680	0.993616	0.896849	-8.939057	-9.272120E-05	1.289493E-06	-2.543271E-04	
39840	0.948691	0.911621	-8.913426	9.482855E-05	-1.863847E-04	-6.008575E-05	
40000	1.043754	0.803626	-8.939334	-1.665959E-04	1.212816E-04	-1.123168E-04	
40160	0.976057	0.839906	-8.924171	7.523065E-05	-8.041531E-05	-4.711169E-05	
40320	1.003176	0.816870	-8.916054	1.267081E-04	-1.541247E-04	1.375759E-04	
40480	0.987548	0.815822	-8.937351	5.778339E-06	3.447005E-05	7.390828E-05	
40640	0.963767	0.821284	-9.003663	2.921064E-04	-2.287984E-05	3.112371E-04	
40800	1.088055	0.777727	-8.932534	-1.047730E-04	4.120200E-05	-2.061941E-05	
40960	0.963452	0.716265	-9.003004	3.049720E-05	-1.386421E-05	-8.850319E-05	
41120	0.946901	0.766938	-9.032691	-1.666865E-05	1.950099E-04	9.014447E-06	
41280	0.913407	0.654581	-9.094130	-5.675868E-05	7.129025E-05	3.468027E-05	
41440	0.962393	0.682134	-8.958304	1.675107E-04	-4.825803E-06	5.421457E-05	
41600	0.909792	0.675019	-9.102221	-1.419813E-04	-5.786303E-05	-1.037584E-04	
41760	0.980663	0.601716	-9.036965	4.670356E-05	-4.436256E-05	-8.529728E-05	
41920	0.960608	0.588881	-9.111711	-2.107439E-05	9.905367E-05	-1.647562E-04	
42080	0.871680	0.515197	-9.190975	5.849149E-05	1.775169E-04	5.197665E-05	
42240	0.929899	0.481968	-9.171407	1.178645E-05	-2.498024E-05	1.472427E-04	
42400	0.843280	0.435273	-9.206277	2.957983E-05	-7.123985E-05	-4.127468E-05	
42560	0.931533	0.460018	-9.312300	2.156264E-04	-7.359118E-05	1.126912E-04	
42720	0.783060	0.481734	-9.210446	-5.649352E-05	-2.260285E-04	-1.150910E-05	
42880	0.846252	0.404838	-9.278000	-6.973732E-05	8.961774E-06	9.451323E-05	
43040	0.849282	0.370674	-9.247356	-1.632360E-05	5.296541E-05	7.536640E-05	
43200	0.820029	0.431705	-9.378980	5.035546E-05	2.857749E-06	-1.586494E-04	
43360	0.778303	0.342321	-9.345813	-3.990320E-05	1.757322E-04	-2.158935E-05	
43520	0.808127	0.281969	-9.378415	7.279188E-06	4.209788E-05	5.356136E-05	
43680	0.722857	0.313699	-9.374407	3.179516E-05	-9.442469E-05	-7.459808E-05	
43840	0.692092	0.255392	-9.405347	-9.798200E-05	-3.426363E-07	1.461775E-04	
44000	0.702031	0.192134	-9.540538	2.122957E-05	1.683860E-05	8.389904E-05	
44160	0.637552	0.143161	-9.458898	1.465775E-04	-1.160194E-04	-1.216089E-04	
44320	0.638845	0.188615	-9.441802	1.476028E-04	-6.577814E-05	-1.806824E-04	
44480	0.640005	0.171185	-9.544997	-5.529238E-05	3.864410E-05	-2.894474E-08	
44640	0.628696	0.117340	-9.603269	-9.142454E-05	-1.218502E-05	-1.838736E-05	
44800	0.503171	0.009066	-9.596017	-2.369450E-04	-1.780826E-05	-3.799357E-05	
44960	0.549700	0.013562	-9.728725	-1.098787E-04	-1.166147E-05	-2.097179E-04	
45120	0.547693	0.029106	-9.696047	-5.782068E-05	-2.060234E-05	5.029731E-06	
45280	0.486275	-0.094214	-9.719288	6.672068E-05	-2.386287E-05	1.948993E-04	
45440	0.537166	-0.089807	-9.749307	-5.802545E-05	-1.170918E-04	-3.682392E-05	
45600	0.503778	-0.064110	-9.739127	4.827341E-05	-4.163180E-05	-7.414337E-05	
45760	0.354604	-0.133417	-9.821273	-4.083531E-05	-4.602843E-05	-5.366330E-05	
45920	0.452914	-0.132065	-9.745309	-4.238223E-05	7.795520E-05	-3.579361E-05	
46080	0.398110	-0.261942	-9.826969	1.354289E-04	2.549076E-05	-8.552473E-05	
46240	0.292902	-0.264586	-9.953970	-2.419731E-05	-5.497059E-05	3.495425E-05	
46400	0.284217	-0.224927	-9.986278	2.553342E-05	1.328987E-04	-1.191088E-04	
46560	0.245252	-0.255196	-9.959680	-2.809680E-05	4.064508E-05	-1.870798E-05	
46720	0.196563	-0.279051	-9.994408	3.396495E-05	-3.631931E-05	1.942066E-05	
46880	0.259486	-0.326763	-10.056027	-4.733981E-05	2.479411E-04	1.204479E-04	
47040	0.243135	-0.397625	-10.064886	-1.351277E-04	1.977159E-04	-5.923332E-05	
47200	0.202611	-0.451137	-10.147008	6.629722E-05	3.111139E-05	-3.282678E-05	
47360	0.155243	-0.421842	-10.074141	1.342154E-04	-8.432445E-05	6.182374E-05	
47520	0.095735	-0.336846	-10.193876	1.256627E-04	-5.911571E-05	1.760473E-04	
47680	-0.004585	-0.448359	-10.132153	8.491139E-05	2.793753E-05	1.156945E-04	
47840	0.047336	-0.511745	-10.189268	3.003007E-05	-1.627270E-04	-1.297890E-04	
48000	0.052459	-0.487548	-10.206064	-1.388311E-06	-8.962218E-05	-2.057849E-04	
48160	-0.011534	-0.563239	-10.263632	-8.667702E-05	2.714383E-05	-1.097305E-04	
48320	-0.063503	-0.514738	-10.315519	2.599645E-04	-8.853921E-05	8.040084E-06	
48480	-0.099118	-0.613311	-10.356212	-1.077090E-04	-8.934093E-05	-1.489263E-04	
48640	-0.056644	-0.629788	-10.299776	1.852243E-05	-1.002205E-04	-1.212075E-04	
48800	-0.170435	-0.656342	-10.369183	1.108301E-04	-3.910009E-05	1.256239E-04	
48960	-0.194417	-0.695634	-10.404790	-4.254568E-05	5.879925E-05	1.019276E-04	
49120	-0.129137	-0.658309	-10.460138	-1.890173E-05	8.496865E-05	7.393523E-06	
49280	-0.205517	-0.735186	-10.463891	3.164778E-05	7.401257E-05	2.207096E-05	
49440	-0.246282	-0.705645	-10.437499	6.299846E-05	8.225016E-05	6.152401E-05	
49600	-0.385468	-0.779347	-10.434882	-4.662187E-05	1.571074E-04	-1.792032E-04	
49760	-0.285484	-0.778787	-10.501162	2.877948E-04	1.119104E-05	2.092820E-04	
49920	-0.381939	-0.740596	-10.520723	-1.360072E-04	1.049338E-04	-1.829342E-06	
50080	-0.385831	-0.873425	-10.432633	5.393919E-05	-8.269149E-05	-1.461586E-05	
50240	-0.396735	-0.875771	-10.547423	-8.594819E-06	1.432477E-04	-3.391574E-05	
50400	-0.446548	-0.848011	-10.489722	-1.613502E-04	-4.498123E-05	1.476811E-04	
50560	-0.456681	-0.900369	-10.616490	2.469379E-05	-3.126077E-05	-1.135490E-04	
50720	-0.506631	-0.846564	-10.658606	3.504254E-05	1.714395E-04	1.654028E-04	
50880	-0.511383	-0.880447	-10.665524	-6.539169E-06	9.381050E-05	-1.860565E-04	
51040	-0.628972	-0.908427	-10.688207	1.547256E-04	-4.798059E-05	2.182339E-04	
51200	-0.588183	-0.983771	-10.679973	-9.941302E-05	-3.428595E-05	-1.527131E-05	
51360	-0.676097	-0.906832	-10.640467	1.132488E-04	-9.683153E-05	-1.134968E-04	
51520	-0.679642	-1.013622	-10.728354	5.946888E-05	-1.213468E-04	-1.615669E-05	
51680	-0.672583	-0.911884	-10.668304	2.297597E-04	9.412850E-05	-7.098841E-05	
51840	-0.767547	-0.928866	-10.818407	1.906129E-04	1.637941E-04	-3.969514E-05	
52000	-0.687136	-1.022077	-10.787919	1.388658E-04	-1.835475E-05	-6.335098E-05	
52160	-0.716104	-0.963772	-10.787619	-1.029525E-04	3.377051E-06	4.466468E-05	
52320	-0.766184	-0.972528	-10.778649	7.109420E-05	-8.040383E-05	1.822384E-05	
52480	-0.815944	-0.998092	-10.735754	6.738712E-05	6.651208E-05	-3.457657E-05	
52640	-0.749051	-1.008383	-10.771296	-4.603752E-05	4.491095E-05	2.233856E-04	
52800	-0.808281	-1.098201	-10.756251	-3.996636E-05	7.405779E-05	-1.796094E-04	
52960	-0.875207	-1.000344	-10.813078	-7.051079E-05	-1.770075E-04	1.516504E-04	
53120	-0.842190	-0.928648	-10.817836	-4.477741E-05	-9.447337E-05	-1.926919E-05	
53280	-0.853647	-0.909542	-10.819293	-1.055941E-04	1.235991E-04	3.514945E-05	
53440	-0.901986	-1.020481	-10.719949	2.022222E-04	2.329105E-05	4.562931E-05	
53600	-0.881197	-0.960350	-10.816024	1.663673E-05	-1.635362E-04	-4.471357E-05	
53760	-0.855785	-0.985858	-10.849611	-9.004652E-05	-2.471170E-04	1.230555E-05	
53920	-0.862528	-1.005932	-10.842257	5.471103E-05	-1.242342E-04	1.189272E-04	
54080	-0.884870	-1.030222	-10.713051	1.570809E-04	7.777067E-05	1.716081E-04	
54240	-0.922354	-0.990858	-10.839051	-1.420187E-05	8.253744E-05	-8.089530E-05	
54400	-0.981296	-0.924010	-10.807761	-1.573956E-05	9.620150E-06	1.879770E-05	
54560	-0.957859	-0.961392	-10.782202	-9.332090E-05	-1.534285E-04	1.508524E-05	
54720	-0.962407	-0.878402	-10.864868	6.229756E-05	-5.398644E-05	1.245262E-05	
54880	-0.960820	-0.929467	-10.827860	1.029738E-04	-4.321178E-05	-2.024498E-05	
55040	-0.979678	-0.928099	-10.728517	6.746037E-05	1.922578E-04	-9.412953E-05	
55200	-0.996372	-0.830593	-10.808635	2.321775E-04	1.193282E-04	8.249788E-05	
55360	-0.979719	-0.867880	-10.814889	-5.333520E-05	-9.276738E-06	-3.363263E-05	
55520	-0.976152	-0.864182	-10.754668	3.674644E-05	2.078405E-05	-5.884456E-06	
55680	-1.024277	-1.002705	-10.720457	1.995795E-04	-2.667954E-05	-4.978841E-05	
55840	-0.986153	-0.856366	-10.739151	-4.882924E-05	1.359541E-04	1.646180E-06	
56000	-0.968696	-0.828302	-10.675176	-2.499933E-05	-9.420476E-05	2.384700E-05	
56160	-1.005012	-0.896262	-10.700321	6.947037E-06	2.712274E-06	-4.277600E-05	
56320	-1.001363	-0.813893	-10.710554	-5.120429E-05	3.627873E-05	1.121405E-04	
56480	-1.020136	-0.763550	-10.627670	4.202876E-05	7.098998E-05	-2.892415E-05	
56640	-0.987274	-0.769120	-10.665418	1.063758E-04	-1.191840E-04	-1.097454E-04	
56800	-1.012715	-0.802704	-10.573984	-5.583366E-05	-6.646943E-05	1.571038E-04	
56960	-0.931724	-0.775030	-10.570793	-5.978865E-05	-4.933234E-05	2.820550E-05	
57120	-0.978535	-0.695536	-10.581321	5.097703E-05	7.908118E-05	1.758033E-04	
57280	-1.018167	-0.661797	-10.628943	-1.893666E-04	1.559596E-08	2.599154E-05	
57440	-1.025574	-0.725063	-10.660023	-5.980913E-05	3.224854E-05	-6.010746E-05	
57600	-0.888257	-0.636383	-10.517402	-1.915802E-04	-3.265269E-05	-2.509179E-05	
57760	-0.916241	-0.664527	-10.490846	-1.459036E-04	-1.076133E-04	2.300418E-06	
57920	-0.918142	-0.553814	-10.543626	-7.292572E-05	-1.105047E-04	-1.651495E-04	
58080	-0.966288	-0.598250	-10.443622	-1.662500E-04	-1.447952E-05	7.443345E-05	
58240	-0.852087	-0.573833	-10.490131	-7.344766E-05	-1.610533E-04	7.913561E-05	
58400	-0.827396	-0.528516	-10.461602	-7.072911E-05	1.118870E-05	1.017477E-04	
58560	-0.876585	-0.526123	-10.409624	-1.014569E-04	-6.224328E-05	4.659258E-05	
58720	-0.925328	-0.485757	-10.314568	-1.769141E-04	2.096775E-04	-8.081737E-05	
58880	-0.828575	-0.486608	-10.336368	1.782184E-05	-4.222314E-05	-2.156785E-04	
59040	-0.791013	-0.375567	-10.297004	1.722576E-04	9.414209E-05	1.773955E-04	
59200	-0.835812	-0.398772	-10.261915	-8.093525E-05	3.702177E-05	-2.522858E-05	
59360	-0.737927	-0.314669	-10.289033	6.944602E-05	-1.364988E-04	8.487127E-05	
59520	-0.841759	-0.291986	-10.269134	-1.062672E-04	-2.046594E-04	2.978705E-05	
59680	-0.767574	-0.260380	-10.271269	-1.258695E-04	-5.769615E-05	6.599552E-05	
59840	-0.775368	-0.185052	-10.208489	6.881671E-05	-3.185005E-05	-6.370852E-05	
60000	-0.741611	-0.158369	-10.093830	1.370585E-05	1.446256E-05	-2.862438E-05	
60160	-0.715697	-0.198478	-10.081141	-2.081095E-05	-2.582603E-05	-8.513620E-05	
60320	-0.643503	-0.196195	-10.096112	3.866878E-05	4.731599E-05	-6.622015E-05	
60480	-0.647688	-0.116035	-10.044348	3.240400E-06	-4.481504E-05	1.265385E-04	
60640	-0.647073	-0.030396	-10.053405	-7.108264E-05	-3.650809E-05	5.954462E-06	
60800	-0.560365	-0.068874	-10.076142	-7.907481E-05	-7.057686E-05	-1.342869E-06	
60960	-0.555050	-0.058493	-9.957132	-1.439913E-05	-1.420365E-05	-1.924000E-05	
61120	-0.505695	0.006885	-9.931806	1.047582E-05	1.083661E-04	-1.192893E-05	
61280	-0.498493	-0.005374	-9.853861	-1.201173E-04	1.233703E-04	-4.164260E-06	
61440	-0.517081	0.068989	-9.867769	3.154267E-05	1.377678E-04	2.210066E-04	
61600	-0.443159	0.046453	-9.808177	-6.578403E-05	1.931207E-04	7.161288E-06	
61760	-0.438683	0.139120	-9.801461	6.089314E-05	-3.853613E-06	-1.753233E-05	
61920	-0.417838	0.156383	-9.792316	-9.200349E-05	7.072045E-05	-2.240957E-04	
62080	-0.330217	0.156305	-9.712330	-1.285679E-05	6.954192E-06	4.176117E-05	
62240	-0.359982	0.265851	-9.667285	-3.214099E-05	3.041234E-05	-1.204201E-06	
62400	-0.331749	0.247556	-9.668477	-1.311087E-04	9.841516E-05	1.509865E-04	
62560	-0.232509	0.277985	-9.561265	-7.390203E-05	4.069104E-05	-1.652879E-04	
62720	-0.288876	0.257512	-9.658791	-1.478792E-04	-7.798910E-05	3.579136E-05	
62880	-0.154135	0.348644	-9.571097	-1.162365E-04	8.088790E-07	-2.296315E-04	
63040	-0.200678	0.361274	-9.596778	-2.161645E-05	-1.992602E-04	2.206921E-05	
63200	-0.200955	0.409973	-9.578459	1.146751E-04	-7.122822E-05	-4.436165E-05	
63360	-0.140990	0.444524	-9.453266	2.856982E-05	2.212582E-04	-1.756514E-06	
63520	-0.155795	0.503051	-9.466206	6.215907E-05	-5.084504E-06	-2.343702E-04	
63680	-0.064510	0.490770	-9.401335	9.876207E-05	-5.863025E-06	-9.912957E-05	
63840	-0.025692	0.501924	-9.401548	-7.205347E-07	-5.948056E-05	1.261908E-04	
64000	0.050606	0.501278	-9.382075	2.905791E-05	1.028689E-04	-1.608097E-04	
64160	-0.015849	0.581525	-9.318705	-1.688647E-04	1.135222E-04	-6.915586E-05	
64320	-0.002102	0.617499	-9.280334	-6.410200E-06	9.336092E-05	1.031585E-04	
64480	0.086803	0.577075	-9.316227	9.273312E-05	1.935459E-05	2.809783E-04	
64640	0.235829	0.615219	-9.199042	1.391761E-04	8.361459E-05	-1.601987E-05	
64800	0.099959	0.629950	-9.284087	-4.048114E-05	-4.223378E-05	1.289129E-04	
64960	0.189748	0.669088	-9.147784	3.626011E-05	2.081460E-04	6.027140E-05	
65120	0.251422	0.681952	-9.165707	3.855085E-05	2.101640E-06	-5.327354E-05	
65280	0.244181	0.707898	-9.281850	-4.266442E-06	1.398675E-04	9.170346E-05	
65440	0.317404	0.770537	-9.169150	2.621527E-06	8.513365E-06	1.710298E-04	
65600	0.301113	0.791253	-9.114783	1.813751E-04	1.759167E-04	-1.089341E-05	
65760	0.317216	0.732272	-9.138073	1.167997E-04	1.954990E-04	8.305068E-05	
65920	0.333272	0.703329	-9.095183	-1.082170E-05	5.885708E-05	1.391428E-04	
66080	0.435537	0.854059	-9.082229	1.911540E-05	-1.244983E-05	1.038723E-04	
66240	0.421186	0.817939	-9.012574	-6.073310E-05	9.421031E-06	-1.014639E-04	
66400	0.464058	0.865085	-9.029465	-6.372491E-06	-1.884262E-04	-1.154349E-04	
66560	0.423163	0.863758	-9.008829	-4.873083E-05	1.530533E-04	-3.280431E-06	
66720	0.511232	0.883609	-9.088617	9.999817E-05	-9.783030E-05	4.391683E-05	
66880	0.533050	0.938348	-9.013845	-4.887446E-05	-8.004890E-05	6.519878E-05	
67040	0.535770	0.972887	-8.938425	2.099602E-04	1.160722E-04	6.435134E-05	
67200	0.585672	0.878290	-8.927417	2.987501E-05	-5.553875E-05	-6.588005E-05	
67360	0.648124	0.957022	-8.986219	-4.231860E-05	-1.027256E-04	5.456494E-06	
67520	0.592035	0.983690	-8.903394	4.487709E-05	-3.693304E-05	-9.376655E-05	
67680	0.717200	1.041525	-8.926824	2.611632E-04	-2.123850E-05	-1.623483E-04	
67840	0.684704	0.990498	-8.916864	6.165663E-05	-3.642733E-05	1.078540E-04	
68000	0.716960	0.912361	-8.814455	1.319678E-04	-7.241335E-05	-9.555778E-05	
68160	0.690687	0.946893	-8.814657	-6.751601E-05	1.125133E-05	-1.279069E-04	
68320	0.713917	0.972015	-8.818702	-6.150237E-05	-8.185206E-05	7.385010E-05	
68480	0.792048	1.057225	-8.834682	-1.303342E-06	9.389691E-05	1.446215E-05	
68640	0.783371	0.976745	-8.862504	2.149171E-05	1.545003E-04	-8.984551E-05	
68800	0.843173	0.964987	-8.860781	3.571014E-05	-1.545861E-04	1.287357E-04	
68960	0.843115	1.022007	-8.876677	7.921875E-05	3.836216E-05	1.577710E-04	
69120	0.886099	0.999912	-8.762946	1.035497E-04	-1.463967E-04	-1.026639E-04	
69280	0.839543	0.999609	-8.800015	-1.288229E-04	9.618680E-05	-2.125696E-04	
69440	0.938244	0.997861	-8.820280	-1.721763E-04	-7.020807E-05	6.090885E-06	
69600	0.863629	0.975843	-8.859105	2.223470E-05	-4.606605E-05	1.685149E-04	
69760	0.842103	1.043851	-8.800813	-2.909017E-05	1.502888E-04	-1.284937E-04	
69920	0.942068	1.005430	-8.803923	3.546108E-06	6.475695E-05	-3.692256E-05	
70080	0.959981	0.976410	-8.862629	-5.358565E-05	-9.806158E-05	-3.694833E-06	
70240	0.993618	0.953055	-8.820604	-1.111047E-04	1.060585E-04	-4.337947E-05	
70400	0.930623	0.932658	-8.869815	1.431701E-04	2.904945E-05	-1.893387E-04	
70560	0.974353	0.902852	-8.837204	-7.364889E-05	9.059832E-05	-1.146651E-05	
70720	0.943616	0.950474	-8.879349	-8.826021E-05	-1.448270E-04	1.403915E-04	
70880	0.931701	0.928850	-8.820016	-4.609604E-06	-3.517893E-05	-9.935961E-05	
71040	0.965585	0.982668	-8.819716	-8.987740E-05	4.223877E-05	-1.029171E-04	
71200	1.022708	0.919876	-8.883236	-2.368889E-04	-8.553864E-06	-9.685621E-05	
71360	0.945415	0.885334	-8.763672	-4.578139E-05	-1.322469E-04	1.384364E-05	
71520	0.995157	0.886852	-8.887745	-2.692716E-05	6.839828E-05	-2.405471E-05	
71680	1.037536	0.884722	-8.952878	-3.169916E-05	-4.841790E-05	1.505386E-04	
71840	1.084560	0.809871	-8.916788	1.582446E-04	5.859692E-05	-1.893888E-05	
72000	1.013945	0.856679	-8.855510	9.538196E-05	8.654218E-05	-1.046860E-04	
72160	1.016998	0.826159	-8.940790	-4.410982E-05	7.401318E-05	1.710721E-04	
72320	0.957532	0.812987	-8.960664	-7.478798E-06	1.041486E-04	-4.647941E-05	
72480	1.028711	0.856733	-8.970404	6.472849E-05	1.328832E-04	-1.479201E-04	
72640	1.024179	0.709829	-8.968673	2.238238E-04	2.196216E-05	3.147889E-05	
72800	1.020749	0.822030	-8.912669	-2.822147E-05	1.478619E-04	-7.121211E-05	
72960	1.032695	0.744826	-9.022302	3.534819E-05	-1.419938E-05	6.531914E-05	
73120	0.940121	0.717477	-9.003239	-1.689748E-04	-2.508182E-05	-1.878295E-04	
73280	0.949756	0.729679	-9.068441	2.727560E-06	-5.811013E-05	8.567571E-05	
73440	0.971028	0.690841	-9.164323	-1.385156E-04	1.631567E-04	-3.523196E-05	
73600	0.959227	0.617994	-9.118970	3.815363E-06	-5.019976E-05	3.843968E-05	
73760	0.904847	0.616740	-9.096551	-5.882879E-05	-1.627621E-04	-7.121539E-05	
73920	0.952205	0.532029	-9.119149	2.078007E-05	1.593778E-04	-7.963379E-05	
74080	0.865648	0.535090	-9.095786	1.337692E-05	1.729850E-05	4.991978E-05	
74240	0.917285	0.585613	-9.222393	-8.245995E-05	-9.417227E-05	-2.290734E-04	
74400	0.826387	0.506358	-9.158651	-1.204715E-04	1.458576E-04	2.801090E-05	
74560	0.846949	0.504559	-9.191874	-1.447007E-04	5.903518E-06	8.076412E-05	
74720	0.860561	0.459380	-9.290435	-1.159910E-04	1.867757E-04	-1.490133E-04	
74880	0.808998	0.361723	-9.284223	6.189090E-05	1.211217E-04	-6.821739E-05	
75040	0.819299	0.375847	-9.246776	1.866727E-04	1.738771E-04	6.994874E-05	
75200	0.803358	0.344985	-9.369438	2.656231E-05	-1.016733E-04	-2.310102E-05	
75360	0.769975	0.336410	-9.317993	5.742278E-06	5.186629E-05	-5.607879E-05	
75520	0.781313	0.300913	-9.389309	6.447631E-05	6.804417E-05	-1.161028E-04	
75680	0.741818	0.219167	-9.375185	6.780233E-05	8.303685E-05	-8.344827E-05	
75840	0.771025	0.288348	-9.458930	9.609591E-05	2.823081E-05	-5.822054E-05	
76000	0.762255	0.303582	-9.464757	1.039052E-04	-7.057029E-05	4.776977E-05	
76160	0.636528	0.190754	-9.469012	-4.100991E-05	-1.429820E-05	-4.037921E-05	
76320	0.668564	0.111674	-9.457610	2.322204E-05	1.337990E-04	1.428738E-04	
76480	0.657609	0.127261	-9.607468	1.808258E-05	-1.080172E-05	-1.047997E-04	
76640	0.601099	0.150832	-9.522908	-2.443127E-05	-1.310585E-04	-4.185804E-05	
76800	0.584413	0.112252	-9.605290	-2.752035E-05	-4.620875E-05	-1.356620E-05	
76960	0.567457	-0.020915	-9.668834	-1.187106E-04	8.362840E-05	3.226447E-06	
77120	0.493602	0.039995	-9.747193	-5.473016E-05	-9.985188E-05	-1.371573E-04	
77280	0.538589	-0.018299	-9.698607	1.517219E-04	2.222022E-05	-6.062422E-06	
77440	0.533750	-0.030638	-9.738267	1.483544E-04	2.179482E-05	-4.918538E-05	
77600	0.487673	-0.078408	-9.847884	6.565466E-05	-7.691015E-05	1.691245E-04	
77760	0.437049	-0.150382	-9.805967	8.683051E-05	-8.609629E-05	-1.205240E-04	
77920	0.436405	-0.174725	-9.852100	-2.188301E-04	-1.081967E-04	8.246200E-05	
78080	0.331410	-0.138587	-9.786129	-1.506573E-05	-1.527878E-05	-3.523271E-05	
78240	0.289187	-0.182235	-9.915937	9.797429E-06	-1.065746E-04	-1.516812E-05	
78400	0.363902	-0.245703	-9.991972	6.751713E-05	-1.013270E-04	-7.457626E-05	
78560	0.294439	-0.255164	-9.957595	4.121495E-05	-3.240693E-05	3.623951E-05	
78720	0.200504	-0.244936	-9.964577	5.017018E-05	8.337329E-06	5.376398E-05	
78880	0.256586	-0.374044	-10.012864	-9.806962E-05	2.756042E-06	7.512721E-05	
79040	0.132866	-0.379439	-10.088883	5.727142E-05	-4.326560E-05	1.197702E-04	
79200	0.106062	-0.434671	-10.163430	2.180019E-04	-2.987706E-05	1.960014E-04	
79360	0.106424	-0.361506	-10.143523	1.455341E-04	6.460472E-05	-2.315262E-04	
79520	0.167917	-0.397659	-10.087928	-1.526933E-05	7.151314E-05	6.482357E-05	
79680	0.074267	-0.425853	-10.180638	-6.552827E-05	3.892163E-04	7.720381E-05	
79840	0.086558	-0.550333	-10.258355	-6.311030E-05	-1.107372E-04	-1.142366E-04	
80000	-0.072668	-0.492009	-10.217664	-1.219194E-05	-6.141073E-05	3.474928E-05	
80160	-0.024123	-0.546599	-10.214747	8.578286E-05	-4.546755E-05	1.740115E-04	
80320	-0.075765	-0.567900	-10.235552	-2.843491E-05	1.713613E-05	6.101624E-05	
80480	-0.087826	-0.640485	-10.296456	-1.531165E-04	-5.194704E-05	6.985225E-05	
80640	-0.128409	-0.680261	-10.317477	1.627395E-04	-1.015995E-04	1.565762E-06	
80800	-0.100615	-0.704464	-10.324647	-1.149763E-04	8.947935E-05	5.191421E-05	
80960	-0.132087	-0.637444	-10.376324	6.099102E-05	1.173915E-04	6.598989E-05	
81120	-0.295081	-0.750890	-10.447743	-8.314726E-05	2.852002E-05	-2.202983E-05	
81280	-0.253252	-0.751913	-10.426875	-1.045988E-06	-5.675672E-06	-1.469326E-04	
81440	-0.308926	-0.739049	-10.451326	-1.343101E-04	8.481392E-05	3.603158E-05	
81600	-0.325581	-0.806332	-10.526834	7.917847E-05	9.661771E-05	1.521929E-04	
81760	-0.274720	-0.791391	-10.521299	8.175776E-06	-1.201134E-04	-1.390695E-04	
81920	-0.385640	-0.804821	-10.486752	-9.256720E-05	-5.386196E-05	3.005392E-04	
82080	-0.416218	-0.782782	-10.569124	8.580051E-05	-8.581459E-05	5.479329E-05	
82240	-0.371953	-0.899221	-10.605062	2.252608E-05	-4.343212E-05	-6.209878E-05	
82400	-0.453096	-0.844102	-10.636119	5.772139E-05	-1.033846E-04	5.717300E-05	
82560	-0.473797	-0.863772	-10.610043	-1.763557E-05	-5.514420E-05	-1.958530E-04	
82720	-0.551400	-0.948970	-10.710617	-5.968615E-05	-4.859427E-06	-7.970875E-05	
82880	-0.500433	-0.950876	-10.680555	8.656757E-05	-4.436387E-05	1.515447E-04	
83040	-0.547278	-0.951287	-10.646549	1.188523E-04	1.915278E-05	-6.164153E-05	
83200	-0.587247	-0.971293	-10.701906	-9.644007E-06	1.645578E-05	3.214284E-05	
83360	-0.564618	-0.939514	-10.688210	3.817827E-05	-7.281494E-06	4.023745E-05	
83520	-0.621090	-0.969133	-10.805965	1.392955E-04	6.297333E-06	8.548296E-05	
83680	-0.605695	-0.990342	-10.710296	7.400009E-05	-4.041775E-05	-1.095156E-04	
83840	-0.656379	-0.984821	-10.732004	-1.282539E-04	-1.401378E-04	6.033929E-05	
84000	-0.668791	-0.929074	-10.716943	-2.991899E-05	-1.561553E-05	-9.507622E-05	
84160	-0.705984	-0.917732	-10.794047	1.018784E-04	-1.325056E-05	3.368939E-05	
84320	-0.736011	-1.022802	-10.814686	5.319531E-05	6.207103E-05	1.697515E-04	
84480	-0.794556	-1.013346	-10.721351	2.851913E-06	-4.695020E-05	1.003292E-04	
84640	-0.819021	-1.000594	-10.790317	8.790270E-05	-2.268480E-04	-8.130414E-05	
84800	-0.814615	-0.969910	-10.843082	-4.584059E-06	-9.531339E-05	8.547583E-05	
84960	-0.850273	-0.997659	-10.795773	-4.514785E-05	6.227817E-05	1.662606E-04	
85120	-0.782233	-0.951938	-10.777247	-1.151641E-04	-7.998919E-05	-2.529210E-05	
85280	-0.895310	-0.941389	-10.837860	-1.275825E-04	3.902959E-05	6.120279E-05	
85440	-0.968331	-0.989104	-10.833138	-1.282104E-04	-3.685373E-05	3.515675E-05	
85600	-0.883169	-0.991218	-10.803546	-1.133593E-04	1.883809E-05	7.329383E-05	
85760	-0.835331	-0.993900	-10.924228	-1.319903E-04	8.152914E-07	-9.916007E-05	
85920	-0.953646	-0.966372	-10.843045	-1.233731E-04	3.826230E-05	-3.597961E-05	
86080	-0.944142	-0.970511	-10.755730	2.145447E-05	-7.876144E-06	-2.223305E-06	
86240	-0.966361	-1.012765	-10.724152	-1.309494E-04	-1.450476E-05	-4.202804E-05	
86400	-0.955666	-0.996375	-10.767029	-9.276401E-05	-9.166876E-06	-2.291428E-05	
86560	-0.969639	-0.969433	-10.844205	-7.802779E-05	3.104972E-05	-1.077565E-05	
86720	-0.945961	-0.971983	-10.733287	-6.895357E-05	-1.075028E-04	-2.736491E-05	
86880	-0.965543	-0.946860	-10.726797	6.527253E-05	-1.136847E-04	-1.048890E-04	
87040	-0.987177	-0.915853	-10.855608	4.732722E-05	-3.546092E-05	-1.735645E-04	
87200	-1.014330	-0.893546	-10.768492	-1.044299E-04	1.772640E-04	-1.269963E-04	
87360	-0.956456	-0.904674	-10.834620	-6.339571E-05	1.134231E-04	7.821208E-06	
87520	-0.979842	-0.828972	-10.735024	9.014088E-05	2.380060E-05	6.892664E-05	
87680	-0.962122	-0.846280	-10.783418	1.761184E-06	1.886833E-05	-1.030692E-04	
87840	-1.083009	-0.836551	-10.680109	-1.695649E-04	-5.760841E-05	3.081493E-05	
88000	-0.977912	-0.887499	-10.691488	-2.279781E-05	7.822905E-05	-2.516556E-04	
88160	-0.934999	-0.794489	-10.652746	8.703769E-05	-4.851006E-05	4.207628E-05	
88320	-0.982211	-0.733300	-10.693933	1.844021E-04	-9.341251E-05	1.155456E-04	
88480	-1.044018	-0.862965	-10.646829	3.549629E-06	6.928341E-05	5.285932E-05	
88640	-1.012061	-0.794562	-10.673257	5.412881E-05	8.584893E-05	1.337003E-04	
88800	-1.041909	-0.736046	-10.666560	1.773435E-04	5.404433E-05	4.971238E-05	
88960	-1.016488	-0.736505	-10.631031	-3.341391E-05	1.257688E-06	4.219961E-05	
89120	-0.998174	-0.739016	-10.703261	-1.816278E-05	2.129277E-04	-1.419423E-06	
89280	-0.981818	-0.672421	-10.528548	-4.278144E-05	-6.706425E-05	6.764489E-05	
89440	-0.997868	-0.590391	-10.578727	2.117598E-04	-4.038052E-05	9.891534E-05	
89600	-0.974386	-0.605830	-10.653924	3.774943E-05	1.902273E-04	1.935768E-05	
89760	-0.956260	-0.641339	-10.567615	1.186231E-05	5.896997E-05	-1.030128E-05	
89920	-0.988113	-0.506576	-10.521538	1.012850E-04	5.596936E-05	-1.178989E-04	
90080	-0.906456	-0.581915	-10.441243	-5.084681E-05	-6.021720E-05	-8.956820E-05	
90240	-0.941340	-0.507022	-10.490435	-4.070727E-05	-4.228902E-05	-5.000208E-05	
90400	-0.901119	-0.423785	-10.463196	-9.066600E-05	1.699141E-04	-1.250239E-04	
90560	-0.906408	-0.492845	-10.439988	1.058330E-04	7.970141E-05	-1.181355E-04	
90720	-0.919640	-0.468556	-10.381652	1.306881E-05	-2.437743E-05	2.836905E-05	
90880	-0.851854	-0.445086	-10.258082	1.311691E-05	8.132086E-05	-1.266481E-04	
91040	-0.817016	-0.352680	-10.312525	-4.877926E-05	-6.165157E-05	2.628595E-04	
91200	-0.877070	-0.389238	-10.262084	-4.480036E-05	-1.267488E-04	-4.017283E-05	
91360	-0.739391	-0.362060	-10.270514	1.908546E-04	-1.552185E-04	-1.965020E-05	
91520	-0.771322	-0.292035	-10.249747	1.997631E-04	5.668007E-05	2.718524E-06	
91680	-0.775915	-0.287874	-10.229552	-6.545945E-06	2.255730E-04	4.872535E-05	
91840	-0.772142	-0.194904	-10.167640	-1.647086E-05	-4.095434E-05	-1.842924E-05	
92000	-0.725753	-0.165582	-10.163080	6.616479E-05	2.807904E-05	4.726205E-05	
92160	-0.727748	-0.192759	-10.150497	-1.658215E-05	-4.018605E-05	9.620004E-06	
92320	-0.671553	-0.202920	-10.086771	-1.423473E-05	1.153122E-04	-2.023692E-04	
92480	-0.682360	-0.178138	-10.017049	-8.365281E-05	-3.460824E-05	1.222943E-04	
92640	-0.642235	-0.044722	-10.012891	1.836222E-04	9.279322E-06	-6.013382E-05	
92800	-0.617242	-0.072553	-10.002660	7.785126E-05	-1.433777E-04	2.551331E-05	
92960	-0.550620	-0.011020	-10.009653	-8.503041E-05	-1.407727E-04	-6.868840E-05	
93120	-0.491064	0.006812	-9.977106	8.977113E-05	-1.063257E-05	4.377660E-05	
93280	-0.577390	0.061021	-9.916477	1.957190E-05	-1.144699E-05	1.115049E-04	
93440	-0.546183	0.066669	-9.823738	-9.263586E-06	-9.251646E-05	4.043268E-05	
93600	-0.470434	0.114918	-9.730364	-1.106516E-04	9.345707E-05	2.906100E-05	
93760	-0.440879	0.120641	-9.859818	-6.126940E-05	2.771396E-05	-2.538694E-05	
93920	-0.385180	0.155932	-9.728135	-4.110737E-05	-2.760917E-05	-4.835057E-05	
94080	-0.383249	0.184597	-9.817577	1.358981E-04	3.567571E-05	2.918294E-05	
94240	-0.380215	0.146747	-9.680773	9.741108E-05	1.793486E-04	1.303927E-04	
94400	-0.268120	0.231773	-9.702719	9.339464E-05	8.104786E-05	8.920830E-05	
94560	-0.304812	0.277449	-9.605108	-1.874765E-05	-3.309695E-05	-4.919484E-05	
94720	-0.234487	0.319898	-9.621836	-1.364937E-04	-8.581566E-05	-7.634154E-05	
94880	-0.164321	0.340231	-9.634434	4.737004E-05	-3.440370E-05	1.857342E-05	
95040	-0.144078	0.416896	-9.560394	-7.688299E-05	-2.716006E-04	1.879340E-05	
95200	-0.113004	0.406659	-9.516443	-1.065366E-04	-8.329936E-06	6.218528E-05	
95360	-0.134713	0.498303	-9.560702	-9.179800E-05	2.495685E-04	-1.673324E-05	
95520	-0.092014	0.524429	-9.376558	-2.123156E-04	1.390808E-04	-6.795375E-05	
95680	-0.076831	0.517505	-9.418245	-1.332650E-04	-1.585949E-05	-1.913547E-04	
95840	0.027496	0.455369	-9.515621	3.604102E-05	-1.079323E-04	1.114408E-04	
96000	0.018933	0.555387	-9.399138	3.096268E-05	1.210833E-04	2.740156E-05	
96160	0.053761	0.587368	-9.356679	-1.625396E-05	-2.924003E-05	-3.082631E-05	
96320	0.084982	0.537117	-9.345007	4.878345E-05	2.218664E-04	-7.564116E-05	
96480	0.077883	0.547997	-9.308718	-1.721649E-04	2.409076E-04	-7.714926E-05	
96640	0.161348	0.628958	-9.333118	-5.980206E-05	1.993450E-04	1.434152E-04	
96800	0.162206	0.630369	-9.247922	1.702944E-04	-8.176684E-06	-4.210370E-05	
96960	0.172817	0.737370	-9.233346	-5.347182E-05	5.273015E-06	8.317323E-06	
97120	0.187866	0.696706	-9.208004	1.425034E-04	9.781612E-05	5.414700E-05	
97280	0.249511	0.712601	-9.197791	7.501269E-06	-3.072056E-05	4.534182E-05	
97440	0.345412	0.756857	-9.134781	1.037404E-04	1.717240E-04	-7.267492E-05	
97600	0.285386	0.707315	-9.179663	-1.076147E-04	1.346918E-05	5.765425E-05	
97760	0.340072	0.803384	-9.041452	-1.021995E-04	-8.529963E-05	8.385564E-05	
97920	0.343124	0.782335	-9.007925	-1.043831E-04	1.192547E-04	-2.291761E-04	
98080	0.373124	0.799186	-9.070372	1.071087E-04	8.145840E-05	2.395605E-04	
98240	0.502437	0.945832	-9.062663	-1.990476E-05	4.948881E-05	1.205621E-04	
98400	0.507665	0.919865	-8.996583	-1.075503E-04	9.113073E-05	-1.910325E-04	
98560	0.485633	0.869043	-9.036664	1.154979E-05	9.372012E-05	-2.784986E-06	
98720	0.494206	0.868631	-8.997255	-4.193180E-06	-1.585290E-04	5.020149E-06	
98880	0.569081	0.894667	-8.915503	-8.052589E-05	5.723004E-07	1.130150E-04	
99040	0.559280	0.856476	-8.921762	4.003221E-05	-3.407200E-06	1.144759E-04	
99200	0.550957	0.909148	-8.939764	1.448174E-05	-1.293269E-04	-2.025211E-07	
99360	0.575169	0.975118	-8.970650	-4.817987E-05	-3.510024E-07	-4.153148E-05	
99520	0.628056	1.000956	-8.925915	-1.421411E-04	6.948938E-05	-1.299617E-05	
99680	0.613135	0.963625	-8.934629	9.310736E-05	-2.776849E-04	-7.251495E-05	
99840	0.680047	0.995457	-8.869536	1.004773E-04	1.564987E-04	1.001715E-05	
100000	0.763217	0.936516	-8.937326	3.128652E-05	-1.693790E-04	-7.266247E-05	
100160	0.696889	0.898214	-8.834711	-2.152881E-04	9.493508E-05	-9.019382E-05	
100320	0.770071	0.976723	-8.857737	1.269564E-04	8.390213E-05	2.734225E-04	
100480	0.704791	0.986039	-8.803136	8.793276E-05	-8.815424E-05	1.234737E-04	
100640	0.761355	0.965138	-8.845159	1.373376E-04	1.219833E-04	-5.755401E-05	
100800	0.764221	1.002974	-8.848915	-3.771643E-05	4.995349E-05	8.488050E-05	
100960	0.912143	0.993593	-8.829416	-2.098987E-06	1.946581E-04	-1.764961E-06	
101120	0.807361	0.927554	-8.758569	1.285503E-04	-1.596898E-04	4.117953E-05	
101280	0.785056	1.018985	-8.797943	-2.265546E-04	1.309547E-04	4.814524E-05	
101440	0.761642	0.958311	-8.776334	1.578553E-04	2.144018E-04	9.115036E-05	
101600	0.944234	1.002361	-8.786210	-1.199708E-04	-1.495800E-04	1.852971E-04	
101760	0.855982	0.964348	-8.787202	-1.027570E-04	-9.391788E-05	-4.299281E-05	
101920	0.895609	1.065667	-8.845596	1.730443E-04	1.633526E-04	-7.706786E-05	
102080	1.025344	0.905996	-8.814657	5.552936E-05	-5.600694E-05	-1.909337E-04	
102240	0.971341	0.933966	-8.871034	8.599834E-06	1.524302E-04	-4.502706E-05	
102400	0.906591	0.962729	-8.798874	8.809446E-05	1.213773E-04	1.803214E-04	
102560	0.948597	0.982821	-8.790642	-1.682257E-05	1.094746E-04	-2.396580E-05	
102720	0.913156	0.965405	-8.830607	-1.888989E-04	3.830333E-05	1.523541E-04	
102880	1.022395	0.938386	-8.886646	-1.043907E-04	2.227944E-04	-5.626884E-05	
103040	0.951799	1.010153	-8.855092	-4.132727E-05	-4.723402E-05	1.505471E-05	
103200	1.048914	0.877240	-8.848105	1.044664E-04	6.712280E-05	9.228872E-05	
103360	1.008509	0.966707	-8.916680	2.275051E-05	7.127545E-05	7.544937E-05	
103520	0.955420	0.882392	-8.788069	-2.089800E-04	2.076757E-05	1.109539E-04	
103680	0.991282	0.841119	-8.845928	4.079602E-05	-3.992281E-05	5.026781E-06	
103840	0.984252	0.826259	-8.907844	1.615956E-04	1.790861E-05	4.321661E-05	
104000	0.997175	0.823750	-8.885159	-5.483737E-05	-1.417643E-05	1.530176E-04	
104160	0.930335	0.817539	-8.868802	7.505338E-05	-8.433847E-05	5.912018E-05	
104320	1.026332	0.718638	-8.951504	-1.237174E-04	2.055991E-04	-9.264869E-05	
104480	0.994891	0.857462	-8.987800	-2.242209E-05	-8.311336E-05	1.764345E-05	
104640	0.944348	0.804317	-8.907508	-9.717745E-05	-8.910681E-05	8.909181E-05	
104800	1.009208	0.695982	-8.982751	-7.359207E-05	-1.173652E-04	-1.104393E-05	
104960	0.930367	0.726076	-8.993903	-9.487663E-05	1.097472E-04	-6.674080E-05	
105120	1.021689	0.724343	-9.007324	-9.811436E-05	1.396112E-04	-6.320143E-05	
105280	0.990209	0.716271	-9.060430	1.107832E-05	-4.059992E-05	-9.492258E-05	
105440	0.931112	0.658172	-9.092640	5.937398E-05	4.437295E-05	-3.703246E-05	
105600	0.953063	0.596143	-9.017605	-1.937919E-04	1.290727E-04	1.555309E-04	
105760	0.916137	0.614711	-9.079168	4.035291E-05	-5.337710E-05	1.425981E-04	
105920	0.917491	0.570245	-9.070753	7.341081E-05	2.032955E-05	5.646148E-05	
106080	0.893546	0.563874	-9.112722	-4.537539E-05	-1.531544E-05	5.355794E-05	
106240	0.905277	0.526359	-9.176358	-1.670353E-04	1.383167E-04	-6.732197E-06	
106400	0.902878	0.612583	-9.116552	-1.654848E-04	7.028941E-05	-4.289986E-05	
106560	0.828377	0.490153	-9.239893	1.781813E-04	-6.955553E-05	-1.562427E-05	
106720	0.831275	0.486038	-9.264579	5.650280E-06	6.653182E-05	1.871024E-04	
106880	0.807165	0.413563	-9.291562	-2.177646E-04	-1.413074E-05	-1.103556E-04	
107040	0.846760	0.333258	-9.301975	1.056894E-04	-7.376536E-05	-2.553484E-05	
107200	0.852123	0.329936	-9.322851	1.087560E-05	1.137040E-05	1.082182E-04	
107360	0.772238	0.400283	-9.360209	2.388841E-04	1.209941E-05	1.947782E-04	
107520	0.735053	0.350710	-9.387126	-4.417834E-05	1.099440E-05	-1.398553E-04	
107680	0.743511	0.349220	-9.401188	-4.731423E-05	6.391828E-05	1.170524E-04	
107840	0.722881	0.297554	-9.422200	-8.562881E-05	1.878136E-05	-2.530951E-04	
108000	0.716409	0.305014	-9.543192	8.217353E-05	7.695512E-05	1.761151E-04	
108160	0.649244	0.187458	-9.591167	-5.044916E-05	-8.206342E-06	3.553337E-05	
108320	0.629450	0.178493	-9.505648	1.803802E-04	-1.014375E-04	-2.130509E-05	
108480	0.608520	0.108567	-9.514374	1.496085E-04	-2.063964E-04	-9.234903E-05	
108640	0.600496	0.177999	-9.607079	3.111114E-05	9.680595E-05	-1.172952E-04	
108800	0.547865	-0.001608	-9.634983	-9.179837E-05	4.706483E-05	-2.838878E-06	
108960	0.607005	0.041845	-9.602041	-6.229011E-05	-1.691520E-04	8.784130E-05	
109120	0.600045	0.058228	-9.657651	-8.294509E-05	-4.116320E-05	-7.938647E-05	
109280	0.538213	-0.011536	-9.683805	1.087165E-04	-7.199379E-05	6.670008E-06	
109440	0.480598	-0.042954	-9.757301	1.898347E-06	1.261127E-04	1.733295E-04	
109600	0.386241	-0.089234	-9.790909	-8.277485E-05	1.470846E-04	-5.287667E-05	
109760	0.367558	-0.113829	-9.863142	1.820168E-04	-3.129833E-05	1.605796E-04	
109920	0.355652	-0.187843	-9.897215	-1.768969E-05	7.459565E-05	-5.254206E-05	
110080	0.382467	-0.210769	-9.865342	-1.624345E-04	-2.078796E-04	-1.888720E-04	
110240	0.353939	-0.219769	-9.927629	-9.601396E-05	3.493059E-05	6.526828E-06	
110400	0.279315	-0.220548	-9.946893	1.341263E-04	1.149354E-04	-3.390238E-05	
110560	0.324945	-0.271193	-9.926729	-1.040105E-04	3.048849E-05	-7.594245E-05	
110720	0.260178	-0.299896	-10.057597	1.617790E-04	-7.014350E-05	1.379385E-05	
110880	0.263246	-0.286728	-10.051037	2.935860E-05	1.651904E-05	-9.473371E-05	
111040	0.145305	-0.402069	-10.103221	-1.247448E-04	3.347449E-05	2.375813E-04	
111200	0.118153	-0.407011	-10.020677	8.709079E-05	4.159146E-05	4.684344E-05	
111360	0.137578	-0.430735	-10.077821	-1.036258E-04	-1.031616E-04	-6.858102E-05	
111520	0.104110	-0.449646	-10.115677	-4.772586E-05	7.225233E-05	1.731760E-04	
111680	0.042523	-0.402949	-10.150307	-8.921901E-05	2.178362E-05	9.738073E-05	
111840	0.107511	-0.497854	-10.142373	-5.679936E-05	2.316054E-04	8.707839E-05	
112000	-0.065189	-0.550889	-10.297196	1.132925E-05	-4.157854E-05	2.440884E-05	
112160	-0.093771	-0.603977	-10.262574	-1.142502E-04	-5.258818E-05	-1.529672E-04	
112320	-0.111647	-0.648508	-10.282907	6.345211E-05	-1.388527E-05	1.675228E-04	
112480	0.015567	-0.571918	-10.251983	7.401327E-05	3.656834E-05	9.038582E-06	
112640	-0.185847	-0.581001	-10.378912	1.650251E-04	-5.604611E-05	2.337583E-05	
112800	-0.179604	-0.690670	-10.336465	1.080655E-05	-2.983818E-05	7.019867E-05	
112960	-0.111644	-0.642052	-10.360804	1.092524E-04	7.183867E-05	-4.665795E-06	
113120	-0.214432	-0.707634	-10.380129	2.488272E-05	2.134334E-04	-3.156035E-05	
113280	-0.248617	-0.778002	-10.453705	5.763263E-05	-1.138791E-04	-1.246056E-04	
113440	-0.301658	-0.723358	-10.483245	-5.417179E-05	1.473262E-04	-3.306839E-05	
113600	-0.352654	-0.787668	-10.363928	-1.460743E-04	4.541151E-05	-1.002682E-05	
113760	-0.335261	-0.802021	-10.506901	4.773441E-05	8.770687E-05	1.762185E-04	
113920	-0.268556	-0.792280	-10.566148	2.701981E-05	-3.906792E-05	-1.311781E-05	
114080	-0.445021	-0.769198	-10.550272	8.375086E-05	-8.826687E-05	6.091054E-05	
114240	-0.426532	-0.848960	-10.578547	1.783255E-04	1.968289E-05	-1.749086E-06	
114400	-0.462764	-0.806702	-10.557634	-1.077067E-04	7.601633E-05	-8.008328E-05	
114560	-0.458326	-0.976719	-10.636875	3.184563E-05	-9.036478E-06	-2.667834E-05	
114720	-0.514926	-0.920451	-10.594625	1.850561E-04	8.594844E-05	-3.862708E-05	
114880	-0.563030	-0.914772	-10.632475	1.190646E-04	3.030042E-05	6.520972E-05	
115040	-0.641671	-0.872632	-10.669620	2.525341E-05	-2.833735E-05	5.472457E-05	
115200	-0.610914	-0.915560	-10.679287	9.843845E-06	6.155422E-05	1.748367E-05	
115360	-0.552632	-0.894815	-10.712870	1.164380E-05	2.431865E-07	1.921407E-04	
115520	-0.600603	-0.980689	-10.711364	-3.298301E-05	7.022720E-05	-1.141803E-04	
115680	-0.659833	-0.951676	-10.812446	5.546489E-05	7.103070E-05	-3.767564E-05	
115840	-0.728232	-1.022357	-10.689293	1.702432E-05	-9.717592E-05	2.166786E-04	
116000	-0.655955	-1.007835	-10.746975	1.960232E-05	-1.893093E-04	1.019614E-04	
116160	-0.702053	-0.959487	-10.763887	2.133797E-05	5.890660E-05	3.579146E-05	
116320	-0.737729	-1.005619	-10.813113	1.486604E-04	-7.955974E-05	-1.491580E-04	
116480	-0.776488	-1.027475	-10.706888	-1.080273E-04	-1.620365E-04	1.758349E-05	
116640	-0.865342	-1.045201	-10.742428	-1.741679E-05	-1.760009E-04	-7.745996E-05	
116800	-0.776941	-0.964725	-10.780084	-1.967467E-04	3.384546E-05	5.432475E-05	
116960	-0.859394	-1.064350	-10.754322	5.348874E-05	2.780787E-05	1.123982E-04	
117120	-0.822480	-0.952761	-10.765993	5.269636E-05	-5.498816E-05	-1.973627E-05	
117280	-0.881932	-1.018286	-10.812516	4.033208E-05	-7.534811E-05	5.028565E-05	
117440	-0.788369	-1.063588	-10.827082	1.265172E-04	-8.426890E-05	6.164309E-07	
117600	-0.911565	-0.982136	-10.794698	-1.934364E-05	-2.748980E-05	4.033531E-05	
117760	-0.903711	-0.998827	-10.818900	1.323194E-04	1.621253E-05	1.207571E-04	
117920	-0.858438	-0.998207	-10.788128	-1.247230E-04	6.955557E-06	-1.053144E-04	
118080	-0.944277	-0.906588	-10.848925	-4.682448E-05	2.568053E-05	9.891533E-06	
118240	-0.995808	-0.939658	-10.799763	-1.163890E-04	-1.718339E-05	-1.571033E-05	
118400	-0.990802	-0.985718	-10.810734	4.746703E-05	1.694143E-05	-1.056632E-04	
118560	-0.951080	-1.026463	-10.800923	-4.856807E-05	-4.207075E-05	9.992108E-05	
118720	-0.936973	-0.976599	-10.796738	1.478245E-04	9.226713E-05	-9.666584E-06	
118880	-0.922415	-0.959414	-10.763180	-1.019824E-04	2.655088E-05	-1.633682E-04	
119040	-1.012682	-0.906822	-10.750375	3.675385E-05	-8.754055E-05	-2.767207E-05	
119200	-0.989911	-0.950175	-10.779721	-1.299295E-04	-2.334479E-05	1.377658E-04	
119360	-0.951697	-0.953128	-10.757879	-7.698100E-06	4.171627E-05	2.221084E-04	
119520	-0.963837	-0.861351	-10.796646	7.075280E-05	-2.100313E-04	-9.533104E-06	
119680	-1.033671	-0.870357	-10.756447	6.042109E-05	-1.145046E-04	3.277118E-04	
119840	-1.017481	-0.904872	-10.707782	1.798040E-04	8.569259E-05	-8.173492E-06	
120000	-0.991753	-0.907698	-10.713251	1.462846E-05	1.155896E-04	-5.100835E-05	
120160	-0.963952	-0.772767	-10.714704	1.564442E-04	-1.055698E-05	5.636635E-05	
120320	-0.970502	-0.729779	-10.647900	6.401317E-05	-2.929360E-06	-2.977398E-05	
120480	-0.984423	-0.813084	-10.691714	-1.572663E-04	-9.503532E-05	-1.350386E-04	
120640	-0.942478	-0.810141	-10.606649	-8.334452E-05	-1.650663E-04	-3.203269E-05	
120800	-0.912111	-0.805138	-10.660336	-1.379364E-05	2.211185E-06	-1.929631E-05	
120960	-0.968547	-0.771891	-10.644302	7.285251E-05	1.551209E-04	-7.165627E-06	
121120	-1.056619	-0.684741	-10.599437	-1.308507E-04	3.770032E-05	1.042230E-05	
121280	-0.969027	-0.710701	-10.530008	6.272519E-05	2.660372E-04	-9.473368E-05	
121440	-0.940874	-0.652499	-10.549625	-1.004130E-04	1.732304E-05	-8.239045E-05	
121600	-0.967710	-0.691395	-10.594484	-8.615346E-05	-1.263765E-04	9.721238E-05	
121760	-0.956615	-0.610513	-10.539088	8.576276E-05	1.378670E-04	9.418771E-05	
121920	-1.005060	-0.544395	-10.480434	-4.695254E-05	1.050333E-04	4.448300E-06	
122080	-0.907927	-0.523040	-10.446804	1.040487E-05	-1.538341E-04	8.703268E-06	
122240	-0.914532	-0.550110	-10.467872	-2.350251E-05	-5.605856E-05	3.145925E-05	
122400	-0.862630	-0.543496	-10.429861	8.641185E-05	1.103898E-04	7.339334E-05	
122560	-0.837711	-0.483618	-10.396915	1.409586E-04	-2.948672E-05	-2.961019E-06	
122720	-0.949931	-0.419284	-10.405853	-1.931252E-05	-9.533344E-05	-3.291343E-05	
122880	-0.852496	-0.339965	-10.321238	-6.448361E-05	7.794945E-05	7.682800E-05	
123040	-0.853756	-0.417957	-10.305711	-7.740254E-05	-8.491943E-05	-6.643698E-05	
123200	-0.817355	-0.310823	-10.345364	2.880055E-05	-8.523734E-05	2.624864E-05	
123360	-0.815479	-0.337250	-10.240599	-2.614423E-05	1.776497E-05	3.628082E-05	
123520	-0.797931	-0.231012	-10.304108	-4.532496E-05	-1.047560E-05	-7.316046E-05	
123680	-0.744150	-0.244922	-10.155667	5.219577E-05	-9.210908E-05	4.635554E-05	
123840	-0.754283	-0.263982	-10.211032	-7.721445E-06	7.543132E-05	2.533149E-05	
124000	-0.644121	-0.207982	-10.137308	-2.333001E-04	-4.688795E-05	1.450167E-05	
124160	-0.628077	-0.188260	-10.101457	-1.181059E-05	-6.532579E-05	-1.610611E-04	
124320	-0.733293	-0.210668	-10.089914	-2.450052E-05	8.175401E-05	-1.207109E-04	
124480	-0.581081	-0.132843	-10.036682	3.968641E-05	-1.437757E-04	-7.048914E-05	
124640	-0.620902	-0.064426	-9.987980	-2.221739E-05	-1.901537E-04	-8.951667E-05	
124800	-0.658770	-0.057910	-9.982862	4.763625E-05	1.075329E-04	2.632246E-05	
124960	-0.541145	-0.056017	-9.998198	1.196824E-04	1.344735E-04	-3.099895E-05	
125120	-0.519016	0.056140	-9.919171	1.267997E-04	3.472402E-05	6.794567E-05	
125280	-0.555337	0.021697	-9.952364	-5.514918E-05	2.045267E-05	-4.479022E-05	
125440	-0.449161	0.079532	-9.888664	-7.257550E-05	-4.135002E-05	4.002382E-05	
125600	-0.465669	0.093123	-9.779957	3.420154E-05	1.064694E-04	-6.202614E-05	
125760	-0.381970	0.232598	-9.811616	2.602784E-05	3.540464E-05	-4.349893E-05	
125920	-0.401785	0.167312	-9.826504	1.362873E-04	4.620433E-05	-1.388374E-04	
126080	-0.402745	0.195246	-9.729623	-9.158194E-05	5.121280E-05	8.169931E-05	
126240	-0.361478	0.236794	-9.841820	-1.095167E-04	1.721413E-06	4.172396E-05	
126400	-0.310788	0.268607	-9.660591	1.151059E-04	-1.044914E-04	7.213444E-05	
126560	-0.315690	0.286585	-9.693882	1.694757E-05	-1.173426E-04	8.095240E-05	
126720	-0.224683	0.273635	-9.670398	-1.043607E-05	8.403913E-05	-6.871276E-05	
126880	-0.239656	0.332489	-9.584560	7.323729E-05	-9.313637E-05	5.172001E-05	
127040	-0.255261	0.362644	-9.567191	-9.712549E-05	1.141462E-05	-9.157368E-05	
127200	-0.129183	0.372613	-9.518275	1.091642E-05	-1.146608E-04	-9.460986E-05	
127360	-0.081731	0.341160	-9.561509	-9.831060E-05	-3.726711E-05	1.962857E-05	
127520	-0.092435	0.393263	-9.380507	-1.022054E-04	5.468324E-06	-1.358087E-04	
127680	-0.122226	0.484121	-9.361438	-5.032936E-05	2.276809E-04	-1.453711E-04	
127840	-0.119638	0.495346	-9.445835	-7.097680E-05	2.064884E-05	2.505451E-05	
128000	-0.021305	0.603870	-9.416706	-1.706612E-04	-1.784718E-05	3.041338E-05	
128160	0.019692	0.532029	-9.378254	6.970869E-05	-1.093371E-05	1.523508E-05	
128320	0.050558	0.713682	-9.268541	-3.313374E-06	-2.236059E-05	-5.876614E-05	
128480	0.031831	0.578106	-9.314229	-5.188559E-05	2.416081E-05	-1.369405E-04	
128640	0.092510	0.637607	-9.283191	3.462273E-05	1.181244E-04	2.936633E-05	
128800	0.118473	0.687883	-9.186697	-4.425535E-05	-6.522067E-05	-2.538957E-05	
128960	0.142497	0.619034	-9.214270	5.733630E-05	1.142619E-04	-2.593320E-06	
129120	0.213043	0.721549	-9.193676	-6.444812E-05	-8.621495E-05	1.780072E-06	
129280	0.246821	0.723082	-9.196475	1.197251E-04	-4.694563E-05	-2.651025E-05	
129440	0.205517	0.709776	-9.092636	4.802579E-05	1.807528E-04	1.681264E-04	
129600	0.245815	0.763757	-9.122066	-1.286907E-04	-1.977439E-04	2.012504E-05	
129760	0.393618	0.822861	-9.145513	-1.263963E-04	-8.109853E-05	-5.085345E-05	
129920	0.374292	0.751523	-9.136696	8.772502E-06	-1.302566E-04	-1.133439E-04	
130080	0.388354	0.786431	-9.095105	-1.315025E-04	-4.543632E-05	5.001108E-05	
130240	0.474891	0.820714	-9.052374	6.071791E-05	1.568453E-04	7.344953E-05	
130400	0.488505	0.823488	-9.040938	-1.252469E-05	-6.162498E-05	-5.588232E-05	
130560	0.393045	0.866306	-8.982731	8.062924E-05	2.212220E-04	-5.283578E-05	
130720	0.461964	0.808533	-8.922760	-1.520469E-04	-1.858672E-05	-1.147113E-04	
130880	0.540767	0.901962	-9.032912	-1.525437E-04	-2.371650E-04	-4.096231E-05	
131040	0.644348	0.967398	-8.935111	-6.800413E-07	1.352314E-04	-5.074707E-05	
131200	0.627600	0.870544	-8.981412	-7.104258E-05	4.090600E-05	-1.700364E-04	
131360	0.699761	0.926784	-8.926764	5.244597E-05	6.435057E-05	5.859248E-05	
131520	0.570357	0.955027	-8.899104	1.446285E-04	1.003599E-04	1.014457E-04	
131680	0.625058	0.946134	-8.901211	5.219718E-05	-6.581048E-07	9.544059E-05	
131840	0.788831	1.059931	-8.891512	3.861124E-05	-1.503012E-04	6.001009E-05	
132000	0.625389	1.014715	-8.870582	8.858124E-05	7.918485E-05	3.339911E-05	
132160	0.715034	0.975052	-8.828735	-1.275688E-04	-4.843357E-05	1.210934E-04	
132320	0.706098	0.945841	-8.904447	1.963324E-04	9.464115E-05	-1.575792E-05	
132480	0.782352	1.012743	-8.886680	-2.567107E-06	-7.248663E-05	-9.107086E-05	
132640	0.819475	1.051802	-8.818365	5.031100E-05	-7.186131E-05	-8.899501E-05	
132800	0.740308	1.020962	-8.877676	-6.759668E-05	-2.861114E-05	4.534216E-05	
132960	0.841283	0.899909	-8.826813	-9.769005E-05	6.832619E-05	-6.881610E-05	
133120	0.840108	0.978741	-8.829309	2.470516E-04	1.242500E-04	2.007180E-04	
133280	0.868535	1.033961	-8.803253	-1.947088E-04	1.001691E-04	8.156021E-05	
133440	0.845706	0.997912	-8.843727	4.842776E-05	-5.768045E-05	1.438781E-04	
133600	0.824211	0.966645	-8.888667	-8.185393E-05	-6.962628E-07	5.698658E-05	
133760	0.949722	1.008140	-8.811944	-3.734792E-05	-1.851741E-04	6.672655E-05	
133920	0.932257	0.991595	-8.745860	-1.051451E-04	2.402342E-04	6.383853E-05	
134080	1.039262	1.003033	-8.843253	9.143890E-05	2.919295E-05	6.056663E-05	
134240	0.889569	1.114096	-8.785130	-3.415850E-05	-8.700736E-05	7.408847E-05	
134400	0.935394	0.930710	-8.786544	-9.065545E-05	-1.915543E-04	-7.030648E-05	
134560	0.945974	1.026927	-8.800079	-2.294404E-05	5.241421E-05	-3.171758E-05	
134720	1.036568	0.928535	-8.768604	-4.606110E-06	1.523420E-05	-5.950696E-05	
134880	0.971151	0.936696	-8.897697	-1.118940E-04	-2.298540E-05	8.388429E-05	
135040	0.989533	0.943080	-8.835272	-3.059878E-05	1.200703E-05	-2.395395E-05	
135200	0.922331	0.907533	-8.879681	1.287378E-04	8.527321E-05	3.955788E-05	
135360	1.057410	0.868183	-8.831936	5.559206E-05	-2.586714E-05	3.303839E-05	
135520	1.019133	0.817678	-8.898161	-6.497039E-05	-4.003478E-05	-2.067449E-04	
135680	0.961697	0.903191	-8.818067	1.157842E-05	-1.284629E-04	-6.854149E-05	
135840	0.989439	0.856000	-8.943019	-1.477017E-04	7.922070E-05	-3.737035E-05	
136000	1.065290	0.792163	-8.870247	4.931633E-05	-8.610639E-05	-5.602644E-05	
136160	1.006162	0.794229	-8.937427	2.499171E-04	-7.408759E-05	1.092368E-04	
136320	1.019748	0.821200	-8.978434	9.122125E-06	-8.589754E-05	2.276212E-05	
136480	1.017814	0.809726	-8.984793	7.079654E-05	8.068899E-05	5.339110E-05	
136640	1.040988	0.772794	-8.888963	2.727181E-05	6.420422E-05	-3.690490E-05	
136800	1.039305	0.781645	-8.992222	-1.143737E-04	-4.074592E-06	-1.366461E-04	
136960	1.013584	0.693605	-9.035301	2.048785E-04	1.509466E-04	1.989689E-04	
137120	1.010606	0.710403	-8.958761	1.532866E-05	-2.393716E-04	1.975223E-05	
137280	1.001657	0.668610	-9.077325	1.005808E-05	-6.978412E-05	4.832431E-05	
137440	0.987512	0.628868	-9.140425	-1.593270E-04	-9.244398E-05	4.502895E-05	
137600	0.971014	0.657498	-9.064118	-9.572834E-05	2.161566E-04	-5.225367E-05	
137760	0.958783	0.621380	-9.062707	-1.251606E-04	1.840214E-04	-4.748037E-05	
137920	0.938263	0.565940	-9.127875	-1.296493E-05	-3.431896E-05	2.433362E-04	
138080	0.951031	0.532013	-9.194802	1.283707E-04	6.014857E-05	-4.136810E-08	
138240	0.878961	0.446093	-9.151449	4.735229E-06	-1.614933E-04	-4.557389E-06	
138400	0.788060	0.544560	-9.213983	-6.036333E-05	2.315200E-04	-1.141328E-04	
138560	0.905206	0.495526	-9.278741	9.832118E-06	-7.623475E-05	-2.958916E-05	
138720	0.870276	0.460094	-9.203308	2.829776E-05	1.878231E-05	-6.769919E-05	
138880	0.829485	0.430379	-9.305775	-2.845757E-04	-1.318596E-04	3.797380E-05	
139040	0.833084	0.489341	-9.271630	3.195514E-05	-1.414690E-05	2.513588E-05	
139200	0.751711	0.371427	-9.301109	-4.586649E-05	-9.937117E-05	8.928486E-05	
139360	0.763020	0.307784	-9.396606	-8.223260E-05	-1.640294E-04	-5.471330E-06	
139520	0.668877	0.266343	-9.364926	-1.660558E-04	1.110496E-04	-2.154656E-05	
139680	0.706573	0.310353	-9.518575	1.996176E-04	-8.906773E-05	1.122103E-04	
139840	0.740449	0.254851	-9.496185	2.260462E-04	7.621621E-05	-5.559110E-07	
140000	0.680025	0.319461	-9.517547	2.503676E-05	1.879295E-05	-4.583995E-05	
140160	0.733120	0.139887	-9.535973	-7.784754E-06	1.790826E-04	-1.177703E-06	
140320	0.690142	0.143239	-9.516687	-2.070188E-05	7.948149E-05	8.788498E-05	
140480	0.674624	0.150100	-9.599329	4.268144E-05	-1.056594E-04	1.894254E-04	
140640	0.593125	0.016970	-9.461680	1.410741E-04	3.582827E-05	1.002111E-04	
140800	0.629951	0.089787	-9.564848	-9.512807E-05	1.712735E-04	-3.239207E-05	
140960	0.522830	0.068394	-9.619565	-4.682439E-05	-1.270335E-04	-8.899157E-05	
141120	0.569455	-0.014164	-9.684697	1.151114E-04	-5.414076E-05	1.725139E-04	
141280	0.457493	-0.063331	-9.691308	3.850786E-05	-1.605908E-04	6.614732E-05	
141440	0.508373	-0.077404	-9.819007	1.557595E-04	-1.303705E-05	-1.375757E-04	
141600	0.396186	-0.070067	-9.766285	-5.378783E-05	9.504727E-05	-1.862610E-04	
141760	0.448169	-0.146752	-9.794394	-7.213523E-05	4.438038E-05	-1.265785E-04	
141920	0.385872	-0.174328	-9.867905	-1.426353E-04	1.877821E-05	7.777905E-05	
142080	0.381026	-0.177655	-9.955772	1.558007E-04	-5.948716E-05	-1.613373E-05	
142240	0.342297	-0.251470	-9.901053	-5.770228E-05	-1.594367E-04	-7.780082E-05	
142400	0.306782	-0.206786	-9.888958	-3.316522E-05	-1.090864E-04	1.432223E-04	
142560	0.397860	-0.269933	-9.953880	3.609319E-05	-1.784075E-04	-8.132726E-05	
142720	0.251446	-0.382266	-10.063091	-8.604493E-06	-7.759537E-06	4.239056E-06	
142880	0.267449	-0.322014	-10.073177	2.998148E-05	-1.496519E-04	-1.586415E-04	
143040	0.172062	-0.387891	-10.033299	2.992886E-05	-1.932186E-04	1.402479E-04	
143200	0.157431	-0.375746	-10.018305	-4.683889E-05	-1.900072E-04	-3.297437E-05	
143360	0.187979	-0.308207	-10.069620	-4.057812E-05	1.633837E-04	-3.496325E-05	
143520	0.059654	-0.451960	-10.173687	-1.680452E-04	9.963393E-06	2.622554E-05	
143680	0.073014	-0.532625	-10.160744	5.197624E-05	7.994868E-05	-2.542608E-05	
143840	-0.017677	-0.551021	-10.271267	7.444022E-06	4.569373E-05	-5.706225E-05	
144000	0.041367	-0.561417	-10.313597	4.719844E-06	-5.740337E-06	-4.181102E-05	
144160	0.007404	-0.544426	-10.257277	-1.822852E-04	3.632172E-04	-1.435817E-04	
144320	-0.118431	-0.591227	-10.318815	-8.339371E-05	9.133169E-05	-8.945451E-05	
144480	-0.126363	-0.585181	-10.348973	6.219700E-05	6.643789E-05	2.604711E-06	
144640	-0.180969	-0.679567	-10.362354	-2.791206E-04	1.258179E-04	-4.129044E-05	
144800	-0.146548	-0.585532	-10.410134	4.540426E-05	-7.265050E-05	-1.251721E-04	
144960	-0.194425	-0.712172	-10.389735	-7.117655E-06	-3.998938E-05	1.326859E-04	
145120	-0.247306	-0.690170	-10.392052	1.383764E-05	-4.008650E-05	-3.097374E-05	
145280	-0.189277	-0.751096	-10.453110	1.023716E-05	-1.265000E-04	4.149215E-07	
145440	-0.305209	-0.845568	-10.476773	-9.798721E-05	-4.634491E-05	-2.995347E-05	
145600	-0.302479	-0.827164	-10.452457	4.100607E-05	3.624302E-05	2.233529E-04	
145760	-0.344481	-0.840593	-10.552459	-5.168091E-05	2.860986E-05	-3.356055E-05	
145920	-0.328908	-0.776586	-10.533644	4.700115E-06	-3.549261E-05	-1.491922E-04	
146080	-0.361470	-0.810012	-10.484912	-3.024547E-05	-2.096681E-06	7.626759E-05	
146240	-0.461902	-0.918425	-10.615023	1.786692E-05	-4.177784E-05	6.192649E-05	
146400	-0.437808	-0.833667	-10.643684	-6.093527E-05	2.401844E-04	9.511582E-05	
146560	-0.460794	-0.866441	-10.598327	-2.191171E-04	-2.327364E-04	4.920400E-05	
146720	-0.522144	-0.870775	-10.678307	-1.660633E-04	-1.988370E-05	1.730542E-04	
146880	-0.507965	-0.889528	-10.651728	5.711325E-06	2.547017E-05	-1.502905E-05	
147040	-0.568561	-0.949309	-10.667613	1.017565E-04	3.326157E-05	1.811583E-04	
147200	-0.627016	-0.968372	-10.619698	-1.877236E-05	-9.777704E-05	-1.316603E-04	
147360	-0.601602	-0.944932	-10.733206	-1.061519E-04	-2.899002E-05	8.484646E-05	
147520	-0.613961	-0.930651	-10.798922	7.414965E-05	2.737523E-05	2.828430E-05	
147680	-0.681783	-0.933072	-10.726015	-8.240592E-05	-5.480173E-05	1.019622E-04	
147840	-0.649397	-1.014538	-10.657851	2.976746E-05	-4.549933E-05	2.703342E-05	
148000	-0.744173	-0.934088	-10.738492	-2.830931E-04	3.970243E-05	6.556528E-05	
148160	-0.738281	-1.028857	-10.826940	-1.669496E-05	-1.822822E-04	-3.168012E-04	
148320	-0.713891	-1.009152	-10.782422	1.201099E-04	-4.518412E-05	2.034843E-05	
148480	-0.767336	-1.020254	-10.720543	6.800714E-05	-7.595095E-05	1.698533E-04	
148640	-0.877306	-1.048439	-10.801797	-2.513429E-05	1.096822E-04	1.599744E-04	
148800	-0.838137	-1.028666	-10.802095	-6.148402E-05	9.264864E-05	-8.879086E-05	
148960	-0.802187	-1.008885	-10.808461	1.465554E-04	-3.155478E-05	1.953173E-06	
149120	-0.927403	-0.999906	-10.785862	2.765343E-04	9.748299E-05	-1.174421E-04	
149280	-0.851167	-1.036678	-10.795496	1.004011E-04	-1.262965E-05	-1.713843E-05	
149440	-0.845082	-0.993582	-10.759249	4.330904E-05	-9.599750E-05	-1.494525E-04	
149600	-0.874863	-0.975629	-10.775824	4.361215E-05	-5.449590E-05	1.759803E-04	
149760	-0.931325	-0.962903	-10.828245	1.847068E-04	-1.625414E-04	7.044635E-05	
149920	-0.853016	-0.952391	-10.824108	-2.800526E-05	4.707647E-05	4.973447E-05	
150080	-0.931160	-1.084391	-10.750712	9.761217E-05	-5.946306E-05	6.646857E-05	
150240	-0.982286	-0.998287	-10.784782	6.786965E-05	-1.665088E-04	1.222289E-04	
150400	-0.927253	-0.978735	-10.857598	-6.324904E-06	-7.162344E-06	-8.242879E-05	
150560	-0.981637	-0.935126	-10.787728	1.923851E-04	2.056783E-05	7.314807E-06	
150720	-0.983919	-0.924862	-10.792275	-5.245719E-05	-8.170638E-05	-1.797477E-04	
150880	-1.014471	-0.939898	-10.738851	1.107612E-05	2.251001E-05	5.104306E-05	
151040	-0.964742	-0.916002	-10.736281	-3.845106E-05	-6.640310E-05	1.211432E-04	
151200	-0.972982	-0.949413	-10.817858	5.375858E-05	-1.159232E-04	-8.284086E-05	
151360	-1.023602	-0.851821	-10.770416	2.423060E-05	-5.828598E-05	1.177326E-04	
151520	-1.026069	-0.874180	-10.782901	1.292033E-04	-5.215566E-06	-8.730706E-05	
151680	-1.014299	-0.835125	-10.710485	1.100700E-04	6.591529E-05	4.418172E-06	
151840	-1.013437	-0.863228	-10.750552	1.263075E-04	4.575948E-05	-2.301046E-04	
152000	-1.008135	-0.834742	-10.816793	-2.036921E-04	5.196361E-05	-8.893339E-05	
152160	-1.109486	-0.831013	-10.691980	1.524433E-06	1.403354E-04	-4.511690E-05	
152320	-1.027608	-0.871279	-10.711134	4.716359E-05	1.072104E-04	7.737816E-05	
152480	-1.009614	-0.811266	-10.707614	-1.061811E-04	6.239201E-05	4.186371E-05	
152640	-1.034849	-0.775067	-10.660845	5.893352E-05	-1.272467E-04	6.116514E-05	
152800	-0.933400	-0.740220	-10.670290	3.234584E-05	3.007360E-04	-1.834455E-05	
152960	-1.002407	-0.677469	-10.636658	1.111277E-04	-8.805160E-05	-2.696745E-05	
153120	-1.021042	-0.711290	-10.653112	4.667519E-05	-4.391189E-05	2.221551E-05	
153280	-0.909641	-0.637595	-10.472308	-3.908384E-05	-8.645895E-05	-2.227973E-05	
153440	-0.932795	-0.711286	-10.540194	-3.471927E-05	-5.804516E-05	-6.374096E-05	
153600	-0.991150	-0.622054	-10.546242	4.685041E-05	-5.428347E-05	-5.617618E-05	
153760	-0.909646	-0.607701	-10.509128	-7.932043E-05	-1.310449E-04	1.492957E-04	
153920	-0.989979	-0.514165	-10.500191	-4.445536E-05	8.074625E-06	-6.362183E-06	
154080	-0.895596	-0.468320	-10.513470	-2.911042E-05	-4.714027E-05	1.738627E-05	
154240	-0.918341	-0.513016	-10.461465	8.708158E-05	1.698937E-04	-5.537279E-05	
154400	-0.905446	-0.487214	-10.428842	5.490788E-05	-1.069702E-04	6.361692E-05	
154560	-0.881491	-0.493975	-10.470093	2.412127E-05	-4.362049E-05	-7.895372E-05	
154720	-0.792619	-0.458621	-10.341327	-2.206525E-05	4.619660E-05	-9.590688E-05	
154880	-0.869434	-0.456937	-10.313870	2.523818E-05	-9.776245E-05	-8.730268E-05	
155040	-0.893711	-0.453156	-10.333983	-4.227565E-05	-3.369705E-05	7.418382E-05	
155200	-0.802705	-0.407700	-10.273126	-5.078914E-05	-5.923365E-05	9.555981E-05	
155360	-0.794759	-0.346272	-10.241293	1.153659E-04	6.413088E-06	1.528338E-05	
155520	-0.803510	-0.322770	-10.260368	-3.706919E-05	-3.887190E-05	1.325958E-04	
155680	-0.688644	-0.264938	-10.162956	-4.621690E-06	-3.647461E-05	-2.868747E-05	
155840	-0.638994	-0.280293	-10.162063	-3.619013E-05	-1.131122E-04	4.997734E-08	
156000	-0.743524	-0.179889	-10.090547	5.256701E-05	-9.515632E-05	-6.006717E-05	
156160	-0.658561	-0.126628	-10.105309	4.597800E-05	-1.887566E-05	-1.207925E-04	
156320	-0.688205	-0.137626	-10.106709	7.856888E-05	1.291552E-05	1.066204E-04	
156480	-0.698206	-0.131188	-10.038557	-1.619489E-04	9.733154E-06	-1.162048E-04	
156640	-0.620335	-0.088302	-10.021802	-9.574843E-05	1.199599E-04	5.904831E-05	
156800	-0.637815	-0.044823	-9.992235	8.951236E-05	9.386090E-06	4.158281E-05	
156960	-0.619602	-0.023867	-9.950270	-8.235303E-05	7.566806E-05	-9.519864E-05	
157120	-0.510782	0.055567	-9.917197	-5.084590E-05	-2.020371E-05	9.232415E-05	
157280	-0.477320	0.047057	-9.909031	1.310933E-04	1.368766E-04	-1.079847E-04	
157440	-0.513126	0.079961	-9.868090	-8.562783E-05	8.025428E-05	6.914413E-05	
157600	-0.448013	0.114365	-9.856905	-1.459191E-04	-2.369684E-05	-7.712989E-05	
157760	-0.412144	0.082706	-9.794689	1.413093E-04	1.525854E-04	-4.719436E-05	
157920	-0.330754	0.084236	-9.836382	4.956063E-05	-4.607984E-05	5.655943E-06	
158080	-0.346062	0.125160	-9.742164	1.172071E-04	5.589539E-05	1.051849E-04	
158240	-0.381710	0.194964	-9.781806	1.865497E-04	-1.138418E-04	1.453011E-04	
158400	-0.229188	0.311159	-9.646490	-1.693055E-04	1.439904E-04	-4.585462E-05	
158560	-0.320998	0.271757	-9.659168	1.079525E-04	-1.623462E-04	1.904018E-05	
158720	-0.199205	0.341378	-9.732625	-7.903240E-05	-5.249673E-05	6.376706E-05	
158880	-0.191698	0.311155	-9.470796	1.607899E-05	-4.632572E-05	1.213240E-04	
159040	-0.177414	0.392855	-9.528130	1.004388E-05	-3.904395E-05	9.602913E-05	
159200	-0.233538	0.352967	-9.588271	4.759981E-05	-3.327717E-05	-1.333829E-04	
159360	-0.099405	0.437594	-9.509034	-2.975214E-05	2.882512E-05	5.323201E-05	
159520	-0.104793	0.433536	-9.421191	9.680290E-05	1.989634E-05	-4.823410E-05	
159680	-0.010748	0.547516	-9.396406	7.153242E-05	9.308463E-06	7.292759E-05	
159840	-0.016554	0.480978	-9.442368	-1.846628E-06	1.182400E-04	1.494853E-05	
160000	0.036552	0.557059	-9.473644	1.448142E-04	1.862404E-04	-6.306020E-05	
160160	-0.018425	0.571344	-9.360566	-8.093961E-05	-1.053772E-04	1.530267E-04	
160320	0.058919	0.624741	-9.304517	1.229307E-05	-1.474541E-05	-9.458945E-06	
160480	0.133748	0.547499	-9.249589	-9.953219E-05	1.990851E-05	-8.782692E-05	
160640	0.146180	0.606204	-9.274699	-4.242764E-05	-3.613701E-06	-7.217705E-05	
160800	0.199316	0.666169	-9.345257	-7.862797E-05	5.677202E-05	5.722216E-05	
160960	0.164118	0.697292	-9.248034	9.605946E-05	7.785351E-05	-2.292237E-04	
161120	0.215213	0.673010	-9.212462	3.151145E-05	4.472463E-05	-1.121107E-04	
161280	0.328317	0.731650	-9.156533	-9.554511E-05	1.406652E-05	1.165710E-05	
161440	0.293847	0.708811	-9.173929	1.445082E-04	1.596655E-05	1.866135E-04	
161600	0.338076	0.715316	-9.099309	-1.163376E-04	7.643796E-05	-1.257678E-04	
161760	0.380563	0.762834	-9.117507	-1.765418E-04	2.653820E-05	-7.054041E-05	
161920	0.318459	0.810582	-9.050349	-2.611667E-05	2.812243E-05	-2.740363E-06	
162080	0.430975	0.851491	-9.057002	-1.577530E-04	4.566373E-05	-2.803181E-04	
162240	0.304163	0.828206	-9.025056	1.644621E-04	-4.941623E-05	-4.885995E-05	
162400	0.399610	0.892286	-9.002311	-1.527501E-04	6.598622E-06	4.031852E-05	
162560	0.465120	0.848739	-9.024009	1.367702E-05	1.180811E-04	1.530131E-05	
162720	0.516180	0.836271	-9.013243	1.231544E-05	-1.358558E-05	-6.016307E-05	
162880	0.532839	0.949253	-8.986420	-3.631911E-04	-3.879481E-05	-1.624725E-04	
163040	0.534584	0.965258	-8.907346	1.062322E-04	1.059640E-04	-5.253398E-05	
163200	0.547250	0.884223	-8.896245	1.232206E-04	-9.581723E-05	2.159697E-05	
163360	0.661120	0.895883	-8.938654	2.266408E-05	-1.648737E-05	1.593816E-04	
163520	0.620498	0.925735	-8.840916	1.830382E-05	-3.189223E-05	1.987685E-04	
163680	0.713677	1.004575	-8.915901	-5.521407E-05	-7.192164E-05	-1.011025E-04	
163840	0.736424	0.892896	-8.896120	1.359304E-04	1.585315E-04	1.576007E-04	
164000	0.642239	0.941124	-8.885453	-7.279865E-05	8.595869E-05	-1.361235E-04	
164160	0.724356	1.015972	-8.821910	-3.797109E-05	8.669804E-06	6.573105E-05	
164320	0.706482	0.919580	-8.926371	-1.321392E-04	-1.484843E-04	2.828906E-05	
164480	0.794744	1.017445	-8.809328	7.706366E-05	2.162480E-05	-5.989706E-05	
164640	0.811014	0.975745	-8.900823	-6.003741E-05	2.015217E-04	4.358680E-05	
164800	0.826726	1.067247	-8.769817	-6.274666E-05	-2.031141E-04	-2.822969E-05	
164960	0.779540	0.998076	-8.890388	-8.648738E-05	1.601104E-04	1.239627E-04	
165120	0.868919	1.032048	-8.762259	-2.094044E-05	-2.843676E-05	-5.317335E-05	
165280	0.809413	0.961495	-8.835717	1.255210E-04	-1.961075E-05	1.048960E-04	
165440	0.905240	1.008962	-8.893333	6.737208E-05	2.656245E-04	-1.743596E-04	
165600	0.879225	1.002790	-8.809899	-3.442845E-05	2.172609E-05	-1.070490E-04	
165760	0.913890	0.974731	-8.844613	5.172803E-06	7.135587E-05	1.565445E-04	
165920	0.893015	1.067550	-8.848150	-4.790849E-06	-2.650693E-06	8.473339E-06	
166080	0.939086	1.025164	-8.861591	-7.091334E-05	2.153791E-04	9.167074E-05	
166240	0.915419	1.022581	-8.837044	5.438757E-05	-2.704113E-05	1.278687E-04	
166400	0.968254	1.034111	-8.859281	-1.596713E-04	-5.741341E-06	-2.854315E-04	
166560	1.000391	0.929074	-8.841900	8.376723E-06	-9.537341E-05	-1.699578E-04	
166720	0.929159	1.028832	-8.819730	-7.659128E-05	1.430231E-04	8.127563E-05	
166880	1.003332	0.871375	-8.795230	4.674683E-05	2.481814E-05	-1.205249E-04	
167040	1.013932	0.979953	-8.863341	9.027341E-05	2.187678E-04	-1.356545E-04	
167200	0.908776	0.983455	-8.878923	3.352102E-05	3.059544E-05	-6.981990E-05	
167360	0.991174	0.829174	-8.860552	8.010732E-05	-6.505067E-05	-2.928249E-05	
167520	1.052116	0.890300	-8.864826	8.881722E-05	9.886401E-05	-5.188283E-05	
167680	1.028963	0.850195	-8.927804	2.008751E-04	5.850824E-05	-1.061935E-05	
167840	0.984648	0.858647	-8.859864	-8.741529E-06	-1.558193E-05	6.176527E-05	
168000	1.003809	0.880080	-8.883201	8.734628E-05	6.883208E-05	1.513897E-04	
168160	0.980292	0.818917	-8.885467	3.979078E-05	9.129633E-05	1.018537E-05	
168320	0.980551	0.812321	-8.961111	-6.050705E-05	-7.675932E-05	-1.088126E-04	
168480	1.028909	0.738205	-8.981676	8.485674E-05	6.929035E-05	3.207171E-04	
168640	1.056592	0.746335	-9.010063	-9.270541E-05	-7.270453E-06	-1.456472E-04	
168800	0.993646	0.721093	-8.948098	1.504267E-04	-4.117610E-05	-1.476689E-04	
168960	0.925233	0.693555	-8.997942	6.397093E-06	1.195322E-04	-3.136540E-05	
169120	1.014282	0.702845	-9.005035	-1.477972E-05	-4.787254E-05	9.441908E-05	
169280	1.007351	0.682746	-9.012119	-8.953153E-05	-2.516822E-04	2.421451E-04	
169440	0.995623	0.684635	-9.042387	3.999212E-05	-5.979256E-05	6.773715E-05	
169600	1.005342	0.607591	-9.163939	1.097500E-04	4.556389E-05	-5.207235E-05	
169760	0.929490	0.656746	-9.090664	2.065069E-05	6.911629E-05	-1.139121E-04	
169920	0.952932	0.581499	-9.085485	7.621728E-05	-3.515004E-05	6.635423E-05	
170080	0.923414	0.570993	-9.227776	7.560889E-05	6.047653E-05	-7.322575E-05	
170240	0.919707	0.540741	-9.083904	2.775830E-05	-3.884468E-05	-1.163346E-04	
170400	0.979124	0.456598	-9.240013	1.222825E-04	9.515339E-06	-1.254577E-04	
170560	0.914043	0.480850	-9.212517	-4.426157E-06	-1.112140E-04	-9.094363E-05	
170720	0.822087	0.497876	-9.224432	3.082978E-05	2.246818E-04	-2.290219E-05	
170880	0.875239	0.406011	-9.281313	4.020098E-06	-4.001911E-05	-8.560288E-05	
171040	0.840909	0.379601	-9.317125	9.469395E-05	1.044886E-04	-1.616831E-04	
171200	0.870533	0.359551	-9.293116	7.291786E-05	1.882219E-04	-1.230285E-04	
171360	0.785641	0.387706	-9.354296	7.071970E-05	-8.618957E-05	-3.955584E-05	
171520	0.816105	0.313138	-9.348665	7.678909E-05	3.721129E-05	1.155677E-04	
171680	0.723273	0.347215	-9.425589	-2.729637E-04	2.365935E-05	1.581414E-04	
171840	0.718606	0.269158	-9.427852	4.346427E-05	-5.504717E-05	9.687848E-05	
172000	0.797648	0.231809	-9.471223	-9.662605E-05	2.604235E-04	-2.087311E-04	
172160	0.735507	0.200173	-9.492143	-3.191948E-05	4.626708E-05	-2.975470E-05	
172320	0.668493	0.191428	-9.510819	-4.188370E-05	1.977738E-04	3.647470E-05	
172480	0.623461	0.082702	-9.562973	-1.312524E-04	-3.868599E-05	-2.085010E-04	
172640	0.625886	0.076126	-9.580130	2.791415E-05	-3.687520E-05	2.105629E-04	
172800	0.531213	0.108784	-9.616567	1.010969E-04	-9.553356E-05	1.191569E-04	
172960	0.587014	0.010295	-9.662014	1.078522E-04	6.230165E-05	-1.621279E-05	
173120	0.508537	-0.012761	-9.661503	1.169187E-04	7.027243E-05	6.988905E-05	
173280	0.474547	-0.118670	-9.695930	-6.168905E-05	-6.760681E-05	1.489103E-05	
173440	0.481102	-0.000875	-9.687544	1.148561E-04	1.907375E-06	-2.188403E-04	
173600	0.505047	-0.074022	-9.786199	-1.934222E-04	7.268314E-06	-6.667894E-05	
173760	0.422862	-0.123175	-9.807019	2.311786E-05	-4.590980E-06	9.600130E-06	
173920	0.390519	-0.176364	-9.844647	-2.810974E-05	-4.491195E-06	-4.938262E-05	
174080	0.381105	-0.100522	-9.868555	4.237590E-05	-5.282804E-05	1.361754E-04	
174240	0.360834	-0.203069	-9.886369	-1.058540E-04	-2.047289E-05	-2.445856E-04	
174400	0.312340	-0.253467	-9.964799	1.134048E-04	-1.146140E-04	-1.701060E-04	
174560	0.260142	-0.276454	-9.942588	-1.059520E-04	-2.478569E-05	2.550367E-04	
174720	0.305377	-0.320391	-10.087226	1.394882E-04	6.989576E-05	-1.156243E-04	
174880	0.217440	-0.362915	-9.934975	-1.345423E-06	-7.869727E-05	2.615611E-05	
175040	0.181714	-0.340200	-9.967880	6.636927E-05	-5.421040E-05	6.552142E-05	
175200	0.117534	-0.447825	-10.056915	-3.623254E-05	7.806845E-06	9.998217E-05	
175360	0.152296	-0.341782	-10.066591	1.163295E-04	-6.818097E-05	-5.273726E-05	
175520	0.079022	-0.488745	-10.132632	-7.400138E-05	4.819480E-05	-1.815591E-04	
175680	0.069012	-0.477987	-10.225170	4.761244E-05	-1.576649E-05	-2.676075E-05	
175840	-0.045033	-0.540648	-10.142899	-2.686468E-06	1.592651E-04	1.595228E-05	
176000	-0.010789	-0.532559	-10.257158	1.590969E-04	1.540979E-04	1.440430E-04	
176160	-0.008545	-0.538456	-10.247114	-7.067688E-05	-1.024356E-04	-6.320735E-05	
176320	-0.120214	-0.590319	-10.272182	-1.482772E-04	1.132864E-04	3.748299E-05	
176480	-0.120612	-0.635067	-10.312196	5.415385E-05	-5.846714E-05	2.314695E-05	
176640	-0.135574	-0.611841	-10.346328	1.929961E-04	-2.533630E-05	-6.605681E-05	
176800	-0.198783	-0.689375	-10.332910	3.753427E-05	-4.129300E-06	-8.375462E-05	
176960	-0.143544	-0.694046	-10.409337	-9.211174E-05	-7.087212E-05	-3.509323E-05	
177120	-0.221584	-0.667451	-10.397281	6.409130E-05	4.639666E-05	1.216564E-05	
177280	-0.263655	-0.806850	-10.426999	1.280822E-05	2.426928E-05	-4.750631E-05	
177440	-0.270169	-0.787862	-10.447639	9.446441E-05	-5.052713E-05	-5.234492E-05	
177600	-0.372058	-0.713598	-10.522768	-2.051711E-07	8.079614E-05	1.662651E-04	
177760	-0.291769	-0.805617	-10.499082	1.132378E-04	1.556957E-04	6.878241E-05	
177920	-0.458837	-0.805369	-10.522060	-4.199113E-05	-6.913621E-05	-2.662318E-05	
178080	-0.461198	-0.849199	-10.560229	1.542555E-04	9.963909E-05	8.978438E-05	
178240	-0.524204	-0.849504	-10.555867	-1.329931E-04	-2.858182E-05	6.039932E-05	
178400	-0.445137	-0.916721	-10.629555	-2.805439E-05	-2.509453E-05	5.797099E-05	
178560	-0.460013	-0.906711	-10.701828	9.482247E-05	1.377950E-04	-2.645338E-05	
178720	-0.552200	-0.959104	-10.674131	-7.489096E-07	2.333103E-04	-1.191708E-04	
178880	-0.417262	-0.872967	-10.605085	-1.070379E-04	-1.596790E-05	-2.832445E-05	
179040	-0.492572	-0.958952	-10.613882	-1.149192E-04	5.747714E-05	4.245081E-05	
179200	-0.539255	-0.944559	-10.641071	9.123291E-05	1.060269E-04	4.358315E-05	
179360	-0.615968	-0.934708	-10.687488	1.251955E-04	4.799409E-06	-1.375307E-04	
179520	-0.644850	-0.973615	-10.709022	-6.254234E-05	9.965173E-05	1.738410E-04	
179680	-0.692109	-0.994195	-10.748282	7.568583E-06	1.937102E-04	9.107863E-05	
179840	-0.713432	-1.019624	-10.724712	3.476057E-05	1.551872E-05	3.304097E-05	
180000	-0.707434	-0.939962	-10.710372	-1.087290E-04	1.327356E-04	8.197390E-05	
180160	-0.786399	-0.951353	-10.755484	1.654635E-05	7.075704E-05	-4.488629E-05	
180320	-0.729047	-0.971169	-10.735020	-1.916758E-04	-1.001695E-04	1.434809E-04	
180480	-0.752555	-1.089783	-10.834385	-7.483238E-05	-1.193372E-04	-1.605295E-04	
180640	-0.731762	-0.989623	-10.817199	3.471265E-05	7.373755E-05	3.011533E-04	
180800	-0.786771	-0.970843	-10.847445	-9.580362E-05	-1.506350E-05	5.194486E-06	
180960	-0.850218	-0.948356	-10.774869	-2.059230E-05	3.377349E-05	-2.469369E-04	
181120	-0.803855	-1.011119	-10.766846	1.131484E-04	1.177475E-04	-4.764344E-05	
181280	-0.925275	-1.031099	-10.806580	-2.090576E-04	7.073353E-05	9.656276E-05	
181440	-0.899257	-1.004753	-10.820174	-3.763690E-05	-5.372975E-05	1.180436E-04	
181600	-0.964875	-1.031254	-10.846931	9.436703E-05	1.093316E-04	-1.522528E-04	
181760	-0.927317	-0.983212	-10.846537	-5.090107E-05	1.032085E-05	-8.250581E-05	
181920	-0.957963	-0.914152	-10.873974	-2.529679E-06	-8.686082E-05	3.977879E-05	
182080	-0.955233	-0.959840	-10.744202	1.075555E-04	5.845405E-05	1.583902E-04	
182240	-0.923935	-0.962270	-10.866323	-8.244424E-05	2.228668E-05	6.277932E-05	
182400	-0.953108	-1.030150	-10.734302	-6.066458E-05	1.663991E-04	-4.536017E-06	
182560	-1.005024	-0.920815	-10.814664	-8.280174E-05	5.973417E-05	1.175836E-05	
182720	-0.978101	-0.969187	-10.816958	-5.449340E-05	-6.193027E-05	3.711103E-05	
182880	-0.953700	-0.943962	-10.727507	-1.290694E-05	-2.020320E-04	4.368932E-05	
183040	-0.995234	-0.953763	-10.762997	-1.190570E-04	6.752183E-05	-1.642763E-05	
183200	-0.962143	-0.905324	-10.784195	-1.009454E-04	1.470716E-04	2.608203E-04	
183360	-1.061833	-0.917485	-10.759184	-1.505328E-04	6.793074E-05	9.702098E-06	
183520	-1.036525	-0.858226	-10.700205	-9.956915E-05	4.720348E-06	-2.008731E-04	
183680	-1.019838	-0.902069	-10.757569	-9.753291E-05	7.063972E-05	-8.503042E-05	
183840	-1.045001	-0.854779	-10.713093	-4.221024E-05	1.628355E-04	-9.259491E-06	
184000	-1.022187	-0.871931	-10.751051	7.332910E-06	-4.954301E-05	-9.140597E-05	
184160	-1.018905	-0.867416	-10.680099	1.438121E-04	3.810198E-05	1.591102E-04	
184320	-1.033876	-0.751562	-10.698290	8.867039E-05	2.309620E-04	-1.733784E-05	
184480	-0.976855	-0.758244	-10.696067	1.376629E-04	2.611034E-04	3.124576E-05	
184640	-1.000699	-0.780286	-10.609135	1.096722E-04	-5.701909E-05	1.721223E-05	
184800	-0.965910	-0.814231	-10.627166	1.046912E-04	-1.276660E-04	8.507198E-05	
184960	-0.962626	-0.731169	-10.582876	-2.137120E-05	1.324778E-04	-1.152751E-05	
185120	-0.992428	-0.660969	-10.647724	4.851464E-05	2.753132E-05	7.572109E-05	
185280	-0.916667	-0.698484	-10.643736	-7.887459E-05	2.956450E-05	4.747985E-05	
185440	-0.960599	-0.675537	-10.677106	2.353097E-04	1.075173E-04	-9.422306E-05	
185600	-0.909437	-0.711386	-10.583231	1.122413E-04	9.870002E-05	1.257175E-04	
185760	-0.895227	-0.718763	-10.526354	2.033257E-04	-7.077248E-05	3.869339E-05	
185920	-0.979410	-0.678445	-10.535033	5.504492E-05	-3.433186E-05	1.584737E-04	
186080	-0.867785	-0.611046	-10.548392	1.523034E-04	7.228398E-05	-8.259518E-05	
186240	-0.899385	-0.572305	-10.421454	6.752396E-05	-7.988642E-05	-3.141934E-05	
186400	-0.963881	-0.524699	-10.417624	5.597282E-05	2.080338E-04	-2.523518E-05	
186560	-0.808647	-0.462962	-10.375652	-4.425100E-05	3.146035E-05	-7.009217E-05	
186720	-0.875046	-0.486712	-10.399456	3.254210E-05	-2.552370E-05	-5.954875E-05	
186880	-0.927376	-0.437566	-10.326438	1.206177E-04	-1.543075E-04	-8.610882E-05	
187040	-0.752707	-0.400654	-10.332032	5.006073E-05	5.827073E-05	-6.116899E-05	
187200	-0.839854	-0.303685	-10.231501	6.691357E-06	6.097290E-05	-3.194043E-05	
187360	-0.749547	-0.348898	-10.227017	2.937351E-05	5.448723E-05	-9.144285E-05	
187520	-0.827079	-0.338846	-10.255711	1.541913E-04	-4.971489E-05	5.362420E-05	
187680	-0.740399	-0.272894	-10.246927	5.903699E-05	-6.139040E-05	1.114271E-04	
187840	-0.703148	-0.283509	-10.168686	-2.741828E-05	2.109601E-04	9.643686E-05	
188000	-0.734926	-0.259864	-10.164465	-2.371324E-05	-3.020170E-05	7.786324E-05	
188160	-0.719764	-0.257003	-10.116096	-8.660932E-05	-8.045497E-05	1.917606E-04	
188320	-0.538732	-0.149656	-10.137850	8.195318E-06	-5.034825E-05	-6.770624E-05	
188480	-0.648949	-0.133130	-10.024260	-2.678814E-05	-3.074151E-05	-1.251509E-04	
188640	-0.570866	-0.149210	-10.057183	-1.895433E-05	3.839733E-05	3.572533E-05	
188800	-0.613376	-0.023520	-9.947148	3.825353E-05	4.739666E-05	1.320679E-04	
188960	-0.579075	-0.009336	-9.972405	5.642887E-06	5.804207E-05	6.666413E-05	
189120	-0.570703	-0.063184	-9.929629	-2.811637E-05	-7.013015E-05	6.131534E-06	
189280	-0.528199	0.060202	-9.904246	9.417795E-05	1.253704E-05	9.621792E-05	
189440	-0.542709	0.088829	-9.915424	9.091429E-05	-4.716310E-05	-2.211904E-04	
189600	-0.513221	0.080053	-9.822927	8.779554E-05	1.651130E-04	-1.003423E-04	
189760	-0.487858	0.131275	-9.872258	-5.641968E-05	-9.657598E-05	-1.258445E-04	
189920	-0.455901	0.204104	-9.822713	-1.034896E-04	1.094300E-04	1.147815E-04	
190080	-0.348622	0.230793	-9.734150	8.061409E-05	1.911147E-04	-6.037001E-05	
190240	-0.392786	0.242802	-9.723533	-7.119963E-05	-2.588523E-05	9.206354E-06	
190400	-0.303919	0.229223	-9.723485	-4.394839E-05	1.511644E-05	-9.218916E-05	
190560	-0.279662	0.264957	-9.610377	3.119146E-05	-7.169790E-05	6.506865E-05	
190720	-0.263730	0.229628	-9.569734	-8.503267E-05	-1.624119E-04	-5.901130E-05	
190880	-0.190427	0.370136	-9.590090	-5.984311E-05	3.771011E-05	-1.367901E-04	
191040	-0.156921	0.383655	-9.537905	-4.808653E-05	-5.500761E-06	1.032687E-04	
191200	-0.127405	0.368332	-9.571308	2.010635E-04	-4.867704E-05	-1.002965E-04	
191360	-0.154533	0.436985	-9.540100	1.693967E-04	9.525576E-05	-3.263556E-05	
191520	-0.053867	0.459415	-9.468073	-3.096821E-05	1.618778E-04	-2.519367E-05	
191680	-0.016529	0.451585	-9.444494	-1.326177E-04	-7.945992E-05	-6.644424E-05	
191840	0.006669	0.494306	-9.330383	5.640982E-05	1.004278E-04	1.166584E-04	
192000	0.001007	0.589320	-9.348716	5.399048E-05	-1.452927E-04	7.287634E-05	