0	-0.097818	0.574223	-9.405214	0	0	0	
160	-0.004713	0.573062	-9.387215	0	0	0	
320	0.050467	0.684354	-9.279990	0	0	0	
480	0.077960	0.613789	-9.257131	0	0	0	
640	0.095727	0.651527	-9.261452	0	0	0	
800	0.198673	0.564945	-9.236062	0	0	0	
960	0.170409	0.675713	-9.262439	0	0	0	
1120	0.208663	0.753315	-9.130049	0	0	0	
1280	0.274561	0.655606	-9.157804	0	0	0	
1440	0.267676	0.801789	-9.142017	0	0	0	
1600	0.288611	0.765736	-9.100296	0	0	0	
1760	0.336948	0.738566	-9.073600	0	0	0	
1920	0.409086	0.749959	-9.101664	0	0	0	
2080	0.393724	0.904017	-9.064671	0	0	0	
2240	0.398794	0.853705	-9.016489	0	0	0	
2400	0.407515	0.905068	-9.067103	0	0	0	
2560	0.413786	0.909008	-9.058532	0	0	0	
2720	0.485197	0.897191	-9.013616	0	0	0	
2880	0.480928	0.832441	-8.898738	0	0	0	
3040	0.543482	0.944499	-8.917598	0	0	0	
3200	0.603586	0.829865	-8.945110	0	0	0	
3360	0.556745	0.975951	-9.018222	0	0	0	
3520	0.646121	0.986529	-8.894557	0	0	0	
3680	0.697427	1.000156	-8.890971	0	0	0	
3840	0.693247	0.966339	-8.870735	0	0	0	
4000	0.659785	0.991721	-8.926192	0	0	0	
4160	0.665278	0.959092	-8.864415	0	0	0	
4320	0.786061	0.990962	-8.832443	0	0	0	
4480	0.721568	1.045383	-8.930215	0	0	0	
4640	0.831906	1.022816	-8.879422	0	0	0	
4800	0.847010	0.947744	-8.804363	0	0	0	
4960	0.798054	1.017578	-8.776657	0	0	0	
5120	0.847258	0.984221	-8.772216	0	0	0	
5280	0.915065	1.022277	-8.810988	0	0	0	
5440	0.941939	0.989251	-8.831940	0	0	0	
5600	0.898095	0.992379	-8.816939	0	0	0	
5760	1.017791	0.991693	-8.829210	0	0	0	
5920	0.931141	1.039887	-8.759189	0	0	0	
6080	0.901144	0.984148	-8.796661	0	0	0	
6240	0.914184	1.029613	-8.808941	0	0	0	
6400	0.950384	0.942667	-8.859796	0	0	0	
6560	0.918319	1.003392	-8.860365	0	0	0	
6720	0.964266	0.977206	-8.754874	0	0	0	
6880	1.001524	0.856501	-8.848691	0	0	0	
7040	1.043950	0.890511	-8.851893	0	0	0	
7200	1.026587	0.899367	-8.824168	0	0	0	
7360	0.999792	0.903716	-8.844445	0	0	0	
7520	0.929604	0.911218	-8.933081	0	0	0	
7680	0.985235	0.872707	-8.796821	0	0	0	
7840	0.991014	0.893564	-8.811352	0	0	0	
8000	1.089194	0.879789	-8.935450	0	0	0	
8160	1.009694	0.848052	-8.999688	0	0	0	
8320	1.030355	0.824103	-8.981225	0	0	0	
8480	0.966628	0.732801	-8.900997	0	0	0	
8640	0.976063	0.762685	-8.890332	0	0	0	
8800	1.041988	0.740699	-8.907033	0	0	0	
8960	0.982361	0.713594	-9.004030	0	0	0	
9120	0.976740	0.711548	-9.011251	0	0	0	
9280	0.989757	0.637761	-9.073920	0	0	0	
9440	0.959079	0.713604	-9.046003	0	0	0	
9600	0.871971	0.641928	-9.041325	0	0	0	
9760	0.960924	0.602570	-9.104110	0	0	0	
9920	0.894314	0.593356	-9.113920	0	0	0	
10080	0.895256	0.576690	-9.061013	0	0	0	
10240	0.842740	0.490048	-9.122951	0	0	0	
10400	0.880775	0.519353	-9.277191	0	0	0	
10560	0.845145	0.523398	-9.241421	0	0	0	
10720	0.900061	0.391436	-9.203597	0	0	0	
10880	0.857217	0.450886	-9.275277	0	0	0	
11040	0.809744	0.393701	-9.280060	0	0	0	
11200	0.813195	0.335004	-9.345876	0	0	0	
11360	0.734961	0.393278	-9.346291	0	0	0	
11520	0.736921	0.347273	-9.357905	0	0	0	
11680	0.781483	0.350750	-9.391756	0	0	0	
11840	0.739745	0.309360	-9.452999	0	0	0	
12000	0.719320	0.220996	-9.494541	0	0	0	
12160	0.719016	0.227763	-9.514365	0	0	0	
12320	0.640994	0.225307	-9.544240	0	0	0	
12480	0.641100	0.116113	-9.506147	0	0	0	
12640	0.681603	0.082332	-9.638795	0	0	0	
12800	0.560502	0.082437	-9.556816	0	0	0	
12960	0.638022	0.048988	-9.664967	0	0	0	
13120	0.504394	0.016511	-9.664683	0	0	0	
13280	0.521286	-0.067401	-9.753156	0	0	0	
13440	0.572988	-0.009572	-9.765314	0	0	0	
13600	0.513381	-0.144728	-9.769294	0	0	0	
13760	0.393959	-0.130466	-9.790345	0	0	0	
13920	0.332848	-0.186244	-9.866957	0	0	0	
14080	0.389537	-0.230618	-9.828775	0	0	0	
14240	0.279395	-0.204822	-9.926070	0	0	0	
14400	0.274258	-0.268254	-9.991074	0	0	0	
14560	0.256337	-0.317830	-9.989631	0	0	0	
14720	0.262518	-0.223691	-10.006216	0	0	0	
14880	0.186785	-0.364682	-9.995788	0	0	0	
15040	0.199643	-0.361333	-10.035312	0	0	0	
15200	0.126767	-0.341324	-10.141437	0	0	0	
15360	0.152729	-0.447911	-10.189835	0	0	0	
15520	0.143714	-0.423042	-10.151253	0	0	0	
15680	0.077465	-0.475951	-10.175409	0	0	0	
15840	0.028276	-0.523455	-10.203100	0	0	0	
16000	-0.021761	-0.580391	-10.254455	0	0	0	
16160	-0.057406	-0.547556	-10.351575	0	0	0	
16320	-0.060887	-0.584972	-10.258398	0	0	0	
16480	-0.144198	-0.584419	-10.300543	0	0	0	
16640	-0.148538	-0.625069	-10.314968	0	0	0	
16800	-0.212298	-0.644477	-10.351556	0	0	0	
16960	-0.197842	-0.617147	-10.402746	0	0	0	
17120	-0.190867	-0.705203	-10.485951	0	0	0	
17280	-0.245351	-0.672759	-10.409410	0	0	0	
17440	-0.263930	-0.677627	-10.485172	0	0	0	
17600	-0.265589	-0.768143	-10.512523	0	0	0	
17760	-0.282692	-0.765753	-10.522882	0	0	0	
17920	-0.347291	-0.843793	-10.629377	0	0	0	
18080	-0.375943	-0.853823	-10.614412	0	0	0	
18240	-0.497434	-0.892163	-10.558591	0	0	0	
18400	-0.369820	-0.881625	-10.535936	0	0	0	
18560	-0.457659	-0.830573	-10.583968	0	0	0	
18720	-0.534089	-0.882439	-10.613849	0	0	0	
18880	-0.583260	-0.905620	-10.599116	0	0	0	
19040	-0.528366	-0.894073	-10.642047	0	0	0	
19200	-0.595053	-0.968046	-10.593660	0	0	0	
19360	-0.636057	-0.998942	-10.712183	0	0	0	
19520	-0.646981	-0.939738	-10.666861	0	0	0	
19680	-0.612288	-0.941729	-10.686040	0	0	0	
19840	-0.595124	-0.974797	-10.724460	0	0	0	
20000	-0.747787	-1.002719	-10.751368	0	0	0	
20160	-0.774159	-0.959405	-10.720700	0	0	0	
20320	-0.736787	-0.966497	-10.841883	0	0	0	
20480	-0.815429	-0.950105	-10.702536	0	0	0	
20640	-0.792578	-0.959716	-10.836148	0	0	0	
20800	-0.771194	-0.953761	-10.886410	0	0	0	
20960	-0.792589	-1.022469	-10.796417	0	0	0	
21120	-0.891912	-0.930308	-10.828189	0	0	0	
21280	-0.833410	-1.024222	-10.786364	0	0	0	
21440	-0.931469	-0.929744	-10.780858	0	0	0	
21600	-0.876218	-0.991439	-10.774065	0	0	0	
21760	-0.896011	-1.008204	-10.790323	0	0	0	
21920	-0.945645	-1.013751	-10.867492	0	0	0	
22080	-0.949216	-0.917599	-10.756023	0	0	0	
22240	-1.014908	-0.976884	-10.765688	0	0	0	
22400	-0.885331	-1.003594	-10.735790	0	0	0	
22560	-0.898304	-0.995877	-10.780193	0	0	0	
22720	-0.937063	-0.871707	-10.786435	0	0	0	
22880	-0.959532	-0.962026	-10.765330	0	0	0	
23040	-0.975868	-0.959755	-10.819318	0	0	0	
23200	-1.038291	-0.852190	-10.754016	0	0	0	
23360	-1.013655	-0.923837	-10.819759	0	0	0	
23520	-0.978343	-0.906834	-10.792321	0	0	0	
23680	-0.979213	-0.854879	-10.703289	0	0	0	
23840	-0.970129	-0.780949	-10.698651	0	0	0	
24000	-0.994147	-0.840985	-10.724964	0	0	0	
24160	-1.006913	-0.793194	-10.748344	0	0	0	
24320	-0.947202	-0.852108	-10.672590	0	0	0	
24480	-0.996444	-0.761648	-10.697577	0	0	0	
24640	-1.072874	-0.809425	-10.715768	0	0	0	
24800	-0.922541	-0.766528	-10.663893	0	0	0	
24960	-0.967659	-0.671568	-10.656519	0	0	0	
25120	-0.989396	-0.647052	-10.677306	0	0	0	
25280	-0.968901	-0.676219	-10.583223	0	0	0	
25440	-0.946696	-0.667711	-10.485366	0	0	0	
25600	-1.011805	-0.648678	-10.589672	0	0	0	
25760	-0.883807	-0.670073	-10.485441	0	0	0	
25920	-0.897432	-0.538822	-10.508519	0	0	0	
26080	-0.878341	-0.570271	-10.483234	0	0	0	
26240	-0.885729	-0.532560	-10.436010	0	0	0	
26400	-0.908783	-0.457130	-10.427333	0	0	0	
26560	-0.872296	-0.484391	-10.408028	0	0	0	
26720	-0.866382	-0.497620	-10.340737	0	0	0	
26880	-0.837530	-0.360943	-10.302578	0	0	0	
27040	-0.785258	-0.398528	-10.292762	0	0	0	
27200	-0.885922	-0.296007	-10.326055	0	0	0	
27360	-0.753654	-0.399281	-10.285005	0	0	0	
27520	-0.719604	-0.340309	-10.258850	0	0	0	
27680	-0.724621	-0.320487	-10.253999	0	0	0	
27840	-0.693233	-0.340201	-10.144850	0	0	0	
28000	-0.739476	-0.144712	-10.170091	0	0	0	
28160	-0.683666	-0.177281	-10.120317	0	0	0	
28320	-0.711243	-0.192648	-10.105211	0	0	0	
28480	-0.637181	-0.088630	-10.094780	0	0	0	
28640	-0.588394	-0.106894	-10.060964	0	0	0	
28800	-0.598723	-0.070009	-9.930223	0	0	0	
28960	-0.557925	-0.097646	-9.922370	0	0	0	
29120	-0.528703	0.083390	-9.956444	0	0	0	
29280	-0.483644	0.039828	-9.943758	0	0	0	
29440	-0.433594	0.125175	-9.927168	0	0	0	
29600	-0.455243	0.071866	-9.819982	0	0	0	
29760	-0.435660	0.071974	-9.844400	0	0	0	
29920	-0.390353	0.111370	-9.729809	0	0	0	
30080	-0.327561	0.222695	-9.733479	0	0	0	
30240	-0.356517	0.175917	-9.688287	0	0	0	
30400	-0.319250	0.209698	-9.711322	0	0	0	
30560	-0.295744	0.239828	-9.623200	0	0	0	
30720	-0.227699	0.231475	-9.629489	0	0	0	
30880	-0.083962	0.335284	-9.681487	0	0	0	
31040	-0.197634	0.346977	-9.520990	0	0	0	
31200	-0.100456	0.413296	-9.570529	0	0	0	
31360	-0.141597	0.341881	-9.492630	0	0	0	
31520	-0.064641	0.471264	-9.458471	0	0	0	
31680	-0.097836	0.427202	-9.442974	0	0	0	
31840	0.023941	0.499199	-9.392250	0	0	0	
32000	-0.042246	0.489803	-9.355070	0	0	0	
32160	0.017891	0.553494	-9.313717	0	0	0	
32320	0.088678	0.585396	-9.322136	0	0	0	
32480	0.071627	0.660631	-9.254886	0	0	0	
32640	0.121715	0.682741	-9.176884	0	0	0	
32800	0.117585	0.663419	-9.272718	0	0	0	
32960	0.234479	0.685506	-9.242651	0	0	0	
33120	0.213344	0.704039	-9.177779	0	0	0	
33280	0.198347	0.760885	-9.145677	0	0	0	
33440	0.288621	0.726912	-9.149134	0	0	0	
33600	0.292549	0.825400	-9.161632	0	0	0	
33760	0.282513	0.832431	-9.018914	0	0	0	
33920	0.361573	0.846315	-9.079043	0	0	0	
34080	0.435424	0.848782	-9.070615	0	0	0	
34240	0.430105	0.874333	-9.038720	0	0	0	
34400	0.483496	0.840116	-9.001899	0	0	0	
34560	0.459136	0.894698	-9.045237	0	0	0	
34720	0.482853	0.862344	-9.067083	0	0	0	
34880	0.473557	0.846512	-8.984398	0	0	0	
35040	0.553641	0.921782	-8.949392	0	0	0	
35200	0.540823	0.944361	-8.888992	0	0	0	
35360	0.598546	0.968227	-8.903059	0	0	0	
35520	0.679113	0.964579	-8.861335	0	0	0	
35680	0.637681	1.016545	-8.880063	0	0	0	
35840	0.634474	0.924857	-8.870411	0	0	0	
36000	0.622104	0.958478	-8.811480	0	0	0	
36160	0.717153	0.951946	-8.883239	0	0	0	
36320	0.737323	1.033238	-8.926344	0	0	0	
36480	0.759725	0.952154	-8.880279	0	0	0	
36640	0.750326	1.003125	-8.846696	0	0	0	
36800	0.804215	1.005638	-8.834216	0	0	0	
36960	0.846776	0.968306	-8.861899	0	0	0	
37120	0.792274	0.966361	-8.835024	0	0	0	
37280	0.839764	1.026727	-8.764884	0	0	0	
37440	0.924598	0.991799	-8.833915	0	0	0	
37600	0.884767	0.993475	-8.792629	0	0	0	
37760	0.887067	0.974037	-8.838577	0	0	0	
37920	0.900238	0.956363	-8.809266	0	0	0	
38080	0.929257	0.990396	-8.864476	0	0	0	
38240	0.983960	1.015025	-8.798750	0	0	0	
38400	0.915837	1.011566	-8.843515	0	0	0	
38560	1.001404	1.025812	-8.832392	0	0	0	
38720	0.985585	0.917605	-8.757429	0	0	0	
38880	1.015897	0.984305	-8.847810	0	0	0	
39040	1.036703	0.897948	-8.806129	0	0	0	
39200	0.945944	0.894325	-8.844884	0	0	0	
39360	1.015375	0.888923	-8.886927	0	0	0	
39520	0.884477	0.851971	-8.908161	0	0	0	
39680	0.965142	0.927737	-8.897738	0	0	0	
39840	0.992351	0.842560	-8.858139	0	0	0	
40000	1.022782	0.849666	-8.897870	0	0	0	
40160	0.967411	0.858894	-8.980774	0	0	0	
40320	0.991389	0.844587	-8.950675	0	0	0	
40480	0.985098	0.798989	-8.868202	0	0	0	
40640	1.020132	0.756033	-8.940722	0	0	0	
40800	0.991499	0.788774	-9.058927	0	0	0	
40960	1.043374	0.689811	-9.029536	0	0	0	
41120	0.944539	0.707862	-9.043308	0	0	0	
41280	0.967103	0.733799	-9.003567	0	0	0	
41440	0.993191	0.605222	-9.021269	0	0	0	
41600	0.992534	0.673358	-9.093156	0	0	0	
41760	0.953661	0.509620	-9.078050	0	0	0	
41920	0.891320	0.594934	-9.139808	0	0	0	
42080	0.905977	0.537548	-9.091987	0	0	0	
42240	0.923505	0.545048	-9.195575	0	0	0	
42400	0.922565	0.504985	-9.132252	0	0	0	
42560	0.813934	0.482635	-9.220169	0	0	0	
42720	0.866668	0.422189	-9.260854	0	0	0	
42880	0.892821	0.450811	-9.251204	0	0	0	
43040	0.811475	0.354009	-9.333605	0	0	0	
43200	0.862492	0.392066	-9.261640	0	0	0	
43360	0.814371	0.337930	-9.387068	0	0	0	
43520	0.718585	0.329500	-9.354453	0	0	0	
43680	0.745744	0.243257	-9.487246	0	0	0	
43840	0.805722	0.176383	-9.467724	0	0	0	
44000	0.738785	0.165319	-9.511142	0	0	0	
44160	0.668091	0.145214	-9.446116	0	0	0	
44320	0.639523	0.213165	-9.541067	0	0	0	
44480	0.693721	0.119549	-9.527909	0	0	0	
44640	0.557345	0.082466	-9.605950	0	0	0	
44800	0.633973	0.057024	-9.615649	0	0	0	
44960	0.605610	0.095487	-9.650576	0	0	0	
45120	0.557177	-0.006426	-9.640468	0	0	0	
45280	0.523281	-0.021398	-9.687908	0	0	0	
45440	0.497922	-0.065048	-9.739703	0	0	0	
45600	0.456773	-0.107175	-9.805477	0	0	0	
45760	0.371830	-0.093532	-9.815599	0	0	0	
45920	0.468720	-0.125945	-9.808282	0	0	0	
46080	0.408714	-0.152426	-9.831830	0	0	0	
46240	0.378292	-0.215102	-9.978005	0	0	0	
46400	0.298348	-0.287078	-9.946760	0	0	0	
46560	0.222272	-0.268805	-9.910838	0	0	0	
46720	0.233074	-0.367476	-10.025524	0	0	0	
46880	0.182926	-0.298545	-9.949958	0	0	0	
47040	0.115022	-0.377161	-10.117293	0	0	0	
47200	0.165154	-0.417746	-10.011811	0	0	0	
47360	0.118677	-0.420397	-10.097778	0	0	0	
47520	0.103464	-0.422091	-10.155225	0	0	0	
47680	0.092341	-0.486965	-10.201378	0	0	0	
47840	0.004819	-0.527586	-10.167406	0	0	0	
48000	0.060204	-0.556461	-10.190605	0	0	0	
48160	0.002319	-0.522310	-10.217647	0	0	0	
48320	-0.064986	-0.554014	-10.328080	0	0	0	
48480	-0.087535	-0.626451	-10.364552	0	0	0	
48640	-0.179717	-0.584607	-10.412015	0	0	0	
48800	-0.180854	-0.659752	-10.429797	0	0	0	
48960	-0.239915	-0.689482	-10.399407	0	0	0	
49120	-0.195667	-0.695380	-10.414182	0	0	0	
49280	-0.305984	-0.694410	-10.473369	0	0	0	
49440	-0.258554	-0.729236	-10.464498	0	0	0	
49600	-0.338612	-0.795262	-10.546334	0	0	0	
49760	-0.360359	-0.717265	-10.557940	0	0	0	
49920	-0.406753	-0.759195	-10.539941	0	0	0	
50080	-0.433029	-0.840341	-10.594050	0	0	0	
50240	-0.475106	-0.781991	-10.614182	0	0	0	
50400	-0.476711	-0.791145	-10.653244	0	0	0	
50560	-0.528675	-0.888635	-10.575712	0	0	0	
50720	-0.540939	-0.885094	-10.581269	0	0	0	
50880	-0.517262	-0.952363	-10.622412	0	0	0	
51040	-0.515997	-0.879874	-10.648556	0	0	0	
51200	-0.634207	-0.891216	-10.627461	0	0	0	
51360	-0.616348	-0.967502	-10.642346	0	0	0	
51520	-0.602398	-0.959992	-10.753793	0	0	0	
51680	-0.633494	-0.925283	-10.684850	0	0	0	
51840	-0.629912	-0.973591	-10.742786	0	0	0	
52000	-0.718195	-1.000187	-10.763398	0	0	0	
52160	-0.773470	-1.029470	-10.816998	0	0	0	
52320	-0.722972	-0.938137	-10.695019	0	0	0	
52480	-0.753696	-0.985261	-10.779974	0	0	0	
52640	-0.768327	-0.981693	-10.737778	0	0	0	
52800	-0.829497	-0.957735	-10.847238	0	0	0	
52960	-0.845775	-1.014043	-10.832888	0	0	0	
53120	-0.849903	-0.972355	-10.868244	0	0	0	
53280	-0.890841	-0.997000	-10.814932	0	0	0	
53440	-0.896533	-0.979861	-10.821941	0	0	0	
53600	-0.894056	-0.970337	-10.859577	0	0	0	
53760	-0.896960	-0.984047	-10.762979	0	0	0	
53920	-0.936319	-1.012877	-10.739136	0	0	0	
54080	-0.885791	-0.934899	-10.808219	0	0	0	
54240	-0.868694	-0.978408	-10.759997	0	0	0	
54400	-0.884861	-0.959970	-10.807539	0	0	0	
54560	-0.945982	-0.925269	-10.807469	0	0	0	
54720	-1.103572	-0.914274	-10.803874	0	0	0	
54880	-1.005856	-0.889802	-10.744853	0	0	0	
55040	-1.050595	-0.973629	-10.794578	0	0	0	
55200	-1.011458	-0.878302	-10.744441	0	0	0	
55360	-0.912124	-0.955191	-10.730614	0	0	0	
55520	-1.121778	-0.863927	-10.757712	0	0	0	
55680	-1.000429	-0.922478	-10.685158	0	0	0	
55840	-1.014106	-0.917357	-10.750886	0	0	0	
56000	-0.925798	-0.737056	-10.667353	0	0	0	
56160	-0.998497	-0.820433	-10.759866	0	0	0	
56320	-0.978305	-0.819604	-10.683333	0	0	0	
56480	-1.004151	-0.756926	-10.624627	0	0	0	
56640	-1.002980	-0.802185	-10.650750	0	0	0	
56800	-0.995718	-0.819932	-10.669216	0	0	0	
56960	-1.018769	-0.694861	-10.586880	0	0	0	
57120	-0.997291	-0.740237	-10.594840	0	0	0	
57280	-1.000097	-0.660162	-10.616680	0	0	0	
57440	-0.985421	-0.710470	-10.590045	0	0	0	
57600	-0.953995	-0.649604	-10.561010	0	0	0	
57760	-0.949306	-0.632182	-10.609888	0	0	0	
57920	-0.981452	-0.608285	-10.544460	0	0	0	
58080	-0.879821	-0.549965	-10.535933	0	0	0	
58240	-0.923135	-0.512273	-10.498714	0	0	0	
58400	-0.909009	-0.525546	-10.452709	0	0	0	
58560	-0.849417	-0.385430	-10.363212	0	0	0	
58720	-0.938261	-0.450021	-10.377995	0	0	0	
58880	-0.855827	-0.429596	-10.323075	0	0	0	
59040	-0.836919	-0.408706	-10.361923	0	0	0	
59200	-0.764673	-0.363275	-10.277028	0	0	0	
59360	-0.808070	-0.376862	-10.355702	0	0	0	
59520	-0.711216	-0.264176	-10.239153	0	0	0	
59680	-0.769935	-0.277815	-10.249335	0	0	0	
59840	-0.785009	-0.247250	-10.257063	0	0	0	
60000	-0.733018	-0.216836	-10.148188	0	0	0	
60160	-0.686825	-0.236820	-10.095551	0	0	0	
60320	-0.646562	-0.154863	-10.077920	0	0	0	
60480	-0.640026	-0.148274	-10.040835	0	0	0	
60640	-0.567373	-0.050780	-9.998085	0	0	0	
60800	-0.553845	-0.044210	-9.985317	0	0	0	
60960	-0.596738	-0.042852	-9.998695	0	0	0	
61120	-0.550269	-0.005582	-9.901513	0	0	0	
61280	-0.486449	-0.012456	-9.945225	0	0	0	
61440	-0.411018	0.080292	-9.771350	0	0	0	
61600	-0.452542	0.064105	-9.903015	0	0	0	
61760	-0.360191	0.087644	-9.852065	0	0	0	
61920	-0.418762	0.207110	-9.768553	0	0	0	
62080	-0.384603	0.133101	-9.764749	0	0	0	
62240	-0.353282	0.233726	-9.712107	0	0	0	
62400	-0.175958	0.276190	-9.716055	0	0	0	
62560	-0.238844	0.253712	-9.620355	0	0	0	
62720	-0.292832	0.266269	-9.618752	0	0	0	
62880	-0.205606	0.349643	-9.562404	0	0	0	
63040	-0.153279	0.363558	-9.576854	0	0	0	
63200	-0.132432	0.361566	-9.583491	0	0	0	
63360	-0.068073	0.390565	-9.439740	0	0	0	
63520	-0.083163	0.399329	-9.530699	0	0	0	
63680	-0.079533	0.548805	-9.394791	0	0	0	
63840	-0.018350	0.537458	-9.466375	0	0	0	
64000	-0.011095	0.561263	-9.374708	0	0	0	
64160	0.041693	0.625908	-9.408052	0	0	0	
64320	0.082914	0.642565	-9.286558	0	0	0	
64480	0.084990	0.714358	-9.283967	0	0	0	
64640	0.176481	0.674822	-9.291392	0	0	0	
64800	0.239020	0.722582	-9.215097	0	0	0	
64960	0.229405	0.749219	-9.196942	0	0	0	
65120	0.227755	0.671954	-9.210824	0	0	0	
65280	0.247212	0.695811	-9.198144	0	0	0	
65440	0.314387	0.750820	-9.084243	0	0	0	
65600	0.310252	0.848345	-9.164395	0	0	0	
65760	0.298974	0.762904	-9.085191	0	0	0	
65920	0.336114	0.771879	-9.128669	0	0	0	
66080	0.463889	0.795957	-9.010121	0	0	0	
66240	0.415648	0.825159	-9.019905	0	0	0	
66400	0.514113	0.835683	-9.022868	0	0	0	
66560	0.487914	0.881941	-8.967331	0	0	0	
66720	0.549450	0.874343	-8.955813	0	0	0	
66880	0.568685	0.912182	-8.938366	0	0	0	
67040	0.549737	0.837674	-8.953592	0	0	0	
67200	0.603061	0.959001	-8.949339	0	0	0	
67360	0.595490	0.952644	-8.960157	0	0	0	
67520	0.600023	0.865057	-8.906072	0	0	0	
67680	0.666887	0.984493	-8.940746	0	0	0	
67840	0.711438	0.911246	-8.911079	0	0	0	
68000	0.737640	0.939667	-8.843609	0	0	0	
68160	0.789679	0.990750	-8.858935	0	0	0	
68320	0.704590	1.056154	-8.820729	0	0	0	
68480	0.766117	0.996654	-8.855725	0	0	0	
68640	0.676695	0.960745	-8.873103	0	0	0	
68800	0.760440	0.992722	-8.850754	0	0	0	
68960	0.836677	0.994805	-8.804815	0	0	0	
69120	0.864608	0.953345	-8.774246	0	0	0	
69280	0.903987	1.002133	-8.782617	0	0	0	
69440	0.876235	0.978633	-8.738102	0	0	0	
69600	0.878617	0.970472	-8.833368	0	0	0	
69760	0.846896	0.988844	-8.776241	0	0	0	
69920	0.846207	0.996986	-8.820097	0	0	0	
70080	0.970484	0.936598	-8.840100	0	0	0	
70240	0.866610	0.993569	-8.839361	0	0	0	
70400	0.993010	0.979448	-8.771203	0	0	0	
70560	0.914458	1.008569	-8.806395	0	0	0	
70720	0.993804	0.994686	-8.832730	0	0	0	
70880	0.937543	0.993127	-8.862501	0	0	0	
71040	1.016270	0.968727	-8.873067	0	0	0	
71200	0.961138	0.931114	-8.883735	0	0	0	
71360	0.923132	0.837031	-8.882154	0	0	0	
71520	0.994243	0.832315	-8.858130	0	0	0	
71680	0.980527	0.825622	-8.944535	0	0	0	
71840	0.980872	0.821180	-8.888584	0	0	0	
72000	0.983564	0.858771	-8.949958	0	0	0	
72160	1.035489	0.886494	-8.921792	0	0	0	
72320	0.958977	0.841941	-8.954585	0	0	0	
72480	0.982406	0.738647	-8.908709	0	0	0	
72640	1.093846	0.766423	-8.916872	0	0	0	
72800	0.942857	0.736316	-8.995583	0	0	0	
72960	1.067630	0.710223	-9.000707	0	0	0	
73120	0.958812	0.737397	-9.078542	0	0	0	
73280	0.955799	0.656479	-8.980250	0	0	0	
73440	0.984020	0.625959	-9.075932	0	0	0	
73600	0.954789	0.631459	-9.023593	0	0	0	
73760	0.905004	0.648305	-9.096263	0	0	0	
73920	0.844267	0.674566	-9.117572	0	0	0	
74080	0.915304	0.627056	-9.235323	0	0	0	
74240	0.912608	0.540815	-9.144178	0	0	0	
74400	0.857621	0.552161	-9.206886	0	0	0	
74560	0.988907	0.528756	-9.228099	0	0	0	
74720	0.887620	0.502872	-9.204974	0	0	0	
74880	0.890468	0.412183	-9.281494	0	0	0	
75040	0.785539	0.417080	-9.301985	0	0	0	
75200	0.814153	0.388427	-9.379242	0	0	0	
75360	0.854684	0.415134	-9.328643	0	0	0	
75520	0.765560	0.269627	-9.301085	0	0	0	
75680	0.717283	0.245694	-9.419074	0	0	0	
75840	0.734317	0.220135	-9.385846	0	0	0	
76000	0.679406	0.283665	-9.433645	0	0	0	
76160	0.638124	0.213807	-9.468103	0	0	0	
76320	0.737224	0.154764	-9.543229	0	0	0	
76480	0.662049	0.123100	-9.490034	0	0	0	
76640	0.675378	0.084554	-9.526088	0	0	0	
76800	0.583169	0.079880	-9.600190	0	0	0	
76960	0.536952	0.047100	-9.634568	0	0	0	
77120	0.536181	0.007070	-9.684691	0	0	0	
77280	0.520284	-0.012037	-9.693180	0	0	0	
77440	0.425876	-0.084621	-9.729746	0	0	0	
77600	0.519183	-0.077291	-9.712671	0	0	0	
77760	0.411708	-0.179673	-9.841004	0	0	0	
77920	0.414704	-0.258936	-9.818807	0	0	0	
78080	0.365071	-0.220308	-9.876147	0	0	0	
78240	0.315834	-0.240267	-9.916143	0	0	0	
78400	0.264674	-0.239742	-9.913348	0	0	0	
78560	0.248333	-0.323403	-9.999841	0	0	0	
78720	0.205020	-0.334624	-9.949946	0	0	0	
78880	0.252778	-0.338421	-9.992279	0	0	0	
79040	0.154309	-0.435873	-10.043756	0	0	0	
79200	0.148690	-0.447306	-10.134314	0	0	0	
79360	0.080451	-0.521318	-10.127303	0	0	0	
79520	0.066601	-0.449909	-10.111939	0	0	0	
79680	0.125194	-0.524462	-10.167783	0	0	0	
79840	0.080781	-0.475973	-10.149958	0	0	0	
80000	-0.001284	-0.539419	-10.236909	0	0	0	
80160	-0.102423	-0.622717	-10.321492	0	0	0	
80320	-0.097879	-0.625398	-10.284273	0	0	0	
80480	-0.130288	-0.649364	-10.387260	0	0	0	
80640	-0.087068	-0.591910	-10.370721	0	0	0	
80800	-0.157231	-0.594450	-10.343049	0	0	0	
80960	-0.221720	-0.680345	-10.389997	0	0	0	
81120	-0.204000	-0.746299	-10.429437	0	0	0	
81280	-0.277606	-0.784189	-10.431450	0	0	0	
81440	-0.278751	-0.678408	-10.442948	0	0	0	
81600	-0.318224	-0.789778	-10.457701	0	0	0	
81760	-0.337390	-0.802859	-10.516163	0	0	0	
81920	-0.394623	-0.787851	-10.536369	0	0	0	
82080	-0.460834	-0.802442	-10.662508	0	0	0	
82240	-0.428047	-0.892271	-10.554250	0	0	0	
82400	-0.528238	-0.840954	-10.571313	0	0	0	
82560	-0.446349	-0.925208	-10.625464	0	0	0	
82720	-0.560996	-0.901114	-10.668938	0	0	0	
82880	-0.584598	-0.934466	-10.662649	0	0	0	
83040	-0.544369	-0.895080	-10.703659	0	0	0	
83200	-0.594342	-0.922334	-10.673169	0	0	0	
83360	-0.605663	-0.956475	-10.702393	0	0	0	
83520	-0.672132	-0.959676	-10.741771	0	0	0	
83680	-0.600336	-0.871091	-10.736145	0	0	0	
83840	-0.669832	-0.971814	-10.695798	0	0	0	
84000	-0.833947	-0.943651	-10.732551	0	0	0	
84160	-0.740078	-1.013191	-10.761996	0	0	0	
84320	-0.733719	-1.031505	-10.776395	0	0	0	
84480	-0.827638	-0.965344	-10.799101	0	0	0	
84640	-0.760454	-1.079835	-10.817529	0	0	0	
84800	-0.727102	-0.963973	-10.811414	0	0	0	
84960	-0.863492	-0.980625	-10.795109	0	0	0	
85120	-0.898814	-1.004841	-10.803538	0	0	0	
85280	-0.888780	-0.974463	-10.895574	0	0	0	
85440	-0.910548	-0.976020	-10.818648	0	0	0	
85600	-0.882595	-0.982543	-10.777622	0	0	0	
85760	-0.857961	-0.996203	-10.782533	0	0	0	
85920	-0.966593	-1.022072	-10.846896	0	0	0	
86080	-0.883279	-0.962101	-10.822909	0	0	0	
86240	-0.937896	-0.998841	-10.807305	0	0	0	
86400	-0.929006	-0.975488	-10.690050	0	0	0	
86560	-0.938610	-0.985910	-10.849469	0	0	0	
86720	-0.934037	-0.904650	-10.775981	0	0	0	
86880	-0.885166	-0.940781	-10.805962	0	0	0	
87040	-0.972999	-0.936715	-10.855863	0	0	0	
87200	-0.942125	-0.899705	-10.745507	0	0	0	
87360	-0.998504	-0.899246	-10.829860	0	0	0	
87520	-0.974019	-0.841467	-10.815598	0	0	0	
87680	-1.131797	-0.879120	-10.780545	0	0	0	
87840	-1.000260	-0.852297	-10.726805	0	0	0	
88000	-1.010813	-0.863911	-10.753844	0	0	0	
88160	-0.964082	-0.834576	-10.712475	0	0	0	
88320	-0.957108	-0.853034	-10.694197	0	0	0	
88480	-1.009856	-0.793744	-10.677030	0	0	0	
88640	-0.980710	-0.696271	-10.652628	0	0	0	
88800	-1.033744	-0.773293	-10.621887	0	0	0	
88960	-0.996574	-0.755727	-10.634088	0	0	0	
89120	-0.925796	-0.759212	-10.615002	0	0	0	
89280	-0.931297	-0.676023	-10.577183	0	0	0	
89440	-0.908634	-0.648996	-10.523344	0	0	0	
89600	-0.913567	-0.586372	-10.547408	0	0	0	
89760	-0.887751	-0.630274	-10.490517	0	0	0	
89920	-0.924345	-0.612856	-10.561901	0	0	0	
90080	-0.891403	-0.510780	-10.379452	0	0	0	
90240	-1.004831	-0.569112	-10.487249	0	0	0	
90400	-0.916849	-0.506979	-10.478551	0	0	0	
90560	-0.883090	-0.512708	-10.372101	0	0	0	
90720	-0.988797	-0.524675	-10.332084	0	0	0	
90880	-0.864265	-0.498184	-10.261187	0	0	0	
91040	-0.861089	-0.396183	-10.288347	0	0	0	
91200	-0.813444	-0.415659	-10.383781	0	0	0	
91360	-0.757474	-0.319239	-10.269974	0	0	0	
91520	-0.702664	-0.349553	-10.225245	0	0	0	
91680	-0.700209	-0.275684	-10.176075	0	0	0	
91840	-0.668579	-0.282926	-10.225934	0	0	0	
92000	-0.738424	-0.228703	-10.154957	0	0	0	
92160	-0.704083	-0.160073	-10.135312	0	0	0	
92320	-0.734706	-0.157458	-10.063963	0	0	0	
92480	-0.648015	-0.180547	-10.045702	0	0	0	
92640	-0.634901	-0.096772	-9.953234	0	0	0	
92800	-0.614690	-0.068875	-10.021979	0	0	0	
92960	-0.590607	-0.021112	-10.018454	0	0	0	
93120	-0.475722	0.049757	-9.973919	0	0	0	
93280	-0.468230	0.116776	-9.930855	0	0	0	
93440	-0.473546	0.032804	-9.914591	0	0	0	
93600	-0.494914	0.126320	-9.877787	0	0	0	
93760	-0.345097	0.063626	-9.857104	0	0	0	
93920	-0.432747	0.171617	-9.797589	0	0	0	
94080	-0.371903	0.237336	-9.707634	0	0	0	
94240	-0.368575	0.191360	-9.639768	0	0	0	
94400	-0.357362	0.252275	-9.634205	0	0	0	
94560	-0.308324	0.250918	-9.588101	0	0	0	
94720	-0.174372	0.341289	-9.682466	0	0	0	
94880	-0.254571	0.319013	-9.619328	0	0	0	
95040	-0.113475	0.331230	-9.614510	0	0	0	
95200	-0.127209	0.399538	-9.440798	0	0	0	
95360	-0.145166	0.444893	-9.581577	0	0	0	
95520	-0.092523	0.431321	-9.497523	0	0	0	
95680	-0.069636	0.380105	-9.453582	0	0	0	
95840	-0.070686	0.457602	-9.457913	0	0	0	
96000	0.020954	0.569768	-9.361854	0	0	0	
96160	0.064786	0.560488	-9.417740	0	0	0	
96320	0.017975	0.614683	-9.330167	0	0	0	
96480	0.080532	0.529372	-9.297469	0	0	0	
96640	0.099147	0.627933	-9.261136	0	0	0	
96800	0.207409	0.657576	-9.353996	0	0	0	
96960	0.210210	0.737104	-9.197579	0	0	0	
97120	0.139683	0.740081	-9.199687	0	0	0	
97280	0.232585	0.716222	-9.164991	0	0	0	
97440	0.300641	0.729750	-9.092189	0	0	0	
97600	0.301424	0.809111	-9.101503	0	0	0	
97760	0.364179	0.790198	-9.162435	0	0	0	
97920	0.358980	0.814500	-9.081390	0	0	0	
98080	0.461399	0.810971	-9.063218	0	0	0	
98240	0.484577	0.819934	-9.105367	0	0	0	
98400	0.510096	0.879989	-8.999698	0	0	0	
98560	0.443371	0.972694	-9.010069	0	0	0	
98720	0.446770	0.859311	-8.982907	0	0	0	
98880	0.586134	0.921299	-8.950315	0	0	0	
99040	0.533007	0.908171	-9.020566	0	0	0	
99200	0.521464	0.926591	-8.889206	0	0	0	
99360	0.621959	0.906267	-8.864318	0	0	0	
99520	0.713004	0.915129	-8.901010	0	0	0	
99680	0.724555	1.005074	-8.858389	0	0	0	
99840	0.693675	0.930238	-8.877889	0	0	0	
100000	0.660177	0.987378	-8.957648	0	0	0	
100160	0.734219	0.978514	-8.877363	0	0	0	
100320	0.683533	1.043375	-8.832620	0	0	0	
100480	0.858026	0.971796	-8.882167	0	0	0	
100640	0.787664	0.946186	-8.904365	0	0	0	
100800	0.803750	0.984212	-8.866735	0	0	0	
100960	0.779159	0.968237	-8.841616	0	0	0	
101120	0.886848	0.991260	-8.814557	0	0	0	
101280	0.840173	1.027113	-8.888235	0	0	0	
101440	0.893242	1.005950	-8.769619	0	0	0	
101600	0.860142	0.993971	-8.798727	0	0	0	
101760	0.939092	0.981770	-8.825718	0	0	0	
101920	0.873710	0.951141	-8.831322	0	0	0	
102080	0.939454	1.003205	-8.828673	0	0	0	
102240	0.954741	1.024960	-8.845609	0	0	0	
102400	0.959716	0.949783	-8.835501	0	0	0	
102560	0.970360	0.908895	-8.811898	0	0	0	
102720	0.948099	0.956271	-8.832081	0	0	0	
102880	1.026448	0.978764	-8.798244	0	0	0	
103040	0.870263	0.973827	-8.838259	0	0	0	
103200	0.941503	0.924653	-8.842056	0	0	0	
103360	1.030282	0.940721	-8.863463	0	0	0	
103520	1.003103	0.863365	-8.901791	0	0	0	
103680	1.003904	0.957458	-8.807356	0	0	0	
103840	0.953445	0.916821	-8.915736	0	0	0	
104000	0.992863	0.786302	-8.867829	0	0	0	
104160	1.059793	0.863048	-8.886560	0	0	0	
104320	0.968475	0.817873	-8.993537	0	0	0	
104480	1.013675	0.794099	-8.912569	0	0	0	
104640	1.022463	0.697590	-8.955565	0	0	0	
104800	1.022415	0.786448	-8.969899	0	0	0	
104960	0.963137	0.745182	-8.998824	0	0	0	
105120	0.974329	0.762705	-9.082087	0	0	0	
105280	0.939553	0.684684	-9.074328	0	0	0	
105440	0.908928	0.726851	-9.020324	0	0	0	
105600	0.971525	0.582913	-9.036877	0	0	0	
105760	0.844867	0.660843	-9.044445	0	0	0	
105920	1.063860	0.649630	-9.127674	0	0	0	
106080	0.916647	0.532385	-9.126578	0	0	0	
106240	0.915471	0.521577	-9.191266	0	0	0	
106400	0.876867	0.455964	-9.120785	0	0	0	
106560	0.797952	0.524391	-9.210604	0	0	0	
106720	0.910741	0.463928	-9.248770	0	0	0	
106880	0.860894	0.380026	-9.229109	0	0	0	
107040	0.805986	0.379326	-9.315025	0	0	0	
107200	0.803857	0.358382	-9.313107	0	0	0	
107360	0.768237	0.338619	-9.332517	0	0	0	
107520	0.749455	0.361284	-9.329905	0	0	0	
107680	0.683421	0.253461	-9.415411	0	0	0	
107840	0.733624	0.335221	-9.397752	0	0	0	
108000	0.741602	0.308130	-9.509856	0	0	0	
108160	0.676434	0.192600	-9.565675	0	0	0	
108320	0.628938	0.184997	-9.523736	0	0	0	
108480	0.677060	0.094525	-9.584574	0	0	0	
108640	0.571916	0.094008	-9.591168	0	0	0	
108800	0.567825	0.078339	-9.674848	0	0	0	
108960	0.566471	0.053672	-9.606864	0	0	0	
109120	0.511235	0.037376	-9.676032	0	0	0	
109280	0.519111	0.015548	-9.727653	0	0	0	
109440	0.498960	-0.044374	-9.728861	0	0	0	
109600	0.482624	-0.090308	-9.718796	0	0	0	
109760	0.444776	-0.096116	-9.852353	0	0	0	
109920	0.462018	-0.162454	-9.825874	0	0	0	
110080	0.442658	-0.190025	-9.802016	0	0	0	
110240	0.320228	-0.124032	-9.891199	0	0	0	
110400	0.292206	-0.294246	-10.026308	0	0	0	
110560	0.355928	-0.278030	-9.903163	0	0	0	
110720	0.297380	-0.322663	-9.938296	0	0	0	
110880	0.222552	-0.314803	-10.039460	0	0	0	
111040	0.183781	-0.385534	-10.077844	0	0	0	
111200	0.117149	-0.370984	-10.095475	0	0	0	
111360	0.037676	-0.385728	-10.112757	0	0	0	
111520	0.137640	-0.387506	-10.128243	0	0	0	
111680	0.078815	-0.473825	-10.191482	0	0	0	
111840	0.051101	-0.528601	-10.136051	0	0	0	
112000	0.016938	-0.548798	-10.239285	0	0	0	
112160	-0.021550	-0.604623	-10.207163	0	0	0	
112320	0.019646	-0.682363	-10.277023	0	0	0	
112480	-0.052509	-0.652277	-10.293216	0	0	0	
112640	-0.182181	-0.640194	-10.359496	0	0	0	
112800	-0.171925	-0.637304	-10.355538	0	0	0	
112960	-0.187532	-0.627975	-10.403180	0	0	0	
113120	-0.183948	-0.710527	-10.448627	0	0	0	
113280	-0.290966	-0.792471	-10.425972	0	0	0	
113440	-0.349260	-0.775892	-10.490885	0	0	0	
113600	-0.277249	-0.764944	-10.577914	0	0	0	
113760	-0.434693	-0.721651	-10.518452	0	0	0	
113920	-0.300158	-0.817077	-10.522006	0	0	0	
114080	-0.402543	-0.812512	-10.617331	0	0	0	
114240	-0.505119	-0.818463	-10.556780	0	0	0	
114400	-0.431804	-0.838044	-10.601600	0	0	0	
114560	-0.533628	-0.868416	-10.678428	0	0	0	
114720	-0.411907	-0.905446	-10.691753	0	0	0	
114880	-0.563999	-0.902487	-10.681403	0	0	0	
115040	-0.549739	-0.926176	-10.709025	0	0	0	
115200	-0.513372	-0.899122	-10.741531	0	0	0	
115360	-0.595069	-0.961812	-10.745549	0	0	0	
115520	-0.616219	-0.997901	-10.702183	0	0	0	
115680	-0.610574	-0.940499	-10.720161	0	0	0	
115840	-0.713990	-1.047639	-10.712748	0	0	0	
116000	-0.659185	-0.990053	-10.770183	0	0	0	
116160	-0.779327	-0.956969	-10.778442	0	0	0	
116320	-0.737713	-1.009118	-10.750594	0	0	0	
116480	-0.753341	-0.944957	-10.733552	0	0	0	
116640	-0.804022	-1.035431	-10.741984	0	0	0	
116800	-0.715845	-1.080739	-10.802223	0	0	0	
116960	-0.849480	-0.989925	-10.785538	0	0	0	
117120	-0.846347	-0.939241	-10.809804	0	0	0	
117280	-0.855985	-0.962035	-10.769420	0	0	0	
117440	-0.879500	-0.969635	-10.730603	0	0	0	
117600	-0.862030	-1.028315	-10.883447	0	0	0	
117760	-0.964359	-0.957360	-10.876974	0	0	0	
117920	-0.925809	-0.971539	-10.809968	0	0	0	
118080	-0.879849	-0.997580	-10.817385	0	0	0	
118240	-0.980073	-0.954421	-10.742971	0	0	0	
118400	-0.962867	-0.954824	-10.773553	0	0	0	
118560	-0.972789	-0.964506	-10.726808	0	0	0	
118720	-0.950281	-0.912860	-10.866113	0	0	0	
118880	-1.039619	-0.915287	-10.808161	0	0	0	
119040	-0.942421	-0.864483	-10.704804	0	0	0	
119200	-0.986162	-0.956828	-10.740056	0	0	0	
119360	-0.987595	-0.859399	-10.734634	0	0	0	
119520	-0.989383	-0.905871	-10.762378	0	0	0	
119680	-1.044975	-0.899004	-10.703716	0	0	0	
119840	-0.938248	-0.868594	-10.671228	0	0	0	
120000	-1.007014	-0.882372	-10.715502	0	0	0	
120160	-0.960566	-0.774130	-10.703072	0	0	0	
120320	-0.930997	-0.810867	-10.690656	0	0	0	
120480	-0.975369	-0.838366	-10.642855	0	0	0	
120640	-0.999201	-0.734409	-10.644958	0	0	0	
120800	-0.993849	-0.746227	-10.663447	0	0	0	
120960	-0.975846	-0.722337	-10.609042	0	0	0	
121120	-0.930507	-0.666766	-10.509599	0	0	0	
121280	-0.985843	-0.648093	-10.561324	0	0	0	
121440	-0.957490	-0.648878	-10.575729	0	0	0	
121600	-0.922841	-0.655641	-10.454688	0	0	0	
121760	-0.960516	-0.631748	-10.557532	0	0	0	
121920	-0.922632	-0.548184	-10.521330	0	0	0	
122080	-0.881592	-0.561098	-10.462294	0	0	0	
122240	-0.836727	-0.466031	-10.407942	0	0	0	
122400	-0.960492	-0.526697	-10.457109	0	0	0	
122560	-0.873334	-0.514997	-10.414711	0	0	0	
122720	-0.862085	-0.428626	-10.379938	0	0	0	
122880	-0.845218	-0.464253	-10.379768	0	0	0	
123040	-0.798357	-0.427843	-10.353879	0	0	0	
123200	-0.782303	-0.399075	-10.298039	0	0	0	
123360	-0.718503	-0.300246	-10.258631	0	0	0	
123520	-0.756463	-0.298995	-10.285053	0	0	0	
123680	-0.734825	-0.200680	-10.240406	0	0	0	
123840	-0.694179	-0.282799	-10.168259	0	0	0	
124000	-0.769461	-0.294113	-10.163324	0	0	0	
124160	-0.707777	-0.207382	-10.161288	0	0	0	
124320	-0.677173	-0.120403	-10.093469	0	0	0	
124480	-0.627640	-0.082597	-10.052088	0	0	0	
124640	-0.573728	-0.061071	-9.952628	0	0	0	
124800	-0.577502	-0.000052	-10.014571	0	0	0	
124960	-0.600841	-0.055092	-9.836454	0	0	0	
125120	-0.494019	0.074147	-9.944189	0	0	0	
125280	-0.567191	0.029655	-9.921320	0	0	0	
125440	-0.521750	0.094341	-9.900333	0	0	0	
125600	-0.508539	0.113806	-9.818532	0	0	0	
125760	-0.445361	0.099246	-9.824899	0	0	0	
125920	-0.340615	0.185844	-9.798172	0	0	0	
126080	-0.354492	0.140599	-9.710028	0	0	0	
126240	-0.335445	0.248763	-9.733584	0	0	0	
126400	-0.249025	0.288379	-9.709254	0	0	0	
126560	-0.267612	0.252774	-9.706560	0	0	0	
126720	-0.241116	0.368890	-9.617455	0	0	0	
126880	-0.261445	0.354694	-9.594662	0	0	0	
127040	-0.145991	0.397583	-9.481742	0	0	0	
127200	-0.191088	0.401473	-9.556207	0	0	0	
127360	-0.091108	0.449643	-9.491899	0	0	0	
127520	-0.084229	0.501771	-9.496008	0	0	0	
127680	-0.089945	0.439277	-9.520738	0	0	0	
127840	-0.081169	0.543765	-9.391480	0	0	0	
128000	-0.014789	0.478191	-9.368654	0	0	0	
128160	-0.011033	0.469600	-9.331306	0	0	0	
128320	0.041806	0.568858	-9.371958	0	0	0	
128480	0.064683	0.606388	-9.293052	0	0	0	
128640	0.089154	0.588329	-9.318439	0	0	0	
128800	0.099331	0.706489	-9.214908	0	0	0	
128960	0.244980	0.669248	-9.213319	0	0	0	
129120	0.205069	0.769458	-9.116526	0	0	0	
129280	0.247696	0.695691	-9.134728	0	0	0	
129440	0.323344	0.652558	-9.170238	0	0	0	
129600	0.283200	0.734670	-9.096812	0	0	0	
129760	0.351208	0.799907	-9.079883	0	0	0	
129920	0.364293	0.800642	-9.033536	0	0	0	
130080	0.310901	0.866069	-9.024496	0	0	0	
130240	0.429634	0.829562	-9.026054	0	0	0	
130400	0.460922	0.891309	-8.982662	0	0	0	
130560	0.547745	0.948070	-8.965390	0	0	0	
130720	0.514846	0.920927	-8.999247	0	0	0	
130880	0.515306	0.887634	-9.017003	0	0	0	
131040	0.511514	0.924345	-8.929582	0	0	0	
131200	0.568008	0.870765	-8.844691	0	0	0	
131360	0.621861	0.918857	-8.942347	0	0	0	
131520	0.635362	0.954920	-8.899314	0	0	0	
131680	0.648728	0.996615	-8.915117	0	0	0	
131840	0.654530	0.952416	-8.866744	0	0	0	
132000	0.785242	0.965371	-8.809164	0	0	0	
132160	0.719386	0.986241	-8.904295	0	0	0	
132320	0.740818	0.982161	-8.797262	0	0	0	
132480	0.777721	1.051424	-8.799044	0	0	0	
132640	0.793147	0.984334	-8.810887	0	0	0	
132800	0.807200	1.002635	-8.855692	0	0	0	
132960	0.849797	0.977927	-8.838088	0	0	0	
133120	0.893517	1.081713	-8.800519	0	0	0	
133280	0.788744	0.964184	-8.812292	0	0	0	
133440	0.970514	1.011644	-8.789968	0	0	0	
133600	0.895326	0.968483	-8.885610	0	0	0	
133760	0.872677	1.069074	-8.824074	0	0	0	
133920	0.976303	1.051480	-8.778681	0	0	0	
134080	0.946136	0.885480	-8.728698	0	0	0	
134240	0.976385	0.937948	-8.863331	0	0	0	
134400	0.939917	0.943318	-8.830834	0	0	0	
134560	0.979868	0.991173	-8.842233	0	0	0	
134720	1.059659	0.971837	-8.781775	0	0	0	
134880	0.974948	0.901167	-8.825927	0	0	0	
135040	0.966699	0.884258	-8.938897	0	0	0	
135200	0.967322	0.898863	-8.910010	0	0	0	
135360	1.003249	0.882575	-8.857340	0	0	0	
135520	0.958812	0.899759	-8.786023	0	0	0	
135680	1.010936	0.904799	-8.945421	0	0	0	
135840	1.034856	0.854822	-8.858675	0	0	0	
136000	0.997510	0.853889	-8.879170	0	0	0	
136160	0.974996	0.849034	-8.950605	0	0	0	
136320	0.980730	0.799916	-8.868894	0	0	0	
136480	1.024631	0.794787	-9.015598	0	0	0	
136640	0.977870	0.727914	-8.973252	0	0	0	
136800	0.928980	0.733422	-9.002418	0	0	0	
136960	0.999711	0.768129	-8.998265	0	0	0	
137120	0.956108	0.761633	-8.994851	0	0	0	
137280	1.002388	0.744469	-9.029131	0	0	0	
137440	0.968041	0.684041	-9.079902	0	0	0	
137600	1.032975	0.597430	-9.074802	0	0	0	
137760	0.958713	0.638271	-9.078347	0	0	0	
137920	0.920854	0.550416	-9.048746	0	0	0	
138080	0.842722	0.619732	-9.077586	0	0	0	
138240	0.891984	0.577553	-9.259544	0	0	0	
138400	0.897232	0.556266	-9.260451	0	0	0	
138560	0.778509	0.487596	-9.191994	0	0	0	
138720	0.812808	0.498257	-9.275313	0	0	0	
138880	0.819248	0.414424	-9.286287	0	0	0	
139040	0.872784	0.447839	-9.284302	0	0	0	
139200	0.822404	0.344969	-9.392669	0	0	0	
139360	0.741063	0.401673	-9.347038	0	0	0	
139520	0.759762	0.275847	-9.473428	0	0	0	
139680	0.786510	0.227278	-9.442857	0	0	0	
139840	0.796395	0.303658	-9.383884	0	0	0	
140000	0.694245	0.223595	-9.407471	0	0	0	
140160	0.710930	0.211572	-9.479109	0	0	0	
140320	0.717092	0.202260	-9.495916	0	0	0	
140480	0.640565	0.123308	-9.595240	0	0	0	
140640	0.612112	0.121766	-9.567866	0	0	0	
140800	0.613128	0.065266	-9.672934	0	0	0	
140960	0.597967	0.030702	-9.733267	0	0	0	
141120	0.483675	0.045387	-9.656983	0	0	0	
141280	0.528752	0.013915	-9.641265	0	0	0	
141440	0.468035	-0.080626	-9.706742	0	0	0	
141600	0.496848	-0.123009	-9.786519	0	0	0	
141760	0.431302	-0.125515	-9.749424	0	0	0	
141920	0.449698	-0.132676	-9.827457	0	0	0	
142080	0.476573	-0.243370	-9.906431	0	0	0	
142240	0.345006	-0.175570	-9.955285	0	0	0	
142400	0.285021	-0.220655	-9.958549	0	0	0	
142560	0.286899	-0.205831	-9.955456	0	0	0	
142720	0.289422	-0.324633	-10.048229	0	0	0	
142880	0.238578	-0.278428	-10.044407	0	0	0	
143040	0.267635	-0.395669	-10.052401	0	0	0	
143200	0.199439	-0.400067	-10.072506	0	0	0	
143360	0.078900	-0.472122	-10.090898	0	0	0	
143520	0.147491	-0.476798	-10.111189	0	0	0	
143680	0.119691	-0.452563	-10.169680	0	0	0	
143840	-0.026640	-0.449683	-10.141984	0	0	0	
144000	0.004203	-0.503351	-10.209892	0	0	0	
144160	0.020499	-0.530818	-10.212960	0	0	0	
144320	-0.154315	-0.583964	-10.327360	0	0	0	
144480	-0.107210	-0.628225	-10.344854	0	0	0	
144640	-0.149503	-0.601041	-10.312259	0	0	0	
144800	-0.134930	-0.624014	-10.388351	0	0	0	
144960	-0.191367	-0.627982	-10.414573	0	0	0	
145120	-0.162004	-0.671041	-10.367100	0	0	0	
145280	-0.239130	-0.750993	-10.570779	0	0	0	
145440	-0.244005	-0.697436	-10.476911	0	0	0	
145600	-0.237649	-0.794731	-10.481395	0	0	0	
145760	-0.394061	-0.849881	-10.448130	0	0	0	
145920	-0.303396	-0.775842	-10.560065	0	0	0	
146080	-0.405362	-0.768173	-10.549601	0	0	0	
146240	-0.376255	-0.835795	-10.592227	0	0	0	
146400	-0.413353	-0.815777	-10.569476	0	0	0	
146560	-0.502899	-0.878920	-10.677900	0	0	0	
146720	-0.509062	-0.890624	-10.632314	0	0	0	
146880	-0.608895	-0.852079	-10.645675	0	0	0	
147040	-0.542598	-0.941735	-10.615231	0	0	0	
147200	-0.586493	-0.892260	-10.672774	0	0	0	
147360	-0.638700	-0.900970	-10.743583	0	0	0	
147520	-0.627464	-0.934426	-10.722026	0	0	0	
147680	-0.757161	-0.979618	-10.749403	0	0	0	
147840	-0.681833	-1.020807	-10.791029	0	0	0	
148000	-0.760122	-0.971897	-10.715782	0	0	0	
148160	-0.823289	-0.979567	-10.697905	0	0	0	
148320	-0.767599	-1.013812	-10.733764	0	0	0	
148480	-0.764767	-1.006908	-10.807711	0	0	0	
148640	-0.805944	-1.003303	-10.734139	0	0	0	
148800	-0.714908	-0.973023	-10.702054	0	0	0	
148960	-0.842895	-1.068875	-10.757451	0	0	0	
149120	-0.817441	-1.027676	-10.828860	0	0	0	
149280	-0.914979	-1.034001	-10.833900	0	0	0	
149440	-0.952670	-0.996716	-10.822136	0	0	0	
149600	-0.972440	-0.988086	-10.848619	0	0	0	
149760	-0.896628	-0.999953	-10.764475	0	0	0	
149920	-0.904606	-0.945205	-10.821395	0	0	0	
150080	-0.921419	-1.010653	-10.860671	0	0	0	
150240	-0.954924	-0.924949	-10.816770	0	0	0	
150400	-0.883814	-0.992173	-10.889070	0	0	0	
150560	-1.057927	-0.911410	-10.775566	0	0	0	
150720	-0.866530	-0.972384	-10.818596	0	0	0	
150880	-0.932274	-0.937498	-10.831459	0	0	0	
151040	-1.087969	-0.936825	-10.766267	0	0	0	
151200	-0.929526	-0.870755	-10.744470	0	0	0	
151360	-0.978975	-0.899180	-10.768592	0	0	0	
151520	-0.930825	-0.861121	-10.691456	0	0	0	
151680	-0.991920	-0.861445	-10.778019	0	0	0	
151840	-0.987174	-0.901842	-10.732180	0	0	0	
152000	-0.912384	-0.887857	-10.693303	0	0	0	
152160	-0.994979	-0.778233	-10.728523	0	0	0	
152320	-0.981482	-0.859706	-10.689724	0	0	0	
152480	-1.046460	-0.745069	-10.613319	0	0	0	
152640	-1.001534	-0.838030	-10.681199	0	0	0	
152800	-1.058198	-0.729245	-10.714592	0	0	0	
152960	-0.943545	-0.721865	-10.638600	0	0	0	
153120	-1.000224	-0.718481	-10.616603	0	0	0	
153280	-0.992273	-0.633043	-10.487370	0	0	0	
153440	-0.994594	-0.676017	-10.536861	0	0	0	
153600	-0.961565	-0.707745	-10.508363	0	0	0	
153760	-1.029365	-0.624130	-10.538306	0	0	0	
153920	-0.921351	-0.610697	-10.518920	0	0	0	
154080	-0.895287	-0.549615	-10.515475	0	0	0	
154240	-0.984178	-0.523110	-10.374942	0	0	0	
154400	-0.939869	-0.520852	-10.493860	0	0	0	
154560	-0.810725	-0.492024	-10.376860	0	0	0	
154720	-0.859731	-0.454112	-10.364142	0	0	0	
154880	-0.831445	-0.445287	-10.369187	0	0	0	
155040	-0.876622	-0.439015	-10.354436	0	0	0	
155200	-0.824150	-0.383985	-10.309218	0	0	0	
155360	-0.807658	-0.251399	-10.227701	0	0	0	
155520	-0.831194	-0.285448	-10.219147	0	0	0	
155680	-0.721262	-0.200778	-10.229044	0	0	0	
155840	-0.684449	-0.257614	-10.210930	0	0	0	
156000	-0.735819	-0.216802	-10.141692	0	0	0	
156160	-0.635915	-0.167405	-10.133096	0	0	0	
156320	-0.584956	-0.108064	-10.101820	0	0	0	
156480	-0.747877	-0.183291	-9.978910	0	0	0	
156640	-0.594517	-0.118445	-10.025272	0	0	0	
156800	-0.573849	-0.136057	-10.062280	0	0	0	
156960	-0.517597	-0.087708	-9.993469	0	0	0	
157120	-0.567217	0.074901	-9.957226	0	0	0	
157280	-0.534557	-0.011342	-9.861931	0	0	0	
157440	-0.515079	0.014740	-9.896093	0	0	0	
157600	-0.530903	0.130497	-9.865399	0	0	0	
157760	-0.430885	0.138983	-9.792168	0	0	0	
157920	-0.369913	0.084551	-9.709993	0	0	0	
158080	-0.414200	0.211007	-9.730113	0	0	0	
158240	-0.332910	0.236721	-9.726840	0	0	0	
158400	-0.211979	0.230184	-9.691081	0	0	0	
158560	-0.299795	0.242637	-9.638717	0	0	0	
158720	-0.286824	0.239427	-9.553647	0	0	0	
158880	-0.226370	0.370311	-9.486509	0	0	0	
159040	-0.151316	0.309364	-9.563735	0	0	0	
159200	-0.085772	0.377694	-9.530075	0	0	0	
159360	-0.055931	0.386741	-9.430222	0	0	0	
159520	-0.081689	0.528613	-9.449434	0	0	0	
159680	-0.055318	0.538865	-9.454049	0	0	0	
159840	0.058794	0.494968	-9.386417	0	0	0	
160000	-0.027424	0.552037	-9.385404	0	0	0	
160160	0.013233	0.618134	-9.344005	0	0	0	
160320	0.073644	0.593082	-9.320869	0	0	0	
160480	0.081093	0.657472	-9.263105	0	0	0	
160640	0.104725	0.652884	-9.287859	0	0	0	
160800	0.222999	0.604827	-9.178107	0	0	0	
160960	0.240844	0.760103	-9.229669	0	0	0	
161120	0.181146	0.655194	-9.159983	0	0	0	
161280	0.214894	0.766881	-9.185612	0	0	0	
161440	0.302389	0.764191	-9.125489	0	0	0	
161600	0.279972	0.773346	-9.180942	0	0	0	
161760	0.297745	0.766090	-9.149264	0	0	0	
161920	0.360293	0.812044	-9.113434	0	0	0	
162080	0.449573	0.792268	-9.064959	0	0	0	
162240	0.445818	0.782456	-9.098747	0	0	0	
162400	0.459355	0.900449	-9.053656	0	0	0	
162560	0.518671	0.873110	-8.979758	0	0	0	
162720	0.460041	0.846792	-8.925005	0	0	0	
162880	0.492217	0.879196	-9.019102	0	0	0	
163040	0.615188	0.889793	-8.947147	0	0	0	
163200	0.664868	0.939239	-8.913620	0	0	0	
163360	0.596979	0.942975	-8.934336	0	0	0	
163520	0.621459	0.938343	-8.881691	0	0	0	
163680	0.585633	1.016918	-8.840262	0	0	0	
163840	0.666678	1.007517	-8.910344	0	0	0	
164000	0.816090	0.999569	-8.864732	0	0	0	
164160	0.677533	0.951079	-8.833651	0	0	0	
164320	0.756505	1.059364	-8.830488	0	0	0	
164480	0.745845	0.994156	-8.829868	0	0	0	
164640	0.819194	1.049846	-8.789079	0	0	0	
164800	0.751251	0.973469	-8.812394	0	0	0	
164960	0.817429	1.026030	-8.826198	0	0	0	
165120	0.870466	0.993081	-8.825656	0	0	0	
165280	0.826159	1.058958	-8.731108	0	0	0	
165440	0.974149	0.979291	-8.852413	0	0	0	
165600	0.854643	1.016629	-8.873240	0	0	0	
165760	0.925149	1.053390	-8.749734	0	0	0	
165920	0.896363	0.950141	-8.835384	0	0	0	
166080	0.966578	1.018255	-8.764024	0	0	0	
166240	0.987306	1.016517	-8.871908	0	0	0	
166400	0.968847	0.985129	-8.775562	0	0	0	
166560	0.945542	0.981572	-8.719785	0	0	0	
166720	0.854403	0.924873	-8.810354	0	0	0	
166880	0.970099	0.994476	-8.892562	0	0	0	
167040	1.046004	0.914105	-8.819349	0	0	0	
167200	1.007356	0.943361	-8.842645	0	0	0	
167360	1.049263	0.904632	-8.804724	0	0	0	
167520	1.012197	0.865994	-8.851451	0	0	0	
167680	1.032134	0.942211	-8.894733	0	0	0	
167840	0.909160	0.895033	-8.908941	0	0	0	
168000	0.996677	0.893282	-8.891741	0	0	0	
168160	0.958549	0.804493	-8.946701	0	0	0	
168320	0.993066	0.832177	-8.932123	0	0	0	
168480	0.984186	0.725372	-8.971097	0	0	0	
168640	0.925137	0.749927	-8.958036	0	0	0	
168800	1.042379	0.772518	-9.040622	0	0	0	
168960	0.965254	0.749709	-8.979859	0	0	0	
169120	0.963702	0.696549	-9.034558	0	0	0	
169280	1.033421	0.692703	-9.012363	0	0	0	
169440	1.008262	0.668655	-9.110911	0	0	0	
169600	0.964867	0.651588	-9.018270	0	0	0	
169760	0.898307	0.603770	-9.079304	0	0	0	
169920	0.914917	0.529319	-9.174989	0	0	0	
170080	0.978883	0.503246	-9.247178	0	0	0	
170240	0.885284	0.548549	-9.156665	0	0	0	
170400	0.892016	0.492063	-9.171421	0	0	0	
170560	0.894223	0.473234	-9.180341	0	0	0	
170720	0.742323	0.466499	-9.176524	0	0	0	
170880	0.918170	0.463278	-9.215599	0	0	0	
171040	0.842329	0.437295	-9.295297	0	0	0	
171200	0.821460	0.407968	-9.254064	0	0	0	
171360	0.816708	0.388110	-9.386326	0	0	0	
171520	0.803089	0.325921	-9.326114	0	0	0	
171680	0.741073	0.275495	-9.423270	0	0	0	
171840	0.727657	0.260849	-9.440213	0	0	0	
172000	0.766117	0.189000	-9.488353	0	0	0	
172160	0.753334	0.107345	-9.546325	0	0	0	
172320	0.663860	0.158437	-9.594709	0	0	0	
172480	0.627869	0.088446	-9.447845	0	0	0	
172640	0.631562	0.067986	-9.549762	0	0	0	
172800	0.492851	0.041091	-9.653757	0	0	0	
172960	0.516704	0.088288	-9.754189	0	0	0	
173120	0.461023	-0.012220	-9.647494	0	0	0	
173280	0.468656	-0.058269	-9.716137	0	0	0	
173440	0.509812	-0.089691	-9.725895	0	0	0	
173600	0.403144	-0.038900	-9.767133	0	0	0	
173760	0.419250	-0.132954	-9.808160	0	0	0	
173920	0.294991	-0.206007	-9.876274	0	0	0	
174080	0.451218	-0.160586	-9.846588	0	0	0	
174240	0.378477	-0.212519	-9.921198	0	0	0	
174400	0.294275	-0.323575	-9.926021	0	0	0	
174560	0.238996	-0.323618	-9.945650	0	0	0	
174720	0.250128	-0.280436	-9.992639	0	0	0	
174880	0.204793	-0.284430	-10.043873	0	0	0	
175040	0.172702	-0.445326	-10.094491	0	0	0	
175200	0.199619	-0.381505	-10.044088	0	0	0	
175360	0.142472	-0.418511	-10.078291	0	0	0	
175520	0.072244	-0.427359	-10.119056	0	0	0	
175680	0.087181	-0.566110	-10.205619	0	0	0	
175840	0.078882	-0.486953	-10.185841	0	0	0	
176000	-0.111464	-0.528425	-10.194726	0	0	0	
176160	0.011296	-0.551645	-10.235768	0	0	0	
176320	-0.032824	-0.674034	-10.313133	0	0	0	
176480	-0.102904	-0.591673	-10.348431	0	0	0	
176640	-0.233227	-0.661062	-10.347036	0	0	0	
176800	-0.211084	-0.665814	-10.367889	0	0	0	
176960	-0.189248	-0.638568	-10.473223	0	0	0	
177120	-0.233442	-0.673915	-10.425093	0	0	0	
177280	-0.315112	-0.727317	-10.435382	0	0	0	
177440	-0.272987	-0.616871	-10.409527	0	0	0	
177600	-0.284863	-0.744666	-10.481430	0	0	0	
177760	-0.291307	-0.784105	-10.559497	0	0	0	
177920	-0.314610	-0.736757	-10.545510	0	0	0	
178080	-0.456256	-0.808302	-10.582857	0	0	0	
178240	-0.465100	-0.769311	-10.604155	0	0	0	
178400	-0.491209	-0.749367	-10.610153	0	0	0	
178560	-0.424438	-0.845338	-10.639204	0	0	0	
178720	-0.462711	-0.901199	-10.633406	0	0	0	
178880	-0.503364	-0.986056	-10.686382	0	0	0	
179040	-0.498448	-0.881011	-10.631783	0	0	0	
179200	-0.513430	-0.949401	-10.671751	0	0	0	
179360	-0.603272	-0.837219	-10.764279	0	0	0	
179520	-0.714547	-0.975492	-10.672811	0	0	0	
179680	-0.691562	-0.970177	-10.725410	0	0	0	
179840	-0.714027	-1.017045	-10.686475	0	0	0	
180000	-0.725313	-0.939142	-10.778424	0	0	0	
180160	-0.737471	-1.062894	-10.723531	0	0	0	
180320	-0.824022	-1.004664	-10.722516	0	0	0	
180480	-0.811177	-1.017512	-10.806755	0	0	0	
180640	-0.755970	-1.012313	-10.864181	0	0	0	
180800	-0.892252	-0.991355	-10.823517	0	0	0	
180960	-0.846001	-1.042163	-10.772487	0	0	0	
181120	-0.918744	-1.054401	-10.775904	0	0	0	
181280	-0.866253	-0.933597	-10.814046	0	0	0	
181440	-0.914918	-0.996448	-10.815469	0	0	0	
181600	-0.988490	-0.956255	-10.780070	0	0	0	
181760	-0.847977	-0.958038	-10.837996	0	0	0	
181920	-0.981008	-0.986252	-10.844363	0	0	0	
182080	-0.934637	-0.942038	-10.813792	0	0	0	
182240	-0.897791	-0.993973	-10.764707	0	0	0	
182400	-0.954446	-0.972105	-10.772943	0	0	0	
182560	-0.958771	-0.932037	-10.824187	0	0	0	
182720	-0.971262	-1.060249	-10.793273	0	0	0	
182880	-0.983626	-0.899693	-10.783278	0	0	0	
183040	-0.940057	-0.991472	-10.805762	0	0	0	
183200	-0.999455	-1.031418	-10.772310	0	0	0	
183360	-1.043417	-0.875435	-10.757210	0	0	0	
183520	-1.014697	-0.975794	-10.731481	0	0	0	
183680	-1.010143	-0.881070	-10.699986	0	0	0	
183840	-0.976213	-0.835152	-10.685060	0	0	0	
184000	-0.996496	-0.793311	-10.791794	0	0	0	
184160	-1.020180	-0.807798	-10.697355	0	0	0	
184320	-0.991912	-0.817613	-10.742029	0	0	0	
184480	-0.991848	-0.783017	-10.718644	0	0	0	
184640	-0.931317	-0.792934	-10.682340	0	0	0	
184800	-1.006547	-0.806675	-10.628183	0	0	0	
184960	-0.980319	-0.746661	-10.628245	0	0	0	
185120	-0.963634	-0.712674	-10.586228	0	0	0	
185280	-0.920762	-0.694963	-10.581235	0	0	0	
185440	-1.050931	-0.640804	-10.573416	0	0	0	
185600	-0.931783	-0.616450	-10.539499	0	0	0	
185760	-0.961593	-0.572624	-10.572498	0	0	0	
185920	-0.861367	-0.568386	-10.459343	0	0	0	
186080	-0.873173	-0.582807	-10.423575	0	0	0	
186240	-0.903697	-0.529900	-10.386607	0	0	0	
186400	-0.965065	-0.482227	-10.431348	0	0	0	
186560	-0.809070	-0.407237	-10.349120	0	0	0	
186720	-0.820533	-0.419341	-10.386549	0	0	0	
186880	-0.845961	-0.410616	-10.373414	0	0	0	
187040	-0.841366	-0.376217	-10.299011	0	0	0	
187200	-0.807507	-0.332026	-10.282904	0	0	0	
187360	-0.794938	-0.390502	-10.230680	0	0	0	
187520	-0.766896	-0.262722	-10.305131	0	0	0	
187680	-0.766795	-0.338582	-10.276426	0	0	0	
187840	-0.669093	-0.259702	-10.102070	0	0	0	
188000	-0.704120	-0.263005	-10.023724	0	0	0	
188160	-0.682912	-0.180758	-10.092650	0	0	0	
188320	-0.639168	-0.143272	-10.127307	0	0	0	
188480	-0.681023	-0.109951	-10.056365	0	0	0	
188640	-0.622403	-0.048264	-10.056496	0	0	0	
188800	-0.552370	-0.113553	-9.967444	0	0	0	
188960	-0.518613	-0.039382	-9.975848	0	0	0	
189120	-0.589183	-0.022688	-9.910504	0	0	0	
189280	-0.523917	0.105792	-9.966038	0	0	0	
189440	-0.519847	0.065956	-9.910987	0	0	0	
189600	-0.478908	0.051682	-9.833516	0	0	0	
189760	-0.388875	0.075785	-9.805949	0	0	0	
189920	-0.360507	0.213666	-9.832082	0	0	0	
190080	-0.383880	0.181066	-9.813216	0	0	0	
190240	-0.307593	0.169097	-9.661511	0	0	0	
190400	-0.266072	0.307045	-9.701913	0	0	0	
190560	-0.240442	0.277426	-9.694328	0	0	0	
190720	-0.291137	0.284776	-9.584561	0	0	0	
190880	-0.221181	0.314492	-9.598934	0	0	0	
191040	-0.144254	0.401964	-9.527048	0	0	0	
191200	-0.161959	0.365839	-9.531556	0	0	0	
191360	-0.126202	0.489705	-9.531389	0	0	0	
191520	-0.064791	0.496486	-9.500923	0	0	0	
191680	-0.052659	0.434588	-9.476521	0	0	0	
191840	-0.032246	0.515064	-9.395891	0	0	0	
192000	0.090647	0.540452	-9.380862	0	0	0	