0	0.000000	0.533303	-9.386324	0	0	0		
160	0.031411	0.559611	-9.358081	0	0	0		
320	0.062791	0.585366	-9.330283	0	0	0		
480	0.094108	0.610544	-9.302959	0	0	0		
640	0.125333	0.635120	-9.276136	0	0	0		
800	0.156434	0.659069	-9.249839	0	0	0		
960	0.187381	0.682367	-9.224096	0	0	0		
1120	0.218143	0.704992	-9.198930	0	0	0		
1280	0.248690	0.726921	-9.174368	0	0	0		
1440	0.278991	0.748133	-9.150432	0	0	0		
1600	0.309017	0.768606	-9.127148	0	0	0		
1760	0.338738	0.788321	-9.104538	0	0	0		
1920	0.368125	0.807258	-9.082624	0	0	0		
2080	0.397148	0.825398	-9.061427	0	0	0		
2240	0.425779	0.842724	-9.040970	0	0	0		
2400	0.453990	0.859218	-9.021271	0	0	0		
2560	0.481754	0.874864	-9.002351	0	0	0	
2720	0.509041	0.889647	-8.984227	0	0	0	
2880	0.535827	0.903551	-8.966919	0	0	0	
3040	0.562083	0.916564	-8.950443	0	0	0	
3200	0.587785	0.928673	-8.934815	0	0	0	
3360	0.612907	0.939865	-8.920050	0	0	0	
3520	0.637424	0.950129	-8.906164	0	0	0	
3680	0.661312	0.959456	-8.893170	0	0	0	
3840	0.684547	0.967836	-8.881081	0	0	0	
4000	0.707107	0.975261	-8.869909	0	0	0	
4160	0.728969	0.981723	-8.859664	0	0	0	
4320	0.750111	0.987217	-8.850357	0	0	0	
4480	0.770513	0.991736	-8.841997	0	0	0	
4640	0.790155	0.995276	-8.834593	0	0	0	
4800	0.809017	0.997835	-8.828151	0	0	0	
4960	0.827081	0.999408	-8.822678	0	0	0	
5120	0.844328	0.999996	-8.818179	0	0	0	
5280	0.860742	0.999596	-8.814659	0	0	0	
5440	0.876307	0.998210	-8.812122	0	0	0	
5600	0.891007	0.995839	-8.810569	0	0	0	
5760	0.904827	0.992485	-8.810003	0	0	0	
5920	0.917755	0.988151	-8.810423	0	0	0	
6080	0.929776	0.982843	-8.811830	0	0	0	
6240	0.940881	0.976564	-8.814222	0	0	0	
6400	0.951057	0.969322	-8.817597	0	0	0	
6560	0.960294	0.961123	-8.821951	0	0	0	
6720	0.968583	0.951975	-8.827280	0	0	0	
6880	0.975917	0.941888	-8.833579	0	0	0	
7040	0.982287	0.930872	-8.840842	0	0	0	
7200	0.987688	0.918937	-8.849061	0	0	0	
7360	0.992115	0.906095	-8.858228	0	0	0	
7520	0.995562	0.892358	-8.868335	0	0	0	
7680	0.998027	0.877742	-8.879371	0	0	0	
7840	0.999507	0.862259	-8.891325	0	0	0	
8000	1.000000	0.845924	-8.904186	0	0	0	
8160	0.999507	0.828756	-8.917941	0	0	0	
8320	0.998027	0.810769	-8.932577	0	0	0	
8480	0.995562	0.791982	-8.948078	0	0	0	
8640	0.992115	0.772414	-8.964430	0	0	0	
8800	0.987688	0.752083	-8.981616	0	0	0	
8960	0.982287	0.731010	-8.999620	0	0	0	
9120	0.975917	0.709216	-9.018423	0	0	0	
9280	0.968583	0.686721	-9.038008	0	0	0	
9440	0.960294	0.663549	-9.058355	0	0	0	
9600	0.951057	0.639722	-9.079443	0	0	0	
9760	0.940881	0.615264	-9.101253	0	0	0	
9920	0.929776	0.590199	-9.123761	0	0	0	
10080	0.917755	0.564551	-9.146947	0	0	0	
10240	0.904827	0.538346	-9.170788	0	0	0	
10400	0.891007	0.511610	-9.195259	0	0	0	
10560	0.876307	0.484369	-9.220337	0	0	0	
10720	0.860742	0.456650	-9.245997	0	0	0	
10880	0.844328	0.428480	-9.272213	0	0	0	
11040	0.827081	0.399887	-9.298960	0	0	0	
11200	0.809017	0.370900	-9.326212	0	0	0	
11360	0.790155	0.341547	-9.353941	0	0	0	
11520	0.770513	0.311856	-9.382120	0	0	0	
11680	0.750111	0.281858	-9.410721	0	0	0	
11840	0.728969	0.251582	-9.439717	0	0	0	
12000	0.707107	0.221057	-9.469077	0	0	0	
12160	0.684547	0.190314	-9.498775	0	0	0	
12320	0.661312	0.159384	-9.528779	0	0	0	
12480	0.637424	0.128296	-9.559061	0	0	0	
12640	0.612907	0.097081	-9.589590	0	0	0	
12800	0.587785	0.065771	-9.620337	0	0	0	
12960	0.562083	0.034396	-9.651272	0	0	0	
13120	0.535827	0.002987	-9.682362	0	0	0	
13280	0.509041	-0.028425	-9.713579	0	0	0	
13440	0.481754	-0.059809	-9.744891	0	0	0	
13600	0.453990	-0.091134	-9.776268	0	0	0	
13760	0.425779	-0.122370	-9.807677	0	0	0	
13920	0.397148	-0.153484	-9.839089	0	0	0	
14080	0.368125	-0.184447	-9.870472	0	0	0	
14240	0.338738	-0.215228	-9.901795	0	0	0	
14400	0.309017	-0.245796	-9.933028	0	0	0	
14560	0.278991	-0.276122	-9.964140	0	0	0	
14720	0.248690	-0.306175	-9.995099	0	0	0	
14880	0.218143	-0.335926	-10.025876	0	0	0	
15040	0.187381	-0.365346	-10.056439	0	0	0	
15200	0.156434	-0.394405	-10.086760	0	0	0	
15360	0.125333	-0.423075	-10.116807	0	0	0	
15520	0.094108	-0.451327	-10.146551	0	0	0	
15680	0.062791	-0.479134	-10.175964	0	0	0	
15840	0.031411	-0.506468	-10.205015	0	0	0	
16000	0.000000	-0.533303	-10.233676	0	0	0	
16160	-0.031411	-0.559611	-10.261919	0	0	0	
16320	-0.062791	-0.585366	-10.289717	0	0	0	
16480	-0.094108	-0.610544	-10.317041	0	0	0	
16640	-0.125333	-0.635120	-10.343864	0	0	0	
16800	-0.156434	-0.659069	-10.370161	0	0	0	
16960	-0.187381	-0.682367	-10.395904	0	0	0	
17120	-0.218143	-0.704992	-10.421070	0	0	0	
17280	-0.248690	-0.726921	-10.445632	0	0	0	
17440	-0.278991	-0.748133	-10.469568	0	0	0	
17600	-0.309017	-0.768606	-10.492852	0	0	0	
17760	-0.338738	-0.788321	-10.515462	0	0	0	
17920	-0.368125	-0.807258	-10.537376	0	0	0	
18080	-0.397148	-0.825398	-10.558573	0	0	0	
18240	-0.425779	-0.842724	-10.579030	0	0	0	
18400	-0.453990	-0.859218	-10.598729	0	0	0	
18560	-0.481754	-0.874864	-10.617649	0	0	0	
18720	-0.509041	-0.889647	-10.635773	0	0	0	
18880	-0.535827	-0.903551	-10.653081	0	0	0	
19040	-0.562083	-0.916564	-10.669557	0	0	0	
19200	-0.587785	-0.928673	-10.685185	0	0	0	
19360	-0.612907	-0.939865	-10.699950	0	0	0	
19520	-0.637424	-0.950129	-10.713836	0	0	0	
19680	-0.661312	-0.959456	-10.726830	0	0	0	
19840	-0.684547	-0.967836	-10.738919	0	0	0	
20000	-0.707107	-0.975261	-10.750091	0	0	0	
20160	-0.728969	-0.981723	-10.760336	0	0	0	
20320	-0.750111	-0.987217	-10.769643	0	0	0	
20480	-0.770513	-0.991736	-10.778003	0	0	0	
20640	-0.790155	-0.995276	-10.785407	0	0	0	
20800	-0.809017	-0.997835	-10.791849	0	0	0	
20960	-0.827081	-0.999408	-10.797322	0	0	0	
21120	-0.844328	-0.999996	-10.801821	0	0	0	
21280	-0.860742	-0.999596	-10.805341	0	0	0	
21440	-0.876307	-0.998210	-10.807878	0	0	0	
21600	-0.891007	-0.995839	-10.809431	0	0	0	
21760	-0.904827	-0.992485	-10.809997	0	0	0	
21920	-0.917755	-0.988151	-10.809577	0	0	0	
22080	-0.929776	-0.982843	-10.808170	0	0	0	
22240	-0.940881	-0.976564	-10.805778	0	0	0	
22400	-0.951057	-0.969322	-10.802403	0	0	0	
22560	-0.960294	-0.961123	-10.798049	0	0	0	
22720	-0.968583	-0.951975	-10.792720	0	0	0	
22880	-0.975917	-0.941888	-10.786421	0	0	0	
23040	-0.982287	-0.930872	-10.779158	0	0	0	
23200	-0.987688	-0.918937	-10.770939	0	0	0	
23360	-0.992115	-0.906095	-10.761772	0	0	0	
23520	-0.995562	-0.892358	-10.751665	0	0	0	
23680	-0.998027	-0.877742	-10.740629	0	0	0	
23840	-0.999507	-0.862259	-10.728675	0	0	0	
24000	-1.000000	-0.845924	-10.715814	0	0	0	
24160	-0.999507	-0.828756	-10.702059	0	0	0	
24320	-0.998027	-0.810769	-10.687423	0	0	0	
24480	-0.995562	-0.791982	-10.671922	0	0	0	
24640	-0.992115	-0.772414	-10.655570	0	0	0	
24800	-0.987688	-0.752083	-10.638384	0	0	0	
24960	-0.982287	-0.731010	-10.620380	0	0	0	
25120	-0.975917	-0.709216	-10.601577	0	0	0	
25280	-0.968583	-0.686721	-10.581992	0	0	0	
25440	-0.960294	-0.663549	-10.561645	0	0	0	
25600	-0.951057	-0.639722	-10.540557	0	0	0	
25760	-0.940881	-0.615264	-10.518747	0	0	0	
25920	-0.929776	-0.590199	-10.496239	0	0	0	
26080	-0.917755	-0.564551	-10.473053	0	0	0	
26240	-0.904827	-0.538346	-10.449212	0	0	0	
26400	-0.891007	-0.511610	-10.424741	0	0	0	
26560	-0.876307	-0.484369	-10.399663	0	0	0	
26720	-0.860742	-0.456650	-10.374003	0	0	0	
26880	-0.844328	-0.428480	-10.347787	0	0	0	
27040	-0.827081	-0.399887	-10.321040	0	0	0	
27200	-0.809017	-0.370900	-10.293788	0	0	0	
27360	-0.790155	-0.341547	-10.266059	0	0	0	
27520	-0.770513	-0.311856	-10.237880	0	0	0	
27680	-0.750111	-0.281858	-10.209279	0	0	0	
27840	-0.728969	-0.251582	-10.180283	0	0	0	
28000	-0.707107	-0.221057	-10.150923	0	0	0	
28160	-0.684547	-0.190314	-10.121225	0	0	0	
28320	-0.661312	-0.159384	-10.091221	0	0	0	
28480	-0.637424	-0.128296	-10.060939	0	0	0	
28640	-0.612907	-0.097081	-10.030410	0	0	0	
28800	-0.587785	-0.065771	-9.999663	0	0	0	
28960	-0.562083	-0.034396	-9.968728	0	0	0	
29120	-0.535827	-0.002987	-9.937638	0	0	0	
29280	-0.509041	0.028425	-9.906421	0	0	0	
29440	-0.481754	0.059809	-9.875109	0	0	0	
29600	-0.453990	0.091134	-9.843732	0	0	0	
29760	-0.425779	0.122370	-9.812323	0	0	0	
29920	-0.397148	0.153484	-9.780911	0	0	0	
30080	-0.368125	0.184447	-9.749528	0	0	0	
30240	-0.338738	0.215228	-9.718205	0	0	0	
30400	-0.309017	0.245796	-9.686972	0	0	0	
30560	-0.278991	0.276122	-9.655860	0	0	0	
30720	-0.248690	0.306175	-9.624901	0	0	0	
30880	-0.218143	0.335926	-9.594124	0	0	0	
31040	-0.187381	0.365346	-9.563561	0	0	0	
31200	-0.156434	0.394405	-9.533240	0	0	0	
31360	-0.125333	0.423075	-9.503193	0	0	0	
31520	-0.094108	0.451327	-9.473449	0	0	0	
31680	-0.062791	0.479134	-9.444036	0	0	0	
31840	-0.031411	0.506468	-9.414985	0	0	0	
32000	0.000000	0.533303	-9.386324	0	0	0	
32160	0.031411	0.559611	-9.358081	0	0	0	
32320	0.062791	0.585366	-9.330283	0	0	0	
32480	0.094108	0.610544	-9.302959	0	0	0	
32640	0.125333	0.635120	-9.276136	0	0	0	
32800	0.156434	0.659069	-9.249839	0	0	0	
32960	0.187381	0.682367	-9.224096	0	0	0	
33120	0.218143	0.704992	-9.198930	0	0	0	
33280	0.248690	0.726921	-9.174368	0	0	0	
33440	0.278991	0.748133	-9.150432	0	0	0	
33600	0.309017	0.768606	-9.127148	0	0	0	
33760	0.338738	0.788321	-9.104538	0	0	0	
33920	0.368125	0.807258	-9.082624	0	0	0	
34080	0.397148	0.825398	-9.061427	0	0	0	
34240	0.425779	0.842724	-9.040970	0	0	0	
34400	0.453990	0.859218	-9.021271	0	0	0	
34560	0.481754	0.874864	-9.002351	0	0	0	
34720	0.509041	0.889647	-8.984227	0	0	0	
34880	0.535827	0.903551	-8.966919	0	0	0	
35040	0.562083	0.916564	-8.950443	0	0	0	
35200	0.587785	0.928673	-8.934815	0	0	0	
35360	0.612907	0.939865	-8.920050	0	0	0	
35520	0.637424	0.950129	-8.906164	0	0	0	
35680	0.661312	0.959456	-8.893170	0	0	0	
35840	0.684547	0.967836	-8.881081	0	0	0	
36000	0.707107	0.975261	-8.869909	0	0	0	
36160	0.728969	0.981723	-8.859664	0	0	0	
36320	0.750111	0.987217	-8.850357	0	0	0	
36480	0.770513	0.991736	-8.841997	0	0	0	
36640	0.790155	0.995276	-8.834593	0	0	0	
36800	0.809017	0.997835	-8.828151	0	0	0	
36960	0.827081	0.999408	-8.822678	0	0	0	
37120	0.844328	0.999996	-8.818179	0	0	0	
37280	0.860742	0.999596	-8.814659	0	0	0	
37440	0.876307	0.998210	-8.812122	0	0	0	
37600	0.891007	0.995839	-8.810569	0	0	0	
37760	0.904827	0.992485	-8.810003	0	0	0	
37920	0.917755	0.988151	-8.810423	0	0	0	
38080	0.929776	0.982843	-8.811830	0	0	0	
38240	0.940881	0.976564	-8.814222	0	0	0	
38400	0.951057	0.969322	-8.817597	0	0	0	
38560	0.960294	0.961123	-8.821951	0	0	0	
38720	0.968583	0.951975	-8.827280	0	0	0	
38880	0.975917	0.941888	-8.833579	0	0	0	
39040	0.982287	0.930872	-8.840842	0	0	0	
39200	0.987688	0.918937	-8.849061	0	0	0	
39360	0.992115	0.906095	-8.858228	0	0	0	
39520	0.995562	0.892358	-8.868335	0	0	0	
39680	0.998027	0.877742	-8.879371	0	0	0	
39840	0.999507	0.862259	-8.891325	0	0	0	
40000	1.000000	0.845924	-8.904186	0	0	0	
40160	0.999507	0.828756	-8.917941	0	0	0	
40320	0.998027	0.810769	-8.932577	0	0	0	
40480	0.995562	0.791982	-8.948078	0	0	0	
40640	0.992115	0.772414	-8.964430	0	0	0	
40800	0.987688	0.752083	-8.981616	0	0	0	
40960	0.982287	0.731010	-8.999620	0	0	0	
41120	0.975917	0.709216	-9.018423	0	0	0	
41280	0.968583	0.686721	-9.038008	0	0	0	
41440	0.960294	0.663549	-9.058355	0	0	0	
41600	0.951057	0.639722	-9.079443	0	0	0	
41760	0.940881	0.615264	-9.101253	0	0	0	
41920	0.929776	0.590199	-9.123761	0	0	0	
42080	0.917755	0.564551	-9.146947	0	0	0	
42240	0.904827	0.538346	-9.170788	0	0	0	
42400	0.891007	0.511610	-9.195259	0	0	0	
42560	0.876307	0.484369	-9.220337	0	0	0	
42720	0.860742	0.456650	-9.245997	0	0	0	
42880	0.844328	0.428480	-9.272213	0	0	0	
43040	0.827081	0.399887	-9.298960	0	0	0	
43200	0.809017	0.370900	-9.326212	0	0	0	
43360	0.790155	0.341547	-9.353941	0	0	0	
43520	0.770513	0.311856	-9.382120	0	0	0	
43680	0.750111	0.281858	-9.410721	0	0	0	
43840	0.728969	0.251582	-9.439717	0	0	0	
44000	0.707107	0.221057	-9.469077	0	0	0	
44160	0.684547	0.190314	-9.498775	0	0	0	
44320	0.661312	0.159384	-9.528779	0	0	0	
44480	0.637424	0.128296	-9.559061	0	0	0	
44640	0.612907	0.097081	-9.589590	0	0	0	
44800	0.587785	0.065771	-9.620337	0	0	0	
44960	0.562083	0.034396	-9.651272	0	0	0	
45120	0.535827	0.002987	-9.682362	0	0	0	
45280	0.509041	-0.028425	-9.713579	0	0	0	
45440	0.481754	-0.059809	-9.744891	0	0	0	
45600	0.453990	-0.091134	-9.776268	0	0	0	
45760	0.425779	-0.122370	-9.807677	0	0	0	
45920	0.397148	-0.153484	-9.839089	0	0	0	
46080	0.368125	-0.184447	-9.870472	0	0	0	
46240	0.338738	-0.215228	-9.901795	0	0	0	
46400	0.309017	-0.245796	-9.933028	0	0	0	
46560	0.278991	-0.276122	-9.964140	0	0	0	
46720	0.248690	-0.306175	-9.995099	0	0	0	
46880	0.218143	-0.335926	-10.025876	0	0	0	
47040	0.187381	-0.365346	-10.056439	0	0	0	
47200	0.156434	-0.394405	-10.086760	0	0	0	
47360	0.125333	-0.423075	-10.116807	0	0	0	
47520	0.094108	-0.451327	-10.146551	0	0	0	
47680	0.062791	-0.479134	-10.175964	0	0	0	
47840	0.031411	-0.506468	-10.205015	0	0	0	
48000	0.000000	-0.533303	-10.233676	0	0	0	
48160	-0.031411	-0.559611	-10.261919	0	0	0	
48320	-0.062791	-0.585366	-10.289717	0	0	0	
48480	-0.094108	-0.610544	-10.317041	0	0	0	
48640	-0.125333	-0.635120	-10.343864	0	0	0	
48800	-0.156434	-0.659069	-10.370161	0	0	0	
48960	-0.187381	-0.682367	-10.395904	0	0	0	
49120	-0.218143	-0.704992	-10.421070	0	0	0	
49280	-0.248690	-0.726921	-10.445632	0	0	0	
49440	-0.278991	-0.748133	-10.469568	0	0	0	
49600	-0.309017	-0.768606	-10.492852	0	0	0	
49760	-0.338738	-0.788321	-10.515462	0	0	0	
49920	-0.368125	-0.807258	-10.537376	0	0	0	
50080	-0.397148	-0.825398	-10.558573	0	0	0	
50240	-0.425779	-0.842724	-10.579030	0	0	0	
50400	-0.453990	-0.859218	-10.598729	0	0	0	
50560	-0.481754	-0.874864	-10.617649	0	0	0	
50720	-0.509041	-0.889647	-10.635773	0	0	0	
50880	-0.535827	-0.903551	-10.653081	0	0	0	
51040	-0.562083	-0.916564	-10.669557	0	0	0	
51200	-0.587785	-0.928673	-10.685185	0	0	0	
51360	-0.612907	-0.939865	-10.699950	0	0	0	
51520	-0.637424	-0.950129	-10.713836	0	0	0	
51680	-0.661312	-0.959456	-10.726830	0	0	0	
51840	-0.684547	-0.967836	-10.738919	0	0	0	
52000	-0.707107	-0.975261	-10.750091	0	0	0	
52160	-0.728969	-0.981723	-10.760336	0	0	0	
52320	-0.750111	-0.987217	-10.769643	0	0	0	
52480	-0.770513	-0.991736	-10.778003	0	0	0	
52640	-0.790155	-0.995276	-10.785407	0	0	0	
52800	-0.809017	-0.997835	-10.791849	0	0	0	
52960	-0.827081	-0.999408	-10.797322	0	0	0	
53120	-0.844328	-0.999996	-10.801821	0	0	0	
53280	-0.860742	-0.999596	-10.805341	0	0	0	
53440	-0.876307	-0.998210	-10.807878	0	0	0	
53600	-0.891007	-0.995839	-10.809431	0	0	0	
53760	-0.904827	-0.992485	-10.809997	0	0	0	
53920	-0.917755	-0.988151	-10.809577	0	0	0	
54080	-0.929776	-0.982843	-10.808170	0	0	0	
54240	-0.940881	-0.976564	-10.805778	0	0	0	
54400	-0.951057	-0.969322	-10.802403	0	0	0	
54560	-0.960294	-0.961123	-10.798049	0	0	0	
54720	-0.968583	-0.951975	-10.792720	0	0	0	
54880	-0.975917	-0.941888	-10.786421	0	0	0	
55040	-0.982287	-0.930872	-10.779158	0	0	0	
55200	-0.987688	-0.918937	-10.770939	0	0	0	
55360	-0.992115	-0.906095	-10.761772	0	0	0	
55520	-0.995562	-0.892358	-10.751665	0	0	0	
55680	-0.998027	-0.877742	-10.740629	0	0	0	
55840	-0.999507	-0.862259	-10.728675	0	0	0	
56000	-1.000000	-0.845924	-10.715814	0	0	0	
56160	-0.999507	-0.828756	-10.702059	0	0	0	
56320	-0.998027	-0.810769	-10.687423	0	0	0	
56480	-0.995562	-0.791982	-10.671922	0	0	0	
56640	-0.992115	-0.772414	-10.655570	0	0	0	
56800	-0.987688	-0.752083	-10.638384	0	0	0	
56960	-0.982287	-0.731010	-10.620380	0	0	0	
57120	-0.975917	-0.709216	-10.601577	0	0	0	
57280	-0.968583	-0.686721	-10.581992	0	0	0	
57440	-0.960294	-0.663549	-10.561645	0	0	0	
57600	-0.951057	-0.639722	-10.540557	0	0	0	
57760	-0.940881	-0.615264	-10.518747	0	0	0	
57920	-0.929776	-0.590199	-10.496239	0	0	0	
58080	-0.917755	-0.564551	-10.473053	0	0	0	
58240	-0.904827	-0.538346	-10.449212	0	0	0	
58400	-0.891007	-0.511610	-10.424741	0	0	0	
58560	-0.876307	-0.484369	-10.399663	0	0	0	
58720	-0.860742	-0.456650	-10.374003	0	0	0	
58880	-0.844328	-0.428480	-10.347787	0	0	0	
59040	-0.827081	-0.399887	-10.321040	0	0	0	
59200	-0.809017	-0.370900	-10.293788	0	0	0	
59360	-0.790155	-0.341547	-10.266059	0	0	0	
59520	-0.770513	-0.311856	-10.237880	0	0	0	
59680	-0.750111	-0.281858	-10.209279	0	0	0	
59840	-0.728969	-0.251582	-10.180283	0	0	0	
60000	-0.707107	-0.221057	-10.150923	0	0	0	
60160	-0.684547	-0.190314	-10.121225	0	0	0	
60320	-0.661312	-0.159384	-10.091221	0	0	0	
60480	-0.637424	-0.128296	-10.060939	0	0	0	
60640	-0.612907	-0.097081	-10.030410	0	0	0	
60800	-0.587785	-0.065771	-9.999663	0	0	0	
60960	-0.562083	-0.034396	-9.968728	0	0	0	
61120	-0.535827	-0.002987	-9.937638	0	0	0	
61280	-0.509041	0.028425	-9.906421	0	0	0	
61440	-0.481754	0.059809	-9.875109	0	0	0	
61600	-0.453990	0.091134	-9.843732	0	0	0	
61760	-0.425779	0.122370	-9.812323	0	0	0	
61920	-0.397148	0.153484	-9.780911	0	0	0	
62080	-0.368125	0.184447	-9.749528	0	0	0	
62240	-0.338738	0.215228	-9.718205	0	0	0	
62400	-0.309017	0.245796	-9.686972	0	0	0	
62560	-0.278991	0.276122	-9.655860	0	0	0	
62720	-0.248690	0.306175	-9.624901	0	0	0	
62880	-0.218143	0.335926	-9.594124	0	0	0	
63040	-0.187381	0.365346	-9.563561	0	0	0	
63200	-0.156434	0.394405	-9.533240	0	0	0	
63360	-0.125333	0.423075	-9.503193	0	0	0	
63520	-0.094108	0.451327	-9.473449	0	0	0	
63680	-0.062791	0.479134	-9.444036	0	0	0	
63840	-0.031411	0.506468	-9.414985	0	0	0	
64000	0.000000	0.533303	-9.386324	0	0	0	
64160	0.031411	0.559611	-9.358081	0	0	0	
64320	0.062791	0.585366	-9.330283	0	0	0	
64480	0.094108	0.610544	-9.302959	0	0	0	
64640	0.125333	0.635120	-9.276136	0	0	0	
64800	0.156434	0.659069	-9.249839	0	0	0	
64960	0.187381	0.682367	-9.224096	0	0	0	
65120	0.218143	0.704992	-9.198930	0	0	0	
65280	0.248690	0.726921	-9.174368	0	0	0	
65440	0.278991	0.748133	-9.150432	0	0	0	
65600	0.309017	0.768606	-9.127148	0	0	0	
65760	0.338738	0.788321	-9.104538	0	0	0	
65920	0.368125	0.807258	-9.082624	0	0	0	
66080	0.397148	0.825398	-9.061427	0	0	0	
66240	0.425779	0.842724	-9.040970	0	0	0	
66400	0.453990	0.859218	-9.021271	0	0	0	
66560	0.481754	0.874864	-9.002351	0	0	0	
66720	0.509041	0.889647	-8.984227	0	0	0	
66880	0.535827	0.903551	-8.966919	0	0	0	
67040	0.562083	0.916564	-8.950443	0	0	0	
67200	0.587785	0.928673	-8.934815	0	0	0	
67360	0.612907	0.939865	-8.920050	0	0	0	
67520	0.637424	0.950129	-8.906164	0	0	0	
67680	0.661312	0.959456	-8.893170	0	0	0	
67840	0.684547	0.967836	-8.881081	0	0	0	
68000	0.707107	0.975261	-8.869909	0	0	0	
68160	0.728969	0.981723	-8.859664	0	0	0	
68320	0.750111	0.987217	-8.850357	0	0	0	
68480	0.770513	0.991736	-8.841997	0	0	0	
68640	0.790155	0.995276	-8.834593	0	0	0	
68800	0.809017	0.997835	-8.828151	0	0	0	
68960	0.827081	0.999408	-8.822678	0	0	0	
69120	0.844328	0.999996	-8.818179	0	0	0	
69280	0.860742	0.999596	-8.814659	0	0	0	
69440	0.876307	0.998210	-8.812122	0	0	0	
69600	0.891007	0.995839	-8.810569	0	0	0	
69760	0.904827	0.992485	-8.810003	0	0	0	
69920	0.917755	0.988151	-8.810423	0	0	0	
70080	0.929776	0.982843	-8.811830	0	0	0	
70240	0.940881	0.976564	-8.814222	0	0	0	
70400	0.951057	0.969322	-8.817597	0	0	0	
70560	0.960294	0.961123	-8.821951	0	0	0	
70720	0.968583	0.951975	-8.827280	0	0	0	
70880	0.975917	0.941888	-8.833579	0	0	0	
71040	0.982287	0.930872	-8.840842	0	0	0	
71200	0.987688	0.918937	-8.849061	0	0	0	
71360	0.992115	0.906095	-8.858228	0	0	0	
71520	0.995562	0.892358	-8.868335	0	0	0	
71680	0.998027	0.877742	-8.879371	0	0	0	
71840	0.999507	0.862259	-8.891325	0	0	0	
72000	1.000000	0.845924	-8.904186	0	0	0	
72160	0.999507	0.828756	-8.917941	0	0	0	
72320	0.998027	0.810769	-8.932577	0	0	0	
72480	0.995562	0.791982	-8.948078	0	0	0	
72640	0.992115	0.772414	-8.964430	0	0	0	
72800	0.987688	0.752083	-8.981616	0	0	0	
72960	0.982287	0.731010	-8.999620	0	0	0	
73120	0.975917	0.709216	-9.018423	0	0	0	
73280	0.968583	0.686721	-9.038008	0	0	0	
73440	0.960294	0.663549	-9.058355	0	0	0	
73600	0.951057	0.639722	-9.079443	0	0	0	
73760	0.940881	0.615264	-9.101253	0	0	0	
73920	0.929776	0.590199	-9.123761	0	0	0	
74080	0.917755	0.564551	-9.146947	0	0	0	
74240	0.904827	0.538346	-9.170788	0	0	0	
74400	0.891007	0.511610	-9.195259	0	0	0	
74560	0.876307	0.484369	-9.220337	0	0	0	
74720	0.860742	0.456650	-9.245997	0	0	0	
74880	0.844328	0.428480	-9.272213	0	0	0	
75040	0.827081	0.399887	-9.298960	0	0	0	
75200	0.809017	0.370900	-9.326212	0	0	0	
75360	0.790155	0.341547	-9.353941	0	0	0	
75520	0.770513	0.311856	-9.382120	0	0	0	
75680	0.750111	0.281858	-9.410721	0	0	0	
75840	0.728969	0.251582	-9.439717	0	0	0	
76000	0.707107	0.221057	-9.469077	0	0	0	
76160	0.684547	0.190314	-9.498775	0	0	0	
76320	0.661312	0.159384	-9.528779	0	0	0	
76480	0.637424	0.128296	-9.559061	0	0	0	
76640	0.612907	0.097081	-9.589590	0	0	0	
76800	0.587785	0.065771	-9.620337	0	0	0	
76960	0.562083	0.034396	-9.651272	0	0	0	
77120	0.535827	0.002987	-9.682362	0	0	0	
77280	0.509041	-0.028425	-9.713579	0	0	0	
77440	0.481754	-0.059809	-9.744891	0	0	0	
77600	0.453990	-0.091134	-9.776268	0	0	0	
77760	0.425779	-0.122370	-9.807677	0	0	0	
77920	0.397148	-0.153484	-9.839089	0	0	0	
78080	0.368125	-0.184447	-9.870472	0	0	0	
78240	0.338738	-0.215228	-9.901795	0	0	0	
78400	0.309017	-0.245796	-9.933028	0	0	0	
78560	0.278991	-0.276122	-9.964140	0	0	0	
78720	0.248690	-0.306175	-9.995099	0	0	0	
78880	0.218143	-0.335926	-10.025876	0	0	0	
79040	0.187381	-0.365346	-10.056439	0	0	0	
79200	0.156434	-0.394405	-10.086760	0	0	0	
79360	0.125333	-0.423075	-10.116807	0	0	0	
79520	0.094108	-0.451327	-10.146551	0	0	0	
79680	0.062791	-0.479134	-10.175964	0	0	0	
79840	0.031411	-0.506468	-10.205015	0	0	0	
80000	0.000000	-0.533303	-10.233676	0	0	0	
80160	-0.031411	-0.559611	-10.261919	0	0	0	
80320	-0.062791	-0.585366	-10.289717	0	0	0	
80480	-0.094108	-0.610544	-10.317041	0	0	0	
80640	-0.125333	-0.635120	-10.343864	0	0	0	
80800	-0.156434	-0.659069	-10.370161	0	0	0	
80960	-0.187381	-0.682367	-10.395904	0	0	0	
81120	-0.218143	-0.704992	-10.421070	0	0	0	
81280	-0.248690	-0.726921	-10.445632	0	0	0	
81440	-0.278991	-0.748133	-10.469568	0	0	0	
81600	-0.309017	-0.768606	-10.492852	0	0	0	
81760	-0.338738	-0.788321	-10.515462	0	0	0	
81920	-0.368125	-0.807258	-10.537376	0	0	0	
82080	-0.397148	-0.825398	-10.558573	0	0	0	
82240	-0.425779	-0.842724	-10.579030	0	0	0	
82400	-0.453990	-0.859218	-10.598729	0	0	0	
82560	-0.481754	-0.874864	-10.617649	0	0	0	
82720	-0.509041	-0.889647	-10.635773	0	0	0	
82880	-0.535827	-0.903551	-10.653081	0	0	0	
83040	-0.562083	-0.916564	-10.669557	0	0	0	
83200	-0.587785	-0.928673	-10.685185	0	0	0	
83360	-0.612907	-0.939865	-10.699950	0	0	0	
83520	-0.637424	-0.950129	-10.713836	0	0	0	
83680	-0.661312	-0.959456	-10.726830	0	0	0	
83840	-0.684547	-0.967836	-10.738919	0	0	0	
84000	-0.707107	-0.975261	-10.750091	0	0	0	
84160	-0.728969	-0.981723	-10.760336	0	0	0	
84320	-0.750111	-0.987217	-10.769643	0	0	0	
84480	-0.770513	-0.991736	-10.778003	0	0	0	
84640	-0.790155	-0.995276	-10.785407	0	0	0	
84800	-0.809017	-0.997835	-10.791849	0	0	0	
84960	-0.827081	-0.999408	-10.797322	0	0	0	
85120	-0.844328	-0.999996	-10.801821	0	0	0	
85280	-0.860742	-0.999596	-10.805341	0	0	0	
85440	-0.876307	-0.998210	-10.807878	0	0	0	
85600	-0.891007	-0.995839	-10.809431	0	0	0	
85760	-0.904827	-0.992485	-10.809997	0	0	0	
85920	-0.917755	-0.988151	-10.809577	0	0	0	
86080	-0.929776	-0.982843	-10.808170	0	0	0	
86240	-0.940881	-0.976564	-10.805778	0	0	0	
86400	-0.951057	-0.969322	-10.802403	0	0	0	
86560	-0.960294	-0.961123	-10.798049	0	0	0	
86720	-0.968583	-0.951975	-10.792720	0	0	0	
86880	-0.975917	-0.941888	-10.786421	0	0	0	
87040	-0.982287	-0.930872	-10.779158	0	0	0	
87200	-0.987688	-0.918937	-10.770939	0	0	0	
87360	-0.992115	-0.906095	-10.761772	0	0	0	
87520	-0.995562	-0.892358	-10.751665	0	0	0	
87680	-0.998027	-0.877742	-10.740629	0	0	0	
87840	-0.999507	-0.862259	-10.728675	0	0	0	
88000	-1.000000	-0.845924	-10.715814	0	0	0	
88160	-0.999507	-0.828756	-10.702059	0	0	0	
88320	-0.998027	-0.810769	-10.687423	0	0	0	
88480	-0.995562	-0.791982	-10.671922	0	0	0	
88640	-0.992115	-0.772414	-10.655570	0	0	0	
88800	-0.987688	-0.752083	-10.638384	0	0	0	
88960	-0.982287	-0.731010	-10.620380	0	0	0	
89120	-0.975917	-0.709216	-10.601577	0	0	0	
89280	-0.968583	-0.686721	-10.581992	0	0	0	
89440	-0.960294	-0.663549	-10.561645	0	0	0	
89600	-0.951057	-0.639722	-10.540557	0	0	0	
89760	-0.940881	-0.615264	-10.518747	0	0	0	
89920	-0.929776	-0.590199	-10.496239	0	0	0	
90080	-0.917755	-0.564551	-10.473053	0	0	0	
90240	-0.904827	-0.538346	-10.449212	0	0	0	
90400	-0.891007	-0.511610	-10.424741	0	0	0	
90560	-0.876307	-0.484369	-10.399663	0	0	0	
90720	-0.860742	-0.456650	-10.374003	0	0	0	
90880	-0.844328	-0.428480	-10.347787	0	0	0	
91040	-0.827081	-0.399887	-10.321040	0	0	0	
91200	-0.809017	-0.370900	-10.293788	0	0	0	
91360	-0.790155	-0.341547	-10.266059	0	0	0	
91520	-0.770513	-0.311856	-10.237880	0	0	0	
91680	-0.750111	-0.281858	-10.209279	0	0	0	
91840	-0.728969	-0.251582	-10.180283	0	0	0	
92000	-0.707107	-0.221057	-10.150923	0	0	0	
92160	-0.684547	-0.190314	-10.121225	0	0	0	
92320	-0.661312	-0.159384	-10.091221	0	0	0	
92480	-0.637424	-0.128296	-10.060939	0	0	0	
92640	-0.612907	-0.097081	-10.030410	0	0	0	
92800	-0.587785	-0.065771	-9.999663	0	0	0	
92960	-0.562083	-0.034396	-9.968728	0	0	0	
93120	-0.535827	-0.002987	-9.937638	0	0	0	
93280	-0.509041	0.028425	-9.906421	0	0	0	
93440	-0.481754	0.059809	-9.875109	0	0	0	
93600	-0.453990	0.091134	-9.843732	0	0	0	
93760	-0.425779	0.122370	-9.812323	0	0	0	
93920	-0.397148	0.153484	-9.780911	0	0	0	
94080	-0.368125	0.184447	-9.749528	0	0	0	
94240	-0.338738	0.215228	-9.718205	0	0	0	
94400	-0.309017	0.245796	-9.686972	0	0	0	
94560	-0.278991	0.276122	-9.655860	0	0	0	
94720	-0.248690	0.306175	-9.624901	0	0	0	
94880	-0.218143	0.335926	-9.594124	0	0	0	
95040	-0.187381	0.365346	-9.563561	0	0	0	
95200	-0.156434	0.394405	-9.533240	0	0	0	
95360	-0.125333	0.423075	-9.503193	0	0	0	
95520	-0.094108	0.451327	-9.473449	0	0	0	
95680	-0.062791	0.479134	-9.444036	0	0	0	
95840	-0.031411	0.506468	-9.414985	0	0	0	
96000	0.000000	0.533303	-9.386324	0	0	0	
96160	0.031411	0.559611	-9.358081	0	0	0	
96320	0.062791	0.585366	-9.330283	0	0	0	
96480	0.094108	0.610544	-9.302959	0	0	0	
96640	0.125333	0.635120	-9.276136	0	0	0	
96800	0.156434	0.659069	-9.249839	0	0	0	
96960	0.187381	0.682367	-9.224096	0	0	0	
97120	0.218143	0.704992	-9.198930	0	0	0	
97280	0.248690	0.726921	-9.174368	0	0	0	
97440	0.278991	0.748133	-9.150432	0	0	0	
97600	0.309017	0.768606	-9.127148	0	0	0	
97760	0.338738	0.788321	-9.104538	0	0	0	
97920	0.368125	0.807258	-9.082624	0	0	0	
98080	0.397148	0.825398	-9.061427	0	0	0	
98240	0.425779	0.842724	-9.040970	0	0	0	
98400	0.453990	0.859218	-9.021271	0	0	0	
98560	0.481754	0.874864	-9.002351	0	0	0	
98720	0.509041	0.889647	-8.984227	0	0	0	
98880	0.535827	0.903551	-8.966919	0	0	0	
99040	0.562083	0.916564	-8.950443	0	0	0	
99200	0.587785	0.928673	-8.934815	0	0	0	
99360	0.612907	0.939865	-8.920050	0	0	0	
99520	0.637424	0.950129	-8.906164	0	0	0	
99680	0.661312	0.959456	-8.893170	0	0	0	
99840	0.684547	0.967836	-8.881081	0	0	0	
100000	0.707107	0.975261	-8.869909	0	0	0	
100160	0.728969	0.981723	-8.859664	0	0	0	
100320	0.750111	0.987217	-8.850357	0	0	0	
100480	0.770513	0.991736	-8.841997	0	0	0	
100640	0.790155	0.995276	-8.834593	0	0	0	
100800	0.809017	0.997835	-8.828151	0	0	0	
100960	0.827081	0.999408	-8.822678	0	0	0	
101120	0.844328	0.999996	-8.818179	0	0	0	
101280	0.860742	0.999596	-8.814659	0	0	0	
101440	0.876307	0.998210	-8.812122	0	0	0	
101600	0.891007	0.995839	-8.810569	0	0	0	
101760	0.904827	0.992485	-8.810003	0	0	0	
101920	0.917755	0.988151	-8.810423	0	0	0	
102080	0.929776	0.982843	-8.811830	0	0	0	
102240	0.940881	0.976564	-8.814222	0	0	0	
102400	0.951057	0.969322	-8.817597	0	0	0	
102560	0.960294	0.961123	-8.821951	0	0	0	
102720	0.968583	0.951975	-8.827280	0	0	0	
102880	0.975917	0.941888	-8.833579	0	0	0	
103040	0.982287	0.930872	-8.840842	0	0	0	
103200	0.987688	0.918937	-8.849061	0	0	0	
103360	0.992115	0.906095	-8.858228	0	0	0	
103520	0.995562	0.892358	-8.868335	0	0	0	
103680	0.998027	0.877742	-8.879371	0	0	0	
103840	0.999507	0.862259	-8.891325	0	0	0	
104000	1.000000	0.845924	-8.904186	0	0	0	
104160	0.999507	0.828756	-8.917941	0	0	0	
104320	0.998027	0.810769	-8.932577	0	0	0	
104480	0.995562	0.791982	-8.948078	0	0	0	
104640	0.992115	0.772414	-8.964430	0	0	0	
104800	0.987688	0.752083	-8.981616	0	0	0	
104960	0.982287	0.731010	-8.999620	0	0	0	
105120	0.975917	0.709216	-9.018423	0	0	0	
105280	0.968583	0.686721	-9.038008	0	0	0	
105440	0.960294	0.663549	-9.058355	0	0	0	
105600	0.951057	0.639722	-9.079443	0	0	0	
105760	0.940881	0.615264	-9.101253	0	0	0	
105920	0.929776	0.590199	-9.123761	0	0	0	
106080	0.917755	0.564551	-9.146947	0	0	0	
106240	0.904827	0.538346	-9.170788	0	0	0	
106400	0.891007	0.511610	-9.195259	0	0	0	
106560	0.876307	0.484369	-9.220337	0	0	0	
106720	0.860742	0.456650	-9.245997	0	0	0	
106880	0.844328	0.428480	-9.272213	0	0	0	
107040	0.827081	0.399887	-9.298960	0	0	0	
107200	0.809017	0.370900	-9.326212	0	0	0	
107360	0.790155	0.341547	-9.353941	0	0	0	
107520	0.770513	0.311856	-9.382120	0	0	0	
107680	0.750111	0.281858	-9.410721	0	0	0	
107840	0.728969	0.251582	-9.439717	0	0	0	
108000	0.707107	0.221057	-9.469077	0	0	0	
108160	0.684547	0.190314	-9.498775	0	0	0	
108320	0.661312	0.159384	-9.528779	0	0	0	
108480	0.637424	0.128296	-9.559061	0	0	0	
108640	0.612907	0.097081	-9.589590	0	0	0	
108800	0.587785	0.065771	-9.620337	0	0	0	
108960	0.562083	0.034396	-9.651272	0	0	0	
109120	0.535827	0.002987	-9.682362	0	0	0	
109280	0.509041	-0.028425	-9.713579	0	0	0	
109440	0.481754	-0.059809	-9.744891	0	0	0	
109600	0.453990	-0.091134	-9.776268	0	0	0	
109760	0.425779	-0.122370	-9.807677	0	0	0	
109920	0.397148	-0.153484	-9.839089	0	0	0	
110080	0.368125	-0.184447	-9.870472	0	0	0	
110240	0.338738	-0.215228	-9.901795	0	0	0	
110400	0.309017	-0.245796	-9.933028	0	0	0	
110560	0.278991	-0.276122	-9.964140	0	0	0	
110720	0.248690	-0.306175	-9.995099	0	0	0	
110880	0.218143	-0.335926	-10.025876	0	0	0	
111040	0.187381	-0.365346	-10.056439	0	0	0	
111200	0.156434	-0.394405	-10.086760	0	0	0	
111360	0.125333	-0.423075	-10.116807	0	0	0	
111520	0.094108	-0.451327	-10.146551	0	0	0	
111680	0.062791	-0.479134	-10.175964	0	0	0	
111840	0.031411	-0.506468	-10.205015	0	0	0	
112000	0.000000	-0.533303	-10.233676	0	0	0	
112160	-0.031411	-0.559611	-10.261919	0	0	0	
112320	-0.062791	-0.585366	-10.289717	0	0	0	
112480	-0.094108	-0.610544	-10.317041	0	0	0	
112640	-0.125333	-0.635120	-10.343864	0	0	0	
112800	-0.156434	-0.659069	-10.370161	0	0	0	
112960	-0.187381	-0.682367	-10.395904	0	0	0	
113120	-0.218143	-0.704992	-10.421070	0	0	0	
113280	-0.248690	-0.726921	-10.445632	0	0	0	
113440	-0.278991	-0.748133	-10.469568	0	0	0	
113600	-0.309017	-0.768606	-10.492852	0	0	0	
113760	-0.338738	-0.788321	-10.515462	0	0	0	
113920	-0.368125	-0.807258	-10.537376	0	0	0	
114080	-0.397148	-0.825398	-10.558573	0	0	0	
114240	-0.425779	-0.842724	-10.579030	0	0	0	
114400	-0.453990	-0.859218	-10.598729	0	0	0	
114560	-0.481754	-0.874864	-10.617649	0	0	0	
114720	-0.509041	-0.889647	-10.635773	0	0	0	
114880	-0.535827	-0.903551	-10.653081	0	0	0	
115040	-0.562083	-0.916564	-10.669557	0	0	0	
115200	-0.587785	-0.928673	-10.685185	0	0	0	
115360	-0.612907	-0.939865	-10.699950	0	0	0	
115520	-0.637424	-0.950129	-10.713836	0	0	0	
115680	-0.661312	-0.959456	-10.726830	0	0	0	
115840	-0.684547	-0.967836	-10.738919	0	0	0	
116000	-0.707107	-0.975261	-10.750091	0	0	0	
116160	-0.728969	-0.981723	-10.760336	0	0	0	
116320	-0.750111	-0.987217	-10.769643	0	0	0	
116480	-0.770513	-0.991736	-10.778003	0	0	0	
116640	-0.790155	-0.995276	-10.785407	0	0	0	
116800	-0.809017	-0.997835	-10.791849	0	0	0	
116960	-0.827081	-0.999408	-10.797322	0	0	0	
117120	-0.844328	-0.999996	-10.801821	0	0	0	
117280	-0.860742	-0.999596	-10.805341	0	0	0	
117440	-0.876307	-0.998210	-10.807878	0	0	0	
117600	-0.891007	-0.995839	-10.809431	0	0	0	
117760	-0.904827	-0.992485	-10.809997	0	0	0	
117920	-0.917755	-0.988151	-10.809577	0	0	0	
118080	-0.929776	-0.982843	-10.808170	0	0	0	
118240	-0.940881	-0.976564	-10.805778	0	0	0	
118400	-0.951057	-0.969322	-10.802403	0	0	0	
118560	-0.960294	-0.961123	-10.798049	0	0	0	
118720	-0.968583	-0.951975	-10.792720	0	0	0	
118880	-0.975917	-0.941888	-10.786421	0	0	0	
119040	-0.982287	-0.930872	-10.779158	0	0	0	
119200	-0.987688	-0.918937	-10.770939	0	0	0	
119360	-0.992115	-0.906095	-10.761772	0	0	0	
119520	-0.995562	-0.892358	-10.751665	0	0	0	
119680	-0.998027	-0.877742	-10.740629	0	0	0	
119840	-0.999507	-0.862259	-10.728675	0	0	0	
120000	-1.000000	-0.845924	-10.715814	0	0	0	
120160	-0.999507	-0.828756	-10.702059	0	0	0	
120320	-0.998027	-0.810769	-10.687423	0	0	0	
120480	-0.995562	-0.791982	-10.671922	0	0	0	
120640	-0.992115	-0.772414	-10.655570	0	0	0	
120800	-0.987688	-0.752083	-10.638384	0	0	0	
120960	-0.982287	-0.731010	-10.620380	0	0	0	
121120	-0.975917	-0.709216	-10.601577	0	0	0	
121280	-0.968583	-0.686721	-10.581992	0	0	0	
121440	-0.960294	-0.663549	-10.561645	0	0	0	
121600	-0.951057	-0.639722	-10.540557	0	0	0	
121760	-0.940881	-0.615264	-10.518747	0	0	0	
121920	-0.929776	-0.590199	-10.496239	0	0	0	
122080	-0.917755	-0.564551	-10.473053	0	0	0	
122240	-0.904827	-0.538346	-10.449212	0	0	0	
122400	-0.891007	-0.511610	-10.424741	0	0	0	
122560	-0.876307	-0.484369	-10.399663	0	0	0	
122720	-0.860742	-0.456650	-10.374003	0	0	0	
122880	-0.844328	-0.428480	-10.347787	0	0	0	
123040	-0.827081	-0.399887	-10.321040	0	0	0	
123200	-0.809017	-0.370900	-10.293788	0	0	0	
123360	-0.790155	-0.341547	-10.266059	0	0	0	
123520	-0.770513	-0.311856	-10.237880	0	0	0	
123680	-0.750111	-0.281858	-10.209279	0	0	0	
123840	-0.728969	-0.251582	-10.180283	0	0	0	
124000	-0.707107	-0.221057	-10.150923	0	0	0	
124160	-0.684547	-0.190314	-10.121225	0	0	0	
124320	-0.661312	-0.159384	-10.091221	0	0	0	
124480	-0.637424	-0.128296	-10.060939	0	0	0	
124640	-0.612907	-0.097081	-10.030410	0	0	0	
124800	-0.587785	-0.065771	-9.999663	0	0	0	
124960	-0.562083	-0.034396	-9.968728	0	0	0	
125120	-0.535827	-0.002987	-9.937638	0	0	0	
125280	-0.509041	0.028425	-9.906421	0	0	0	
125440	-0.481754	0.059809	-9.875109	0	0	0	
125600	-0.453990	0.091134	-9.843732	0	0	0	
125760	-0.425779	0.122370	-9.812323	0	0	0	
125920	-0.397148	0.153484	-9.780911	0	0	0	
126080	-0.368125	0.184447	-9.749528	0	0	0	
126240	-0.338738	0.215228	-9.718205	0	0	0	
126400	-0.309017	0.245796	-9.686972	0	0	0	
126560	-0.278991	0.276122	-9.655860	0	0	0	
126720	-0.248690	0.306175	-9.624901	0	0	0	
126880	-0.218143	0.335926	-9.594124	0	0	0	
127040	-0.187381	0.365346	-9.563561	0	0	0	
127200	-0.156434	0.394405	-9.533240	0	0	0	
127360	-0.125333	0.423075	-9.503193	0	0	0	
127520	-0.094108	0.451327	-9.473449	0	0	0	
127680	-0.062791	0.479134	-9.444036	0	0	0	
127840	-0.031411	0.506468	-9.414985	0	0	0	
128000	0.000000	0.533303	-9.386324	0	0	0	
128160	0.031411	0.559611	-9.358081	0	0	0	
128320	0.062791	0.585366	-9.330283	0	0	0	
128480	0.094108	0.610544	-9.302959	0	0	0	
128640	0.125333	0.635120	-9.276136	0	0	0	
128800	0.156434	0.659069	-9.249839	0	0	0	
128960	0.187381	0.682367	-9.224096	0	0	0	
129120	0.218143	0.704992	-9.198930	0	0	0	
129280	0.248690	0.726921	-9.174368	0	0	0	
129440	0.278991	0.748133	-9.150432	0	0	0	
129600	0.309017	0.768606	-9.127148	0	0	0	
129760	0.338738	0.788321	-9.104538	0	0	0	
129920	0.368125	0.807258	-9.082624	0	0	0	
130080	0.397148	0.825398	-9.061427	0	0	0	
130240	0.425779	0.842724	-9.040970	0	0	0	
130400	0.453990	0.859218	-9.021271	0	0	0	
130560	0.481754	0.874864	-9.002351	0	0	0	
130720	0.509041	0.889647	-8.984227	0	0	0	
130880	0.535827	0.903551	-8.966919	0	0	0	
131040	0.562083	0.916564	-8.950443	0	0	0	
131200	0.587785	0.928673	-8.934815	0	0	0	
131360	0.612907	0.939865	-8.920050	0	0	0	
131520	0.637424	0.950129	-8.906164	0	0	0	
131680	0.661312	0.959456	-8.893170	0	0	0	
131840	0.684547	0.967836	-8.881081	0	0	0	
132000	0.707107	0.975261	-8.869909	0	0	0	
132160	0.728969	0.981723	-8.859664	0	0	0	
132320	0.750111	0.987217	-8.850357	0	0	0	
132480	0.770513	0.991736	-8.841997	0	0	0	
132640	0.790155	0.995276	-8.834593	0	0	0	
132800	0.809017	0.997835	-8.828151	0	0	0	
132960	0.827081	0.999408	-8.822678	0	0	0	
133120	0.844328	0.999996	-8.818179	0	0	0	
133280	0.860742	0.999596	-8.814659	0	0	0	
133440	0.876307	0.998210	-8.812122	0	0	0	
133600	0.891007	0.995839	-8.810569	0	0	0	
133760	0.904827	0.992485	-8.810003	0	0	0	
133920	0.917755	0.988151	-8.810423	0	0	0	
134080	0.929776	0.982843	-8.811830	0	0	0	
134240	0.940881	0.976564	-8.814222	0	0	0	
134400	0.951057	0.969322	-8.817597	0	0	0	
134560	0.960294	0.961123	-8.821951	0	0	0	
134720	0.968583	0.951975	-8.827280	0	0	0	
134880	0.975917	0.941888	-8.833579	0	0	0	
135040	0.982287	0.930872	-8.840842	0	0	0	
135200	0.987688	0.918937	-8.849061	0	0	0	
135360	0.992115	0.906095	-8.858228	0	0	0	
135520	0.995562	0.892358	-8.868335	0	0	0	
135680	0.998027	0.877742	-8.879371	0	0	0	
135840	0.999507	0.862259	-8.891325	0	0	0	
136000	1.000000	0.845924	-8.904186	0	0	0	
136160	0.999507	0.828756	-8.917941	0	0	0	
136320	0.998027	0.810769	-8.932577	0	0	0	
136480	0.995562	0.791982	-8.948078	0	0	0	
136640	0.992115	0.772414	-8.964430	0	0	0	
136800	0.987688	0.752083	-8.981616	0	0	0	
136960	0.982287	0.731010	-8.999620	0	0	0	
137120	0.975917	0.709216	-9.018423	0	0	0	
137280	0.968583	0.686721	-9.038008	0	0	0	
137440	0.960294	0.663549	-9.058355	0	0	0	
137600	0.951057	0.639722	-9.079443	0	0	0	
137760	0.940881	0.615264	-9.101253	0	0	0	
137920	0.929776	0.590199	-9.123761	0	0	0	
138080	0.917755	0.564551	-9.146947	0	0	0	
138240	0.904827	0.538346	-9.170788	0	0	0	
138400	0.891007	0.511610	-9.195259	0	0	0	
138560	0.876307	0.484369	-9.220337	0	0	0	
138720	0.860742	0.456650	-9.245997	0	0	0	
138880	0.844328	0.428480	-9.272213	0	0	0	
139040	0.827081	0.399887	-9.298960	0	0	0	
139200	0.809017	0.370900	-9.326212	0	0	0	
139360	0.790155	0.341547	-9.353941	0	0	0	
139520	0.770513	0.311856	-9.382120	0	0	0	
139680	0.750111	0.281858	-9.410721	0	0	0	
139840	0.728969	0.251582	-9.439717	0	0	0	
140000	0.707107	0.221057	-9.469077	0	0	0	
140160	0.684547	0.190314	-9.498775	0	0	0	
140320	0.661312	0.159384	-9.528779	0	0	0	
140480	0.637424	0.128296	-9.559061	0	0	0	
140640	0.612907	0.097081	-9.589590	0	0	0	
140800	0.587785	0.065771	-9.620337	0	0	0	
140960	0.562083	0.034396	-9.651272	0	0	0	
141120	0.535827	0.002987	-9.682362	0	0	0	
141280	0.509041	-0.028425	-9.713579	0	0	0	
141440	0.481754	-0.059809	-9.744891	0	0	0	
141600	0.453990	-0.091134	-9.776268	0	0	0	
141760	0.425779	-0.122370	-9.807677	0	0	0	
141920	0.397148	-0.153484	-9.839089	0	0	0	
142080	0.368125	-0.184447	-9.870472	0	0	0	
142240	0.338738	-0.215228	-9.901795	0	0	0	
142400	0.309017	-0.245796	-9.933028	0	0	0	
142560	0.278991	-0.276122	-9.964140	0	0	0	
142720	0.248690	-0.306175	-9.995099	0	0	0	
142880	0.218143	-0.335926	-10.025876	0	0	0	
143040	0.187381	-0.365346	-10.056439	0	0	0	
143200	0.156434	-0.394405	-10.086760	0	0	0	
143360	0.125333	-0.423075	-10.116807	0	0	0	
143520	0.094108	-0.451327	-10.146551	0	0	0	
143680	0.062791	-0.479134	-10.175964	0	0	0	
143840	0.031411	-0.506468	-10.205015	0	0	0	
144000	0.000000	-0.533303	-10.233676	0	0	0	
144160	-0.031411	-0.559611	-10.261919	0	0	0	
144320	-0.062791	-0.585366	-10.289717	0	0	0	
144480	-0.094108	-0.610544	-10.317041	0	0	0	
144640	-0.125333	-0.635120	-10.343864	0	0	0	
144800	-0.156434	-0.659069	-10.370161	0	0	0	
144960	-0.187381	-0.682367	-10.395904	0	0	0	
145120	-0.218143	-0.704992	-10.421070	0	0	0	
145280	-0.248690	-0.726921	-10.445632	0	0	0	
145440	-0.278991	-0.748133	-10.469568	0	0	0	
145600	-0.309017	-0.768606	-10.492852	0	0	0	
145760	-0.338738	-0.788321	-10.515462	0	0	0	
145920	-0.368125	-0.807258	-10.537376	0	0	0	
146080	-0.397148	-0.825398	-10.558573	0	0	0	
146240	-0.425779	-0.842724	-10.579030	0	0	0	
146400	-0.453990	-0.859218	-10.598729	0	0	0	
146560	-0.481754	-0.874864	-10.617649	0	0	0	
146720	-0.509041	-0.889647	-10.635773	0	0	0	
146880	-0.535827	-0.903551	-10.653081	0	0	0	
147040	-0.562083	-0.916564	-10.669557	0	0	0	
147200	-0.587785	-0.928673	-10.685185	0	0	0	
147360	-0.612907	-0.939865	-10.699950	0	0	0	
147520	-0.637424	-0.950129	-10.713836	0	0	0	
147680	-0.661312	-0.959456	-10.726830	0	0	0	
147840	-0.684547	-0.967836	-10.738919	0	0	0	
148000	-0.707107	-0.975261	-10.750091	0	0	0	
148160	-0.728969	-0.981723	-10.760336	0	0	0	
148320	-0.750111	-0.987217	-10.769643	0	0	0	
148480	-0.770513	-0.991736	-10.778003	0	0	0	
148640	-0.790155	-0.995276	-10.785407	0	0	0	
148800	-0.809017	-0.997835	-10.791849	0	0	0	
148960	-0.827081	-0.999408	-10.797322	0	0	0	
149120	-0.844328	-0.999996	-10.801821	0	0	0	
149280	-0.860742	-0.999596	-10.805341	0	0	0	
149440	-0.876307	-0.998210	-10.807878	0	0	0	
149600	-0.891007	-0.995839	-10.809431	0	0	0	
149760	-0.904827	-0.992485	-10.809997	0	0	0	
149920	-0.917755	-0.988151	-10.809577	0	0	0	
150080	-0.929776	-0.982843	-10.808170	0	0	0	
150240	-0.940881	-0.976564	-10.805778	0	0	0	
150400	-0.951057	-0.969322	-10.802403	0	0	0	
150560	-0.960294	-0.961123	-10.798049	0	0	0	
150720	-0.968583	-0.951975	-10.792720	0	0	0	
150880	-0.975917	-0.941888	-10.786421	0	0	0	
151040	-0.982287	-0.930872	-10.779158	0	0	0	
151200	-0.987688	-0.918937	-10.770939	0	0	0	
151360	-0.992115	-0.906095	-10.761772	0	0	0	
151520	-0.995562	-0.892358	-10.751665	0	0	0	
151680	-0.998027	-0.877742	-10.740629	0	0	0	
151840	-0.999507	-0.862259	-10.728675	0	0	0	
152000	-1.000000	-0.845924	-10.715814	0	0	0	
152160	-0.999507	-0.828756	-10.702059	0	0	0	
152320	-0.998027	-0.810769	-10.687423	0	0	0	
152480	-0.995562	-0.791982	-10.671922	0	0	0	
152640	-0.992115	-0.772414	-10.655570	0	0	0	
152800	-0.987688	-0.752083	-10.638384	0	0	0	
152960	-0.982287	-0.731010	-10.620380	0	0	0	
153120	-0.975917	-0.709216	-10.601577	0	0	0	
153280	-0.968583	-0.686721	-10.581992	0	0	0	
153440	-0.960294	-0.663549	-10.561645	0	0	0	
153600	-0.951057	-0.639722	-10.540557	0	0	0	
153760	-0.940881	-0.615264	-10.518747	0	0	0	
153920	-0.929776	-0.590199	-10.496239	0	0	0	
154080	-0.917755	-0.564551	-10.473053	0	0	0	
154240	-0.904827	-0.538346	-10.449212	0	0	0	
154400	-0.891007	-0.511610	-10.424741	0	0	0	
154560	-0.876307	-0.484369	-10.399663	0	0	0	
154720	-0.860742	-0.456650	-10.374003	0	0	0	
154880	-0.844328	-0.428480	-10.347787	0	0	0	
155040	-0.827081	-0.399887	-10.321040	0	0	0	
155200	-0.809017	-0.370900	-10.293788	0	0	0	
155360	-0.790155	-0.341547	-10.266059	0	0	0	
155520	-0.770513	-0.311856	-10.237880	0	0	0	
155680	-0.750111	-0.281858	-10.209279	0	0	0	
155840	-0.728969	-0.251582	-10.180283	0	0	0	
156000	-0.707107	-0.221057	-10.150923	0	0	0	
156160	-0.684547	-0.190314	-10.121225	0	0	0	
156320	-0.661312	-0.159384	-10.091221	0	0	0	
156480	-0.637424	-0.128296	-10.060939	0	0	0	
156640	-0.612907	-0.097081	-10.030410	0	0	0	
156800	-0.587785	-0.065771	-9.999663	0	0	0	
156960	-0.562083	-0.034396	-9.968728	0	0	0	
157120	-0.535827	-0.002987	-9.937638	0	0	0	
157280	-0.509041	0.028425	-9.906421	0	0	0	
157440	-0.481754	0.059809	-9.875109	0	0	0	
157600	-0.453990	0.091134	-9.843732	0	0	0	
157760	-0.425779	0.122370	-9.812323	0	0	0	
157920	-0.397148	0.153484	-9.780911	0	0	0	
158080	-0.368125	0.184447	-9.749528	0	0	0	
158240	-0.338738	0.215228	-9.718205	0	0	0	
158400	-0.309017	0.245796	-9.686972	0	0	0	
158560	-0.278991	0.276122	-9.655860	0	0	0	
158720	-0.248690	0.306175	-9.624901	0	0	0	
158880	-0.218143	0.335926	-9.594124	0	0	0	
159040	-0.187381	0.365346	-9.563561	0	0	0	
159200	-0.156434	0.394405	-9.533240	0	0	0	
159360	-0.125333	0.423075	-9.503193	0	0	0	
159520	-0.094108	0.451327	-9.473449	0	0	0	
159680	-0.062791	0.479134	-9.444036	0	0	0	
159840	-0.031411	0.506468	-9.414985	0	0	0	
160000	0.000000	0.533303	-9.386324	0	0	0	
160160	0.031411	0.559611	-9.358081	0	0	0	
160320	0.062791	0.585366	-9.330283	0	0	0	
160480	0.094108	0.610544	-9.302959	0	0	0	
160640	0.125333	0.635120	-9.276136	0	0	0	
160800	0.156434	0.659069	-9.249839	0	0	0	
160960	0.187381	0.682367	-9.224096	0	0	0	
161120	0.218143	0.704992	-9.198930	0	0	0	
161280	0.248690	0.726921	-9.174368	0	0	0	
161440	0.278991	0.748133	-9.150432	0	0	0	
161600	0.309017	0.768606	-9.127148	0	0	0	
161760	0.338738	0.788321	-9.104538	0	0	0	
161920	0.368125	0.807258	-9.082624	0	0	0	
162080	0.397148	0.825398	-9.061427	0	0	0	
162240	0.425779	0.842724	-9.040970	0	0	0	
162400	0.453990	0.859218	-9.021271	0	0	0	
162560	0.481754	0.874864	-9.002351	0	0	0	
162720	0.509041	0.889647	-8.984227	0	0	0	
162880	0.535827	0.903551	-8.966919	0	0	0	
163040	0.562083	0.916564	-8.950443	0	0	0	
163200	0.587785	0.928673	-8.934815	0	0	0	
163360	0.612907	0.939865	-8.920050	0	0	0	
163520	0.637424	0.950129	-8.906164	0	0	0	
163680	0.661312	0.959456	-8.893170	0	0	0	
163840	0.684547	0.967836	-8.881081	0	0	0	
164000	0.707107	0.975261	-8.869909	0	0	0	
164160	0.728969	0.981723	-8.859664	0	0	0	
164320	0.750111	0.987217	-8.850357	0	0	0	
164480	0.770513	0.991736	-8.841997	0	0	0	
164640	0.790155	0.995276	-8.834593	0	0	0	
164800	0.809017	0.997835	-8.828151	0	0	0	
164960	0.827081	0.999408	-8.822678	0	0	0	
165120	0.844328	0.999996	-8.818179	0	0	0	
165280	0.860742	0.999596	-8.814659	0	0	0	
165440	0.876307	0.998210	-8.812122	0	0	0	
165600	0.891007	0.995839	-8.810569	0	0	0	
165760	0.904827	0.992485	-8.810003	0	0	0	
165920	0.917755	0.988151	-8.810423	0	0	0	
166080	0.929776	0.982843	-8.811830	0	0	0	
166240	0.940881	0.976564	-8.814222	0	0	0	
166400	0.951057	0.969322	-8.817597	0	0	0	
166560	0.960294	0.961123	-8.821951	0	0	0	
166720	0.968583	0.951975	-8.827280	0	0	0	
166880	0.975917	0.941888	-8.833579	0	0	0	
167040	0.982287	0.930872	-8.840842	0	0	0	
167200	0.987688	0.918937	-8.849061	0	0	0	
167360	0.992115	0.906095	-8.858228	0	0	0	
167520	0.995562	0.892358	-8.868335	0	0	0	
167680	0.998027	0.877742	-8.879371	0	0	0	
167840	0.999507	0.862259	-8.891325	0	0	0	
168000	1.000000	0.845924	-8.904186	0	0	0	
168160	0.999507	0.828756	-8.917941	0	0	0	
168320	0.998027	0.810769	-8.932577	0	0	0	
168480	0.995562	0.791982	-8.948078	0	0	0	
168640	0.992115	0.772414	-8.964430	0	0	0	
168800	0.987688	0.752083	-8.981616	0	0	0	
168960	0.982287	0.731010	-8.999620	0	0	0	
169120	0.975917	0.709216	-9.018423	0	0	0	
169280	0.968583	0.686721	-9.038008	0	0	0	
169440	0.960294	0.663549	-9.058355	0	0	0	
169600	0.951057	0.639722	-9.079443	0	0	0	
169760	0.940881	0.615264	-9.101253	0	0	0	
169920	0.929776	0.590199	-9.123761	0	0	0	
170080	0.917755	0.564551	-9.146947	0	0	0	
170240	0.904827	0.538346	-9.170788	0	0	0	
170400	0.891007	0.511610	-9.195259	0	0	0	
170560	0.876307	0.484369	-9.220337	0	0	0	
170720	0.860742	0.456650	-9.245997	0	0	0	
170880	0.844328	0.428480	-9.272213	0	0	0	
171040	0.827081	0.399887	-9.298960	0	0	0	
171200	0.809017	0.370900	-9.326212	0	0	0	
171360	0.790155	0.341547	-9.353941	0	0	0	
171520	0.770513	0.311856	-9.382120	0	0	0	
171680	0.750111	0.281858	-9.410721	0	0	0	
171840	0.728969	0.251582	-9.439717	0	0	0	
172000	0.707107	0.221057	-9.469077	0	0	0	
172160	0.684547	0.190314	-9.498775	0	0	0	
172320	0.661312	0.159384	-9.528779	0	0	0	
172480	0.637424	0.128296	-9.559061	0	0	0	
172640	0.612907	0.097081	-9.589590	0	0	0	
172800	0.587785	0.065771	-9.620337	0	0	0	
172960	0.562083	0.034396	-9.651272	0	0	0	
173120	0.535827	0.002987	-9.682362	0	0	0	
173280	0.509041	-0.028425	-9.713579	0	0	0	
173440	0.481754	-0.059809	-9.744891	0	0	0	
173600	0.453990	-0.091134	-9.776268	0	0	0	
173760	0.425779	-0.122370	-9.807677	0	0	0	
173920	0.397148	-0.153484	-9.839089	0	0	0	
174080	0.368125	-0.184447	-9.870472	0	0	0	
174240	0.338738	-0.215228	-9.901795	0	0	0	
174400	0.309017	-0.245796	-9.933028	0	0	0	
174560	0.278991	-0.276122	-9.964140	0	0	0	
174720	0.248690	-0.306175	-9.995099	0	0	0	
174880	0.218143	-0.335926	-10.025876	0	0	0	
175040	0.187381	-0.365346	-10.056439	0	0	0	
175200	0.156434	-0.394405	-10.086760	0	0	0	
175360	0.125333	-0.423075	-10.116807	0	0	0	
175520	0.094108	-0.451327	-10.146551	0	0	0	
175680	0.062791	-0.479134	-10.175964	0	0	0	
175840	0.031411	-0.506468	-10.205015	0	0	0	
176000	0.000000	-0.533303	-10.233676	0	0	0	
176160	-0.031411	-0.559611	-10.261919	0	0	0	
176320	-0.062791	-0.585366	-10.289717	0	0	0	
176480	-0.094108	-0.610544	-10.317041	0	0	0	
176640	-0.125333	-0.635120	-10.343864	0	0	0	
176800	-0.156434	-0.659069	-10.370161	0	0	0	
176960	-0.187381	-0.682367	-10.395904	0	0	0	
177120	-0.218143	-0.704992	-10.421070	0	0	0	
177280	-0.248690	-0.726921	-10.445632	0	0	0	
177440	-0.278991	-0.748133	-10.469568	0	0	0	
177600	-0.309017	-0.768606	-10.492852	0	0	0	
177760	-0.338738	-0.788321	-10.515462	0	0	0	
177920	-0.368125	-0.807258	-10.537376	0	0	0	
178080	-0.397148	-0.825398	-10.558573	0	0	0	
178240	-0.425779	-0.842724	-10.579030	0	0	0	
178400	-0.453990	-0.859218	-10.598729	0	0	0	
178560	-0.481754	-0.874864	-10.617649	0	0	0	
178720	-0.509041	-0.889647	-10.635773	0	0	0	
178880	-0.535827	-0.903551	-10.653081	0	0	0	
179040	-0.562083	-0.916564	-10.669557	0	0	0	
179200	-0.587785	-0.928673	-10.685185	0	0	0	
179360	-0.612907	-0.939865	-10.699950	0	0	0	
179520	-0.637424	-0.950129	-10.713836	0	0	0	
179680	-0.661312	-0.959456	-10.726830	0	0	0	
179840	-0.684547	-0.967836	-10.738919	0	0	0	
180000	-0.707107	-0.975261	-10.750091	0	0	0	
180160	-0.728969	-0.981723	-10.760336	0	0	0	
180320	-0.750111	-0.987217	-10.769643	0	0	0	
180480	-0.770513	-0.991736	-10.778003	0	0	0	
180640	-0.790155	-0.995276	-10.785407	0	0	0	
180800	-0.809017	-0.997835	-10.791849	0	0	0	
180960	-0.827081	-0.999408	-10.797322	0	0	0	
181120	-0.844328	-0.999996	-10.801821	0	0	0	
181280	-0.860742	-0.999596	-10.805341	0	0	0	
181440	-0.876307	-0.998210	-10.807878	0	0	0	
181600	-0.891007	-0.995839	-10.809431	0	0	0	
181760	-0.904827	-0.992485	-10.809997	0	0	0	
181920	-0.917755	-0.988151	-10.809577	0	0	0	
182080	-0.929776	-0.982843	-10.808170	0	0	0	
182240	-0.940881	-0.976564	-10.805778	0	0	0	
182400	-0.951057	-0.969322	-10.802403	0	0	0	
182560	-0.960294	-0.961123	-10.798049	0	0	0	
182720	-0.968583	-0.951975	-10.792720	0	0	0	
182880	-0.975917	-0.941888	-10.786421	0	0	0	
183040	-0.982287	-0.930872	-10.779158	0	0	0	
183200	-0.987688	-0.918937	-10.770939	0	0	0	
183360	-0.992115	-0.906095	-10.761772	0	0	0	
183520	-0.995562	-0.892358	-10.751665	0	0	0	
183680	-0.998027	-0.877742	-10.740629	0	0	0	
183840	-0.999507	-0.862259	-10.728675	0	0	0	
184000	-1.000000	-0.845924	-10.715814	0	0	0	
184160	-0.999507	-0.828756	-10.702059	0	0	0	
184320	-0.998027	-0.810769	-10.687423	0	0	0	
184480	-0.995562	-0.791982	-10.671922	0	0	0	
184640	-0.992115	-0.772414	-10.655570	0	0	0	
184800	-0.987688	-0.752083	-10.638384	0	0	0	
184960	-0.982287	-0.731010	-10.620380	0	0	0	
185120	-0.975917	-0.709216	-10.601577	0	0	0	
185280	-0.968583	-0.686721	-10.581992	0	0	0	
185440	-0.960294	-0.663549	-10.561645	0	0	0	
185600	-0.951057	-0.639722	-10.540557	0	0	0	
185760	-0.940881	-0.615264	-10.518747	0	0	0	
185920	-0.929776	-0.590199	-10.496239	0	0	0	
186080	-0.917755	-0.564551	-10.473053	0	0	0	
186240	-0.904827	-0.538346	-10.449212	0	0	0	
186400	-0.891007	-0.511610	-10.424741	0	0	0	
186560	-0.876307	-0.484369	-10.399663	0	0	0	
186720	-0.860742	-0.456650	-10.374003	0	0	0	
186880	-0.844328	-0.428480	-10.347787	0	0	0	
187040	-0.827081	-0.399887	-10.321040	0	0	0	
187200	-0.809017	-0.370900	-10.293788	0	0	0	
187360	-0.790155	-0.341547	-10.266059	0	0	0	
187520	-0.770513	-0.311856	-10.237880	0	0	0	
187680	-0.750111	-0.281858	-10.209279	0	0	0	
187840	-0.728969	-0.251582	-10.180283	0	0	0	
188000	-0.707107	-0.221057	-10.150923	0	0	0	
188160	-0.684547	-0.190314	-10.121225	0	0	0	
188320	-0.661312	-0.159384	-10.091221	0	0	0	
188480	-0.637424	-0.128296	-10.060939	0	0	0	
188640	-0.612907	-0.097081	-10.030410	0	0	0	
188800	-0.587785	-0.065771	-9.999663	0	0	0	
188960	-0.562083	-0.034396	-9.968728	0	0	0	
189120	-0.535827	-0.002987	-9.937638	0	0	0	
189280	-0.509041	0.028425	-9.906421	0	0	0	
189440	-0.481754	0.059809	-9.875109	0	0	0	
189600	-0.453990	0.091134	-9.843732	0	0	0	
189760	-0.425779	0.122370	-9.812323	0	0	0	
189920	-0.397148	0.153484	-9.780911	0	0	0	
190080	-0.368125	0.184447	-9.749528	0	0	0	
190240	-0.338738	0.215228	-9.718205	0	0	0	
190400	-0.309017	0.245796	-9.686972	0	0	0	
190560	-0.278991	0.276122	-9.655860	0	0	0	
190720	-0.248690	0.306175	-9.624901	0	0	0	
190880	-0.218143	0.335926	-9.594124	0	0	0	
191040	-0.187381	0.365346	-9.563561	0	0	0	
191200	-0.156434	0.394405	-9.533240	0	0	0	
191360	-0.125333	0.423075	-9.503193	0	0	0	
191520	-0.094108	0.451327	-9.473449	0	0	0	
191680	-0.062791	0.479134	-9.444036	0	0	0	
191840	-0.031411	0.506468	-9.414985	0	0	0	
192000	0.000000	0.533303	-9.386324	0	0	0	