0	0.091956	0.587515	-9.357938	7.131960E-04	-6.997004E-04	-8.806551E-05	
160	-0.036310	0.611793	-9.361325	-3.739856E-04	1.483123E-04	1.970403E-04	
320	0.056817	0.540911	-9.353475	2.981639E-04	-3.467454E-04	1.115314E-03	
480	0.079570	0.672195	-9.237203	8.597255E-04	-2.621826E-05	6.422892E-04	
640	0.200137	0.691668	-9.212176	-1.231354E-03	3.695122E-04	-6.528063E-04	
800	0.230285	0.673034	-9.253153	-8.916224E-05	2.036760E-04	-1.385617E-03	
960	0.158254	0.637103	-9.209302	4.916834E-04	7.011748E-04	-2.297478E-04	
1120	0.238618	0.672463	-9.190201	3.851394E-04	-1.669994E-03	-2.375865E-05	
1280	0.261382	0.680247	-9.193990	1.785533E-03	-5.915806E-04	-1.540266E-03	
1440	0.337784	0.735730	-9.207708	1.460899E-03	-1.436108E-03	8.701633E-04	
1600	0.221966	0.798899	-9.182538	1.441784E-04	1.071849E-04	1.761095E-03	
1760	0.366721	0.807651	-9.108133	1.997791E-04	-4.161392E-04	2.966089E-05	
1920	0.408721	0.760618	-9.131915	-1.250125E-03	-5.543395E-04	-1.179064E-03	
2080	0.392911	0.798978	-9.073757	7.363321E-04	1.334304E-03	1.251230E-04	
2240	0.366306	0.832922	-9.010544	-1.951976E-03	2.781172E-03	1.593490E-03	
2400	0.473232	0.857605	-9.006921	-2.673019E-04	-1.360035E-03	-3.376948E-04	
2560	0.485525	0.842204	-9.055167	1.361066E-03	7.523350E-04	2.395864E-04	
2720	0.515627	0.888127	-8.910755	3.785992E-04	-5.326383E-04	1.962482E-03	
2880	0.551943	0.963485	-9.017366	-2.093799E-04	-1.399482E-03	9.505296E-05	
3040	0.565202	0.926204	-8.910260	-1.125502E-04	-1.203683E-04	-1.475812E-03	
3200	0.571801	0.933583	-8.947831	1.192718E-04	7.879376E-04	2.073804E-04	
3360	0.568831	0.921277	-8.954484	1.335911E-05	-1.239850E-03	5.665355E-04	
3520	0.611786	0.963786	-8.868550	2.375854E-03	-1.701913E-03	7.128183E-04	
3680	0.640888	0.952121	-8.885603	-5.316091E-04	1.414547E-03	6.605625E-04	
3840	0.688431	0.949966	-8.829220	-5.058790E-05	-3.147161E-05	-3.208481E-04	
4000	0.700723	0.986377	-8.875222	-1.189306E-03	1.046473E-03	2.566553E-04	
4160	0.671053	0.964179	-8.875119	5.295822E-04	1.240093E-03	-3.460583E-04	
4320	0.726454	1.000659	-8.848662	6.753120E-04	-1.056340E-03	-1.301790E-03	
4480	0.798864	0.989683	-8.878835	3.612098E-04	7.253482E-04	-4.295699E-04	
4640	0.843348	0.946759	-8.870883	-1.661585E-03	1.743776E-04	1.449730E-03	
4800	0.762197	1.034212	-8.844332	7.959460E-04	-1.804361E-03	2.788589E-04	
4960	0.756772	1.040675	-8.820681	-5.122467E-04	-4.906583E-04	8.491048E-05	
5120	0.805829	0.957757	-8.843905	-5.439374E-04	-3.407492E-04	-1.782966E-04	
5280	0.893292	0.985370	-8.821902	4.350253E-04	-1.504198E-03	-1.464401E-03	
5440	0.884304	1.003657	-8.817843	1.305930E-03	-1.123276E-03	-7.003069E-04	
5600	0.914866	0.997331	-8.860203	1.936837E-04	-7.595255E-05	-5.038542E-04	
5760	0.899532	1.025448	-8.859576	1.206050E-03	-4.238417E-04	-1.499182E-04	
5920	0.869512	1.005608	-8.802309	1.531700E-03	4.209431E-04	8.373093E-04	
6080	0.923220	0.972746	-8.785136	-3.445144E-04	-8.187901E-04	-9.025481E-05	
6240	0.944386	0.973959	-8.843570	7.157004E-04	1.539365E-03	5.876957E-04	
6400	0.893681	1.004200	-8.815485	8.748014E-04	8.931074E-04	1.378998E-03	
6560	0.976371	1.008320	-8.796006	1.343642E-03	-8.334124E-04	2.398429E-03	
6720	0.967844	0.933246	-8.803588	-8.636730E-04	-7.360660E-04	-1.973186E-03	
6880	1.024913	0.945443	-8.799530	-7.334033E-04	-3.583075E-04	6.415201E-04	
7040	1.075050	0.916980	-8.815195	3.177225E-04	6.709796E-04	-7.470490E-04	
7200	1.006094	0.975867	-8.861340	1.156998E-03	2.451241E-04	5.723408E-04	
7360	0.876710	0.956238	-8.895314	5.099658E-04	-3.679510E-04	1.025263E-03	
7520	0.966940	0.985927	-8.936064	3.575462E-04	5.441458E-04	-9.809794E-04	
7680	1.062857	0.896060	-8.923037	7.215886E-05	7.500773E-05	6.087602E-04	
7840	1.053356	0.868060	-8.888973	2.739423E-03	3.343823E-04	-2.926803E-04	
8000	0.971636	0.778703	-8.937849	-8.004996E-04	3.408585E-04	1.160872E-03	
8160	1.054576	0.843245	-8.956874	2.397160E-03	1.741457E-04	6.755564E-04	
8320	1.032490	0.828639	-8.905751	9.823579E-04	2.611671E-04	5.904897E-04	
8480	0.986648	0.700027	-8.960336	7.435355E-04	-3.907543E-04	-7.166895E-04	
8640	0.928291	0.761156	-8.960192	1.537645E-03	1.503747E-03	-1.296962E-04	
8800	0.937124	0.744148	-8.957536	-6.390276E-04	-1.033465E-03	6.170142E-06	
8960	1.023908	0.692736	-8.958932	-8.940620E-04	6.751626E-04	1.798364E-03	
9120	0.953850	0.696738	-9.016727	7.476651E-04	-5.705733E-04	1.680728E-05	
9280	1.030967	0.667429	-9.072458	-9.330056E-04	-1.230127E-03	1.177738E-03	
9440	1.005019	0.660897	-9.070747	1.128427E-03	-6.621626E-04	3.459256E-04	
9600	0.971129	0.631101	-9.115390	2.602546E-03	-1.362376E-03	7.368823E-04	
9760	0.965304	0.649480	-9.153114	7.404287E-05	-2.768342E-04	9.090830E-04	
9920	0.918795	0.537934	-9.160926	3.091779E-04	4.127348E-04	1.076483E-03	
10080	0.987108	0.568216	-9.164245	1.950001E-03	3.884710E-05	4.269392E-04	
10240	0.855436	0.500712	-9.163535	1.065470E-03	-1.530157E-04	-1.892605E-03	
10400	0.856814	0.443581	-9.121049	7.395474E-04	5.748725E-04	6.782211E-04	
10560	0.960666	0.475499	-9.180260	3.817156E-04	9.502506E-04	-1.507862E-03	
10720	0.851426	0.406910	-9.320663	1.132077E-03	-2.645610E-04	2.189650E-03	
10880	0.902448	0.437440	-9.290297	-6.257394E-04	1.833864E-03	-7.093966E-04	
11040	0.792241	0.348955	-9.220710	4.736360E-04	3.167923E-04	-5.105685E-04	
11200	0.762056	0.320459	-9.329467	1.328330E-03	-1.495329E-04	-4.311053E-04	
11360	0.853496	0.437829	-9.341935	2.474926E-03	-1.873434E-03	-6.868054E-04	
11520	0.696372	0.277691	-9.324614	1.746403E-03	5.359937E-04	-1.700944E-03	
11680	0.796528	0.259372	-9.368033	3.713127E-04	-1.806088E-03	8.749919E-04	
11840	0.746023	0.257696	-9.467192	9.004202E-04	-3.255101E-05	-4.799029E-04	
12000	0.674849	0.255108	-9.523386	2.847508E-05	-4.590895E-04	1.425576E-03	
12160	0.689630	0.192139	-9.397255	1.303011E-03	9.262582E-04	-5.862679E-04	
12320	0.700075	0.186964	-9.556021	-1.258943E-04	-6.206168E-05	1.297729E-04	
12480	0.623236	0.123932	-9.544696	1.162776E-03	1.381578E-03	-1.017196E-03	
12640	0.587765	0.136270	-9.577800	1.029579E-03	-9.701162E-04	2.018145E-04	
12800	0.624657	0.029087	-9.572572	-6.425073E-04	-4.022192E-04	8.385624E-04	
12960	0.564283	0.036858	-9.660514	8.920209E-04	-8.956863E-04	6.470206E-05	
13120	0.571452	0.091664	-9.663341	2.372671E-04	-6.244797E-04	1.480787E-03	
13280	0.450911	-0.053062	-9.666393	6.707501E-04	-1.830860E-05	-1.012503E-03	
13440	0.467545	-0.053085	-9.673973	9.763980E-04	1.662430E-03	-8.765880E-04	
13600	0.431836	-0.138775	-9.794915	1.574568E-03	1.222293E-03	3.377981E-04	
13760	0.437941	-0.077125	-9.823034	2.686822E-03	6.425296E-04	-6.341699E-04	
13920	0.377071	-0.117672	-9.823332	1.550584E-03	2.237102E-04	9.582832E-04	
14080	0.343563	-0.178373	-9.910325	1.371764E-03	-1.640275E-03	8.389353E-05	
14240	0.298780	-0.287779	-9.895741	7.865476E-04	1.196646E-03	1.300967E-03	
14400	0.289731	-0.267151	-9.915451	1.862305E-03	8.702521E-04	-6.117484E-04	
14560	0.289646	-0.204372	-9.947841	5.700760E-04	-1.000050E-03	1.312910E-04	
14720	0.266619	-0.357056	-10.035736	1.811827E-03	8.364657E-04	-8.611087E-04	
14880	0.167996	-0.334271	-10.019322	1.251612E-03	9.977289E-04	-1.560738E-03	
15040	0.208499	-0.364871	-10.124900	-1.907339E-03	1.462020E-03	1.176862E-04	
15200	0.099934	-0.433662	-10.099916	1.541928E-03	3.336875E-04	-8.013518E-05	
15360	0.072498	-0.491575	-10.090717	1.482640E-03	1.582462E-03	7.123284E-05	
15520	0.116446	-0.458115	-10.116347	1.924781E-03	2.076916E-03	2.812805E-03	
15680	0.074180	-0.535030	-10.186480	1.036060E-03	-1.090738E-03	-1.359538E-03	
15840	0.078899	-0.493845	-10.183692	2.798388E-04	-7.760353E-04	1.741978E-03	
16000	0.094591	-0.545501	-10.237653	3.682660E-04	1.035032E-03	-1.508338E-04	
16160	-0.048476	-0.558448	-10.259063	3.061610E-03	6.082801E-04	3.817422E-04	
16320	-0.055381	-0.556887	-10.334040	2.942062E-03	-7.019759E-04	-1.310747E-03	
16480	-0.029641	-0.557237	-10.323141	1.959896E-03	4.684474E-04	5.684786E-04	
16640	-0.127087	-0.660503	-10.293334	1.474990E-03	2.446247E-03	2.265032E-04	
16800	-0.087827	-0.625749	-10.308628	1.766889E-03	4.558952E-04	1.048168E-03	
16960	-0.132455	-0.716445	-10.421745	2.485270E-03	2.514974E-05	3.434392E-04	
17120	-0.186425	-0.625950	-10.367361	2.613411E-03	1.339410E-03	1.945479E-03	
17280	-0.310601	-0.739241	-10.429686	1.283550E-03	1.289403E-03	-1.166436E-03	
17440	-0.314646	-0.703413	-10.435212	2.924095E-04	-1.760166E-03	1.693643E-03	
17600	-0.315471	-0.803470	-10.492145	2.650502E-03	2.773377E-04	1.257788E-03	
17760	-0.332564	-0.745238	-10.492838	1.171585E-03	-1.398444E-04	-1.186052E-03	
17920	-0.401178	-0.808059	-10.623523	2.534430E-03	1.500290E-03	-1.090150E-03	
18080	-0.413421	-0.761724	-10.477133	1.680693E-03	3.045846E-04	1.667044E-03	
18240	-0.354696	-0.811380	-10.502971	1.639035E-04	-2.043045E-04	7.375906E-04	
18400	-0.489195	-0.853872	-10.580463	1.465715E-03	-1.571593E-03	-2.321681E-04	
18560	-0.500494	-0.837217	-10.605176	1.219243E-03	7.123112E-04	2.952521E-05	
18720	-0.556054	-0.882728	-10.658905	9.710096E-04	-1.624119E-04	-4.314257E-04	
18880	-0.556573	-0.837156	-10.722872	7.024184E-04	2.518500E-04	1.651931E-03	
19040	-0.579989	-0.935290	-10.673591	1.649730E-03	1.862716E-04	-2.295621E-04	
19200	-0.617124	-0.894787	-10.710174	2.748361E-03	-8.382215E-04	-1.824727E-05	
19360	-0.620671	-1.000305	-10.672527	1.900869E-03	-2.199103E-04	-7.763404E-04	
19520	-0.614255	-0.931999	-10.704558	3.110507E-03	-5.079985E-04	6.497288E-04	
19680	-0.649430	-0.877273	-10.684149	1.315114E-03	-2.694272E-04	-4.898634E-04	
19840	-0.685964	-0.996308	-10.822888	1.329648E-03	9.891938E-04	-8.160236E-04	
20000	-0.597114	-0.931925	-10.802099	1.841773E-03	1.257282E-04	2.284636E-04	
20160	-0.747459	-1.025227	-10.787905	5.987123E-04	-5.879429E-04	-6.818047E-04	
20320	-0.744288	-1.007220	-10.852411	2.896392E-03	5.357841E-04	5.280911E-04	
20480	-0.826698	-1.048387	-10.778424	-2.655856E-04	6.993948E-04	2.461372E-04	
20640	-0.804830	-0.978774	-10.751346	9.829436E-04	-4.809311E-04	1.753237E-04	
20800	-0.818967	-1.021107	-10.857155	1.236554E-03	-7.602452E-04	-1.351206E-03	
20960	-0.890806	-1.005583	-10.838807	2.355221E-03	-3.912253E-04	3.939818E-04	
21120	-0.862509	-1.007264	-10.801692	1.682763E-04	1.266787E-03	3.131601E-04	
21280	-0.944829	-0.986963	-10.796534	2.546258E-03	-1.897598E-04	1.442165E-03	
21440	-0.881854	-0.984258	-10.852494	1.125555E-03	5.767109E-04	-1.206131E-03	
21600	-0.831159	-0.997014	-10.828978	1.964638E-03	-7.052857E-04	3.956493E-04	
21760	-0.862861	-0.992687	-10.802355	3.370302E-03	1.394953E-04	-8.168216E-04	
21920	-0.890134	-1.023504	-10.834665	1.407415E-03	-3.810239E-05	1.226314E-03	
22080	-0.952356	-1.062357	-10.798189	3.195747E-03	2.954045E-04	6.860193E-04	
22240	-0.997879	-0.951711	-10.808878	-1.400322E-04	-3.787672E-04	-3.645132E-05	
22400	-0.908799	-0.974591	-10.720405	2.904774E-03	-1.382878E-04	1.844501E-03	
22560	-0.972943	-0.984193	-10.807806	2.680701E-03	-4.453988E-04	7.683461E-04	
22720	-0.970278	-0.993214	-10.771903	8.323256E-04	-1.675831E-03	-1.468221E-03	
22880	-0.905401	-0.934341	-10.751220	3.100252E-04	1.235439E-04	5.257325E-04	
23040	-0.994969	-0.953950	-10.810607	2.704336E-03	1.916505E-04	1.146725E-03	
23200	-1.004786	-0.895459	-10.839457	7.841277E-04	-1.413369E-03	-1.472027E-04	
23360	-1.029517	-0.874588	-10.695153	8.527782E-04	-9.942699E-04	1.139450E-03	
23520	-1.019530	-0.867397	-10.726410	3.407591E-03	-8.224230E-04	2.722690E-04	
23680	-1.031570	-0.861511	-10.679851	1.780174E-03	1.575579E-03	-2.913725E-05	
23840	-0.971114	-0.844944	-10.720167	1.248219E-03	1.063291E-03	7.842762E-04	
24000	-1.068922	-0.864950	-10.677020	1.898425E-03	6.796241E-04	-1.398581E-03	
24160	-1.010449	-0.904331	-10.762604	2.217999E-03	-7.717066E-05	-4.199486E-04	
24320	-0.934104	-0.759145	-10.721800	2.247959E-03	2.898131E-04	-1.287525E-03	
24480	-1.054685	-0.762337	-10.678030	2.136325E-03	-6.327881E-04	-1.739773E-03	
24640	-0.984222	-0.752490	-10.689873	3.493105E-04	1.840325E-03	1.958669E-04	
24800	-0.982320	-0.662965	-10.600108	1.440563E-03	-1.765079E-04	-4.966417E-04	
24960	-0.940767	-0.727125	-10.576131	4.459042E-03	2.485597E-04	-1.167404E-03	
25120	-0.945219	-0.670947	-10.547322	1.903571E-03	1.832556E-03	-8.160044E-04	
25280	-0.897218	-0.659342	-10.616333	1.456757E-03	-1.022052E-03	5.855358E-04	
25440	-0.903945	-0.644586	-10.571993	1.586230E-03	-5.486477E-04	-1.136441E-03	
25600	-0.952970	-0.643537	-10.519820	3.033613E-03	-1.220728E-03	4.328217E-04	
25760	-0.889018	-0.607430	-10.507823	1.211197E-03	-4.959856E-04	-2.282963E-04	
25920	-0.924726	-0.615645	-10.470627	6.624162E-04	-6.640162E-05	-5.991578E-04	
26080	-0.896939	-0.552934	-10.432262	1.366618E-03	-4.126099E-04	2.866747E-04	
26240	-0.928043	-0.523671	-10.403896	4.849234E-04	1.091760E-03	1.446628E-03	
26400	-0.902933	-0.527088	-10.454973	1.199231E-03	9.400080E-04	-1.690108E-03	
26560	-0.857083	-0.467509	-10.374989	1.847860E-03	-9.723604E-04	1.756763E-03	
26720	-0.798911	-0.472414	-10.328558	1.798631E-03	4.737543E-04	1.242698E-03	
26880	-0.883931	-0.433949	-10.374716	1.491512E-03	1.580211E-04	1.588108E-04	
27040	-0.848970	-0.428652	-10.290863	1.919425E-03	-1.247330E-03	-7.553345E-04	
27200	-0.753379	-0.347243	-10.269503	1.693257E-03	-1.206809E-03	1.821939E-04	
27360	-0.739534	-0.363230	-10.228527	1.712968E-03	-1.681831E-04	-2.640833E-04	
27520	-0.769403	-0.346703	-10.208795	1.096143E-03	-8.847981E-04	-1.003982E-03	
27680	-0.718772	-0.234574	-10.259705	1.732277E-03	-3.985066E-04	-1.779749E-03	
27840	-0.788336	-0.223966	-10.214708	8.690947E-05	-1.303035E-04	2.112673E-03	
28000	-0.750492	-0.188938	-10.200143	2.608196E-03	2.994929E-04	-2.452927E-04	
28160	-0.683134	-0.210510	-10.138995	1.913403E-03	-1.173782E-03	9.195229E-04	
28320	-0.696897	-0.152275	-10.050378	1.986517E-03	-6.258183E-04	-2.422402E-04	
28480	-0.630414	-0.161681	-10.067472	3.384456E-03	-4.663746E-04	1.219841E-03	
28640	-0.598078	-0.108881	-10.029625	2.161507E-03	7.921447E-04	-7.540691E-04	
28800	-0.657610	-0.107075	-10.006609	9.762738E-04	-3.648851E-04	6.446598E-04	
28960	-0.585284	-0.092306	-9.998353	8.611474E-04	-3.878095E-05	6.244256E-04	
29120	-0.495251	0.034340	-9.962557	2.997826E-03	-1.008344E-03	7.824371E-04	
29280	-0.585769	0.026210	-9.910322	2.911874E-03	7.350975E-04	-4.085335E-04	
29440	-0.432091	0.020056	-9.886423	1.075946E-03	-4.526744E-04	-6.830425E-04	
29600	-0.536077	0.062921	-9.870096	2.448453E-03	5.360520E-05	3.293528E-04	
29760	-0.330119	0.146667	-9.853754	2.822031E-03	-7.402087E-04	-1.055301E-03	
29920	-0.390978	0.134845	-9.722176	2.191443E-03	-1.301707E-03	-6.109261E-04	
30080	-0.381248	0.175884	-9.784220	2.834571E-03	-7.268831E-04	4.365973E-04	
30240	-0.310862	0.199246	-9.659014	1.944008E-03	5.508061E-04	7.246401E-04	
30400	-0.273545	0.247436	-9.649845	2.029883E-03	1.134343E-03	-7.682043E-04	
30560	-0.324054	0.267352	-9.705012	1.639847E-03	-6.951008E-04	7.361617E-04	
30720	-0.280680	0.337959	-9.575244	1.610946E-03	-4.262767E-04	5.740449E-04	
30880	-0.283765	0.351683	-9.628209	2.941844E-03	6.754043E-04	-3.497899E-04	
31040	-0.225274	0.460564	-9.528797	2.974549E-03	1.109877E-03	7.759940E-04	
31200	-0.112358	0.350527	-9.530370	2.993355E-03	-1.310968E-03	-1.010800E-04	
31360	-0.107702	0.426003	-9.451068	1.964973E-03	1.242357E-03	5.427121E-05	
31520	-0.139705	0.431200	-9.548389	2.709347E-03	3.199830E-04	-2.799899E-04	
31680	-0.070482	0.507583	-9.463326	2.047478E-03	-2.396701E-04	2.206981E-03	
31840	-0.037408	0.549351	-9.406158	2.302501E-03	3.578039E-04	8.395645E-04	
32000	-0.046298	0.520859	-9.385539	2.526084E-03	-9.868211E-04	1.134013E-03	
32160	0.001476	0.593322	-9.361198	2.496175E-03	-7.222029E-04	2.033624E-03	
32320	0.094055	0.529652	-9.346904	3.115550E-03	8.920622E-04	-9.168742E-04	
32480	0.089460	0.591795	-9.328545	2.638512E-03	-1.707827E-03	7.410804E-04	
32640	0.134406	0.645284	-9.260680	2.357011E-03	2.058687E-05	-6.096933E-05	
32800	0.171786	0.627740	-9.249678	2.002401E-03	-2.828911E-04	9.560258E-04	
32960	0.180744	0.670106	-9.251552	1.870313E-03	-5.407057E-04	7.437008E-04	
33120	0.275253	0.663945	-9.199023	3.056821E-03	7.084286E-04	5.990887E-04	
33280	0.284906	0.722801	-9.200676	2.845828E-03	-1.525410E-04	-1.241302E-03	
33440	0.331301	0.752487	-9.131383	1.622239E-03	1.605716E-04	2.214804E-04	
33600	0.284865	0.777685	-9.138018	2.647614E-03	-1.631489E-03	1.977004E-03	
33760	0.331732	0.715440	-9.092843	3.400890E-03	1.633323E-03	6.219014E-04	
33920	0.389481	0.802123	-9.056687	1.854437E-03	4.627468E-04	-9.475733E-04	
34080	0.340930	0.832107	-9.047275	2.217550E-03	-7.884585E-05	-8.356800E-04	
34240	0.446169	0.872935	-9.033186	3.842530E-03	-1.014537E-03	1.342832E-03	
34400	0.402334	0.786093	-9.023822	2.082606E-03	2.448538E-04	-5.542733E-04	
34560	0.489905	0.910437	-9.014396	2.609906E-03	7.167771E-05	-7.682845E-04	
34720	0.486376	0.931482	-8.958502	2.643085E-03	-4.875429E-04	-7.299113E-04	
34880	0.553638	0.904567	-8.925849	2.635789E-03	3.841760E-04	-1.969831E-03	
35040	0.661716	0.932201	-8.912711	2.203812E-03	-2.724130E-04	6.262731E-04	
35200	0.604063	0.911559	-8.937344	2.625619E-03	-8.156502E-04	-1.383286E-03	
35360	0.599929	1.044172	-8.967395	2.704301E-03	4.373455E-04	1.393505E-03	
35520	0.624770	0.961551	-8.911108	2.668097E-03	9.600875E-05	1.701071E-03	
35680	0.692935	0.961650	-8.920059	2.213100E-03	-6.250345E-04	-1.128848E-04	
35840	0.714556	0.924026	-8.849666	2.809082E-03	1.630037E-04	-1.835813E-03	
36000	0.632107	0.991962	-8.913167	1.843563E-03	3.370123E-04	1.951746E-03	
36160	0.745447	1.014899	-8.873341	3.032175E-04	4.542642E-04	-6.811460E-04	
36320	0.804459	0.977536	-8.911632	2.800591E-03	-6.512884E-04	1.591628E-03	
36480	0.732377	0.981610	-8.843883	1.779803E-03	-6.261256E-04	4.803108E-04	
36640	0.809818	1.013744	-8.861576	2.001622E-03	2.077345E-03	1.412790E-03	
36800	0.760992	0.971533	-8.797710	1.989817E-03	1.081111E-04	-3.884730E-05	
36960	0.911248	1.036236	-8.846700	4.468380E-03	1.509965E-03	-6.666030E-04	
37120	0.896916	1.038896	-8.831652	2.131717E-03	2.525736E-03	-1.504860E-03	
37280	0.838289	1.022650	-8.754349	3.552586E-03	1.056188E-03	2.253184E-04	
37440	0.885300	0.934234	-8.678084	3.552944E-03	-1.414410E-03	-4.297246E-04	
37600	0.925208	1.020002	-8.820937	1.066137E-03	4.953352E-04	-1.114187E-03	
37760	0.940481	1.013426	-8.781842	3.039694E-03	2.622947E-03	4.518719E-04	
37920	0.988282	1.005077	-8.777991	2.541251E-03	-8.287378E-05	-3.129772E-04	
38080	0.907709	1.012946	-8.839096	1.889736E-03	-4.248534E-05	1.380746E-03	
38240	0.927595	0.958802	-8.821466	3.325841E-03	1.781357E-04	3.701962E-04	
38400	0.984166	0.940450	-8.803878	2.903842E-03	-8.097849E-04	-7.837903E-04	
38560	0.937237	0.938785	-8.848963	4.164848E-03	2.118695E-03	-2.085585E-03	
38720	0.914789	0.931095	-8.789174	2.274003E-03	-1.751971E-04	-7.384533E-04	
38880	0.926049	1.044420	-8.880897	3.118360E-03	1.963508E-04	-2.679213E-05	
39040	0.997861	0.912387	-8.852637	2.098546E-03	-1.488471E-03	-7.282143E-04	
39200	1.015400	0.947740	-8.865766	2.354009E-03	-1.435999E-04	5.130098E-04	
39360	0.979035	0.944348	-8.855796	2.587557E-03	-2.185942E-04	9.224182E-04	
39520	0.965512	0.865430	-8.818404	2.693355E-03	-1.419997E-03	6.324485E-04	
39680	0.977829	0.892161	-8.878614	4.007511E-03	-1.071122E-03	-7.294892E-04	
39840	1.008899	0.908816	-8.938808	1.810501E-03	7.746056E-04	-4.011963E-04	
40000	1.019130	0.797318	-8.849992	3.753423E-03	5.107846E-04	5.096756E-04	
40160	0.980608	0.830298	-8.929827	1.598012E-03	1.315278E-04	5.106634E-04	
40320	1.036436	0.805866	-8.931094	6.142572E-03	1.555402E-03	2.581357E-04	
40480	0.973626	0.850274	-8.924173	2.816432E-03	-3.973786E-04	1.988504E-04	
40640	0.987210	0.755879	-8.976907	5.184918E-03	-1.026835E-03	8.875796E-04	
40800	0.980496	0.767651	-9.060965	3.185506E-03	-1.287693E-03	-3.814884E-04	
40960	0.877904	0.747054	-9.056724	3.687234E-03	5.649860E-04	-1.120803E-03	
41120	1.016045	0.680165	-9.056733	2.462802E-03	1.320845E-03	1.565511E-03	
41280	0.976791	0.755291	-9.050628	2.898213E-03	1.670253E-03	4.336808E-04	
41440	0.924606	0.635112	-9.056361	2.933041E-03	-1.633514E-03	1.133492E-03	
41600	0.920783	0.652483	-9.107489	3.990533E-03	-2.942886E-04	-6.774541E-04	
41760	0.997963	0.594873	-9.158863	3.627615E-03	1.803073E-03	1.417946E-03	
41920	0.949616	0.575289	-9.174216	4.155345E-03	6.926919E-04	9.028920E-04	
42080	0.887287	0.593677	-9.185617	1.676972E-03	-6.871179E-04	-5.343868E-04	
42240	0.865096	0.535945	-9.146362	1.903892E-03	2.533937E-03	-4.587054E-04	
42400	0.861253	0.506031	-9.096823	2.846671E-03	-1.276197E-03	-1.720330E-04	
42560	0.859134	0.396590	-9.211270	3.142599E-03	1.565725E-04	-7.007151E-04	
42720	0.924889	0.451932	-9.159625	3.026201E-03	-1.347833E-03	-8.936204E-04	
42880	0.778743	0.378800	-9.304125	3.928161E-03	-1.225127E-03	-1.249017E-03	
43040	0.852934	0.331412	-9.290397	2.848897E-03	7.940715E-04	-6.267549E-04	
43200	0.777460	0.372738	-9.269674	2.780179E-03	-3.593663E-04	6.480825E-06	
43360	0.757969	0.354515	-9.350920	3.747572E-03	1.364593E-03	1.369302E-03	
43520	0.872822	0.276391	-9.458833	3.137320E-03	-7.195789E-05	7.199178E-04	
43680	0.736570	0.313620	-9.488746	2.381969E-03	-1.624720E-04	-1.378015E-03	
43840	0.729114	0.286071	-9.402241	4.429849E-03	1.301793E-03	-5.575037E-04	
44000	0.765362	0.222627	-9.486487	3.940379E-03	-1.014555E-03	-1.660826E-04	
44160	0.650425	0.148073	-9.586857	2.286617E-03	-1.574112E-03	-7.414595E-05	
44320	0.653742	0.117012	-9.581517	5.395607E-03	1.201141E-03	1.119985E-03	
44480	0.620369	0.107076	-9.553423	2.167956E-03	5.146178E-04	1.007169E-03	
44640	0.613735	0.069422	-9.531242	5.193988E-03	-1.547640E-03	7.114935E-04	
44800	0.692086	0.136247	-9.602221	1.723089E-03	-3.093274E-05	-9.932112E-04	
44960	0.600219	0.049003	-9.647461	3.489022E-03	-1.022068E-03	1.548222E-04	
45120	0.535437	-0.017039	-9.679339	3.485841E-03	1.251133E-03	7.709379E-04	
45280	0.534956	-0.005718	-9.733536	3.625029E-03	-1.656066E-04	9.408108E-04	
45440	0.465349	-0.008592	-9.727221	1.899386E-03	1.018944E-03	9.528603E-04	
45600	0.394108	-0.142170	-9.758269	3.362100E-03	-2.142154E-04	1.468643E-03	
45760	0.398617	-0.150997	-9.807520	3.536340E-03	-3.359346E-04	-1.298415E-03	
45920	0.430258	-0.167909	-9.818443	3.430800E-03	4.975734E-04	1.541332E-03	
46080	0.326382	-0.218647	-9.942377	3.763795E-03	-3.382502E-04	1.967099E-03	
46240	0.311587	-0.245054	-9.913375	3.299709E-03	-9.299791E-04	-1.679330E-03	
46400	0.326042	-0.239495	-9.945517	3.021360E-03	-1.744418E-03	-1.748191E-03	
46560	0.201041	-0.203977	-10.038802	6.098368E-03	2.106652E-04	2.184589E-04	
46720	0.268408	-0.340679	-10.031519	4.042829E-03	1.770424E-03	9.788917E-04	
46880	0.212949	-0.350799	-9.972060	1.299722E-03	-5.364823E-04	-6.197361E-04	
47040	0.124532	-0.440533	-10.073968	3.925831E-03	9.581203E-04	-6.374248E-04	
47200	0.173636	-0.443919	-10.062830	5.889606E-04	2.486147E-04	4.627307E-05	
47360	0.097377	-0.414629	-10.068540	3.945750E-03	4.991047E-04	-1.673966E-03	
47520	0.167152	-0.450235	-10.086258	3.813431E-03	-4.429787E-04	-5.866445E-04	
47680	0.059424	-0.489851	-10.198406	3.266854E-03	1.291890E-03	1.136191E-05	
47840	0.059656	-0.537600	-10.193242	4.989643E-03	3.337398E-05	1.247200E-03	
48000	-0.063118	-0.486817	-10.242388	3.870510E-03	1.462743E-03	3.262048E-04	
48160	-0.014476	-0.516043	-10.250189	2.643651E-03	6.441113E-04	1.288633E-04	
48320	-0.031266	-0.601482	-10.260479	3.924778E-03	-8.684401E-04	-6.147800E-04	
48480	-0.128149	-0.586545	-10.407010	2.304879E-03	7.015107E-04	4.199812E-04	
48640	-0.154059	-0.582863	-10.357193	2.879466E-03	-4.296701E-04	-2.467068E-03	
48800	-0.126905	-0.584094	-10.315196	4.285019E-03	-6.096206E-04	8.605268E-04	
48960	-0.122994	-0.666747	-10.471492	1.794017E-03	2.583606E-04	4.000305E-04	
49120	-0.202180	-0.700123	-10.444944	5.294909E-03	9.263351E-04	2.267369E-03	
49280	-0.266492	-0.691764	-10.377567	3.563561E-03	-2.217449E-03	8.566203E-04	
49440	-0.313538	-0.746526	-10.418729	2.432656E-03	-1.578751E-04	-1.165798E-03	
49600	-0.205242	-0.723576	-10.513711	1.844445E-03	-6.059182E-04	-8.837065E-04	
49760	-0.321116	-0.773498	-10.582287	4.446374E-03	8.543479E-04	1.430670E-05	
49920	-0.350430	-0.785885	-10.514959	4.368082E-03	-8.962452E-04	2.205640E-03	
50080	-0.378308	-0.915974	-10.596008	2.761425E-03	-1.498516E-03	-1.984451E-04	
50240	-0.434745	-0.881826	-10.615392	3.517388E-03	-7.603569E-04	-1.065560E-03	
50400	-0.496416	-0.951723	-10.554923	2.556666E-03	-6.426154E-04	1.027738E-03	
50560	-0.474188	-0.848066	-10.592814	5.367753E-03	1.522401E-03	-6.974388E-04	
50720	-0.489288	-0.932797	-10.647251	3.784133E-03	4.098959E-04	-6.720694E-04	
50880	-0.544761	-0.897719	-10.612902	3.959394E-03	1.372765E-04	6.702242E-04	
51040	-0.569799	-0.929630	-10.697847	2.212298E-03	2.864994E-03	-4.617119E-04	
51200	-0.576686	-0.958673	-10.629222	3.152682E-03	1.951372E-04	-1.018567E-03	
51360	-0.555165	-0.947954	-10.700948	5.224323E-03	-4.023644E-04	5.541341E-04	
51520	-0.632637	-0.998838	-10.719552	3.033109E-03	8.125861E-04	-1.154604E-03	
51680	-0.677578	-0.936722	-10.681842	4.999475E-03	-1.057192E-05	-5.418413E-04	
51840	-0.732936	-1.054341	-10.757006	4.152030E-03	-8.390213E-04	-1.394995E-04	
52000	-0.703421	-0.981417	-10.801157	4.362357E-03	9.752742E-04	-6.030553E-04	
52160	-0.716828	-0.985196	-10.763337	5.279988E-03	-1.721146E-03	1.980540E-03	
52320	-0.737650	-0.940230	-10.726506	6.064919E-03	-5.884659E-04	-6.877152E-04	
52480	-0.769553	-1.040502	-10.752892	5.324750E-03	6.715443E-04	-1.542710E-03	
52640	-0.752924	-0.936457	-10.712850	3.739141E-03	1.420241E-04	-1.787682E-03	
52800	-0.824997	-0.928282	-10.797854	4.952642E-03	4.868428E-04	3.218881E-03	
52960	-0.829885	-1.095636	-10.803022	5.252198E-03	-5.117852E-04	-1.012894E-03	
53120	-0.893390	-0.955471	-10.797975	3.620760E-03	-4.185983E-05	9.883248E-05	
53280	-0.874833	-1.006546	-10.761550	5.529026E-03	-2.040750E-04	-2.758498E-04	
53440	-0.919095	-0.943061	-10.749242	3.733680E-03	1.858455E-03	-3.029394E-06	
53600	-0.828312	-0.931049	-10.816958	3.684298E-03	2.220573E-05	1.676544E-04	
53760	-0.917067	-0.963705	-10.849712	3.613617E-03	7.807334E-04	5.882309E-04	
53920	-0.844472	-1.064924	-10.877493	3.783863E-03	2.001146E-03	-4.721544E-04	
54080	-0.872877	-0.974856	-10.804412	5.096529E-03	9.067529E-04	1.350365E-04	
54240	-1.002711	-1.013144	-10.825927	4.704409E-03	-1.692491E-03	-1.354646E-03	
54400	-0.923773	-0.926033	-10.905274	2.448077E-03	-9.524420E-04	5.502040E-05	
54560	-0.939384	-0.944147	-10.766710	3.221548E-03	-6.418832E-04	1.093968E-03	
54720	-0.993738	-0.890189	-10.781811	3.995687E-03	-1.300227E-04	6.680556E-04	
54880	-0.952916	-0.914964	-10.786772	1.180080E-03	7.259990E-04	1.280493E-03	
55040	-0.963013	-0.961684	-10.819042	4.288965E-03	-1.872370E-04	-1.098260E-03	
55200	-0.989799	-0.937511	-10.771909	2.993896E-03	-1.264029E-03	-3.146286E-04	
55360	-1.075204	-0.930862	-10.735946	5.565989E-03	4.453967E-05	1.320353E-04	
55520	-0.977676	-0.831006	-10.718415	3.187526E-03	1.040299E-03	-6.578952E-04	
55680	-1.035718	-0.917553	-10.699798	6.666055E-03	-1.503365E-04	-6.507343E-04	
55840	-0.952986	-0.970980	-10.732465	3.562434E-03	1.258491E-03	5.470910E-04	
56000	-0.951256	-0.884251	-10.713126	2.918957E-03	1.615282E-03	-1.528047E-03	
56160	-0.916383	-0.771308	-10.707644	5.198705E-03	8.834281E-04	3.502412E-04	
56320	-1.068333	-0.840204	-10.696364	2.148303E-03	-5.331124E-04	-3.335050E-04	
56480	-0.984342	-0.849187	-10.609419	3.447537E-03	4.661707E-04	3.538461E-04	
56640	-0.963546	-0.788718	-10.610346	2.542324E-03	-1.035965E-03	-1.368153E-03	
56800	-0.898551	-0.738503	-10.695884	4.879760E-03	7.118909E-04	-8.103402E-04	
56960	-0.946540	-0.610758	-10.566451	5.242565E-03	-1.393076E-03	-7.876512E-04	
57120	-0.962325	-0.738805	-10.631459	3.831312E-03	3.867257E-04	1.183549E-03	
57280	-1.026211	-0.707753	-10.617680	2.609176E-03	2.296369E-03	-1.865931E-04	
57440	-0.943113	-0.697968	-10.568459	5.302653E-03	4.446933E-04	2.061779E-04	
57600	-0.898075	-0.676491	-10.449126	4.172424E-03	6.385043E-04	-7.574562E-04	
57760	-0.918553	-0.575097	-10.471720	6.277148E-03	-5.859742E-04	1.523636E-03	
57920	-0.957190	-0.559899	-10.518673	4.958245E-03	-6.827368E-04	-2.179242E-03	
58080	-0.963697	-0.596109	-10.415995	5.022275E-03	2.112678E-04	-9.410604E-04	
58240	-0.873481	-0.436147	-10.411039	4.517977E-03	-1.161638E-03	-7.878257E-04	
58400	-0.891853	-0.523503	-10.427990	4.015231E-03	-2.793804E-04	-1.520493E-03	
58560	-0.915339	-0.579976	-10.406044	4.329491E-03	-3.173829E-04	-7.093402E-04	
58720	-0.924669	-0.450436	-10.424460	3.719095E-03	1.371249E-03	-4.316983E-04	
58880	-0.826195	-0.408666	-10.347134	3.859495E-03	-1.068395E-03	-2.666489E-04	
59040	-0.872085	-0.368272	-10.262331	3.490228E-03	-6.270654E-04	-6.680134E-04	
59200	-0.904703	-0.353991	-10.258473	6.311356E-03	1.677387E-03	-1.176765E-03	
59360	-0.794479	-0.367191	-10.324051	4.224841E-03	-8.549017E-04	-2.776018E-04	
59520	-0.805378	-0.283764	-10.261241	3.730049E-03	-2.291374E-04	-6.127690E-04	
59680	-0.749432	-0.317529	-10.192562	6.339217E-03	5.877322E-05	1.475193E-03	
59840	-0.681587	-0.249969	-10.218579	3.870409E-03	-2.971753E-04	1.032644E-03	
60000	-0.705340	-0.269164	-10.115456	4.226272E-03	-1.158601E-03	-1.367525E-03	
60160	-0.696212	-0.141990	-10.175420	1.863324E-03	5.656198E-04	7.222660E-04	
60320	-0.679918	-0.180317	-10.085566	4.607489E-03	2.977373E-05	-1.188934E-04	
60480	-0.595150	-0.187861	-10.075259	4.744916E-03	-5.803586E-04	-6.359400E-04	
60640	-0.627751	-0.054619	-10.049960	5.261355E-03	5.226169E-04	8.667632E-04	
60800	-0.583116	0.020152	-9.995593	3.067025E-03	9.249822E-04	-4.689299E-04	
60960	-0.542155	-0.067178	-9.999224	5.579321E-03	-4.816411E-04	1.053505E-03	
61120	-0.561469	-0.042432	-9.938142	4.215397E-03	-2.480292E-04	-5.708127E-04	
61280	-0.572468	0.088161	-9.907884	5.528095E-03	1.252961E-04	1.230242E-03	
61440	-0.487422	0.078662	-9.880086	4.925529E-03	2.005155E-05	-3.360455E-05	
61600	-0.435032	0.165145	-9.817173	3.874111E-03	-4.343805E-04	-1.623793E-03	
61760	-0.384934	0.186028	-9.903962	3.801991E-03	2.320901E-03	5.972153E-04	
61920	-0.369450	0.196748	-9.897454	4.668439E-03	1.201221E-03	-2.560183E-04	
62080	-0.328253	0.156374	-9.763898	5.051304E-03	4.794131E-04	5.456388E-04	
62240	-0.345439	0.265948	-9.720528	5.826759E-03	-6.882602E-04	-8.621129E-04	
62400	-0.316750	0.261926	-9.731140	5.230581E-03	-8.467808E-04	-1.839243E-04	
62560	-0.350461	0.282758	-9.630688	4.976594E-03	-2.070622E-03	-1.456324E-03	
62720	-0.289596	0.313227	-9.619094	4.006546E-03	-4.696004E-04	4.993000E-04	
62880	-0.233426	0.346217	-9.566274	3.954757E-03	4.290849E-04	-1.781575E-03	
63040	-0.149196	0.347869	-9.558760	3.554048E-03	-1.720558E-03	2.255119E-04	
63200	-0.209047	0.402634	-9.527029	5.335419E-03	-7.568002E-04	9.999287E-04	
63360	-0.152730	0.349916	-9.506399	4.407167E-03	-3.742679E-04	-1.118544E-03	
63520	-0.152479	0.514489	-9.484663	5.741096E-03	-8.312966E-04	5.271783E-04	
63680	-0.085248	0.496201	-9.415780	6.021857E-03	-6.327835E-05	2.618232E-04	
63840	0.006715	0.581924	-9.528381	4.301817E-03	3.336143E-04	-1.820572E-04	
64000	-0.067124	0.489609	-9.329788	3.183931E-03	1.537172E-03	-6.189808E-04	
64160	0.121922	0.613816	-9.419487	3.712067E-03	-1.955186E-04	7.740042E-05	
64320	0.003447	0.575414	-9.386501	6.774483E-03	2.332073E-04	3.488526E-04	
64480	0.143544	0.604867	-9.309366	7.602560E-03	-2.065497E-04	-1.494168E-03	
64640	0.141090	0.665283	-9.250818	4.134858E-03	4.558744E-04	6.394427E-04	
64800	0.172969	0.672933	-9.324057	4.336367E-03	1.286154E-03	1.517201E-03	
64960	0.182329	0.675795	-9.210051	6.192233E-03	7.974179E-04	-1.478495E-03	
65120	0.203967	0.827944	-9.178764	5.528784E-03	-2.126803E-05	-4.547976E-04	
65280	0.315277	0.747040	-9.125007	4.183179E-03	3.956641E-04	7.310069E-04	
65440	0.299329	0.813889	-9.226332	3.380675E-03	4.201004E-04	-5.262876E-04	
65600	0.319351	0.793020	-9.190493	5.101267E-03	1.291879E-03	9.875427E-04	
65760	0.245859	0.845545	-9.235398	4.284714E-03	-8.989217E-05	1.429471E-03	
65920	0.319280	0.765687	-9.030550	5.390194E-03	-1.063426E-04	3.721808E-04	
66080	0.438233	0.750341	-9.019474	5.018564E-03	-5.053484E-04	3.188659E-05	
66240	0.373294	0.816018	-9.056774	4.736166E-03	4.248412E-04	1.155182E-03	
66400	0.481525	0.858018	-9.074145	3.784932E-03	-1.140628E-03	-3.079876E-04	
66560	0.523256	0.889720	-8.985181	4.835323E-03	-2.963902E-04	8.653112E-04	
66720	0.516130	0.913576	-8.944530	4.014750E-03	5.156736E-04	1.019600E-03	
66880	0.539269	0.872934	-8.944013	5.272566E-03	-1.040487E-03	2.236363E-04	
67040	0.553981	0.872440	-8.978362	4.643540E-03	1.579735E-04	-1.418540E-03	
67200	0.548815	0.969146	-9.001039	4.229765E-03	1.581490E-04	7.009755E-04	
67360	0.691610	0.941313	-8.941411	3.780502E-03	-7.035589E-04	1.167358E-03	
67520	0.617573	0.948960	-8.921738	5.332916E-03	6.194328E-04	-2.626316E-04	
67680	0.688034	0.962524	-8.958078	5.488742E-03	1.085909E-03	8.692408E-04	
67840	0.722094	0.950360	-8.884440	5.834398E-03	8.522234E-05	-4.777820E-04	
68000	0.673387	0.955269	-8.915125	5.506658E-03	1.004805E-03	-2.352771E-04	
68160	0.765380	1.057816	-8.817630	6.520355E-03	1.257156E-04	-1.038171E-04	
68320	0.740936	0.934237	-8.756290	5.126107E-03	7.787056E-04	-1.411521E-04	
68480	0.792215	0.991236	-8.842061	4.843361E-03	2.999998E-04	-9.981531E-04	
68640	0.768445	1.079367	-8.846273	4.733034E-03	7.609230E-04	6.666545E-04	
68800	0.847565	0.968587	-8.894715	4.200949E-03	-8.826420E-04	2.266409E-03	
68960	0.808938	0.966520	-8.808226	3.334830E-03	9.939795E-05	-8.620533E-04	
69120	0.905514	0.985866	-8.857218	4.398831E-03	-4.800683E-04	-7.347583E-04	
69280	0.873757	1.025592	-8.754542	4.656331E-03	-9.900151E-04	-5.446905E-05	
69440	0.913023	1.059557	-8.768545	5.176856E-03	1.535053E-06	5.759578E-04	
69600	0.897106	0.964381	-8.782318	4.508026E-03	1.213580E-03	1.136939E-03	
69760	0.878522	0.986825	-8.804685	4.823189E-03	1.437316E-03	1.310491E-05	
69920	0.995763	0.966944	-8.793062	5.256077E-03	-1.267272E-03	9.078650E-04	
70080	0.944124	0.932797	-8.776409	5.489941E-03	-1.834886E-04	1.008239E-03	
70240	0.970317	0.998652	-8.837727	3.753993E-03	1.334520E-03	-1.394149E-03	
70400	0.918660	1.033433	-8.841888	3.708108E-03	4.929600E-04	4.557466E-04	
70560	0.918202	0.974733	-8.789518	4.968709E-03	-1.157131E-05	1.061547E-04	
70720	0.984361	0.915203	-8.817314	7.549445E-03	-1.206423E-03	-1.131457E-03	
70880	1.001761	0.948047	-8.902061	6.072277E-03	-2.847307E-04	-9.149521E-04	
71040	0.998146	0.918377	-8.862170	4.926477E-03	4.322829E-04	-1.520030E-03	
71200	1.016932	0.859750	-8.845405	5.615293E-03	6.971894E-04	-1.723688E-04	
71360	1.012949	0.918570	-8.814613	5.568704E-03	2.262790E-04	3.209963E-04	
71520	0.999768	0.862708	-8.855067	5.579878E-03	-1.749083E-03	-7.464232E-04	
71680	1.015627	0.846056	-8.834012	3.940149E-03	1.119895E-03	-1.222877E-03	
71840	0.960232	0.879248	-8.877116	4.661579E-03	1.136856E-03	1.397168E-03	
72000	0.983576	0.823570	-8.897235	3.945856E-03	-1.291518E-03	5.054347E-04	
72160	1.040041	0.798759	-8.889018	5.159462E-03	5.936946E-04	-1.372507E-03	
72320	1.004728	0.793596	-8.901131	4.858739E-03	9.567777E-04	-4.472405E-05	
72480	1.045424	0.804839	-8.949806	3.918729E-03	3.438318E-05	-2.431159E-03	
72640	0.958950	0.789243	-8.992143	6.984878E-03	-6.576400E-04	2.789400E-04	
72800	1.102061	0.743954	-8.972094	5.217750E-03	-1.917459E-03	1.455442E-03	
72960	0.975788	0.786986	-8.982681	4.761038E-03	7.957013E-04	-6.260807E-04	
73120	0.947673	0.747248	-9.003975	5.298528E-03	-1.220375E-03	-3.085663E-04	
73280	1.010413	0.667363	-9.019780	4.713040E-03	-8.413928E-04	1.167183E-03	
73440	0.954552	0.627780	-9.022305	3.708087E-03	-2.452955E-04	7.914564E-04	
73600	0.981661	0.675588	-9.092965	6.438852E-03	-5.039598E-04	1.554201E-03	
73760	0.920157	0.586194	-9.042248	7.358451E-03	3.881475E-04	-3.943392E-04	
73920	0.917081	0.613863	-9.135365	4.503783E-03	-2.110112E-04	-6.415713E-04	
74080	0.925779	0.621116	-9.190653	5.909685E-03	-2.207128E-04	-6.647956E-04	
74240	0.888156	0.588924	-9.094914	4.645814E-03	1.878666E-03	1.177332E-03	
74400	0.957810	0.464693	-9.264212	4.928600E-03	7.833552E-04	7.825592E-05	
74560	0.854203	0.536384	-9.150188	6.037031E-03	2.463150E-03	9.142475E-04	
74720	0.935828	0.473325	-9.249268	4.017390E-03	1.731928E-03	8.133312E-04	
74880	0.832604	0.400679	-9.280952	7.294072E-03	-2.141896E-04	7.307356E-04	
75040	0.810381	0.426178	-9.218731	5.098489E-03	-2.948534E-04	5.396802E-04	
75200	0.892886	0.309500	-9.294187	4.099039E-03	8.302220E-04	7.654706E-05	
75360	0.768498	0.329870	-9.264800	5.316748E-03	-3.178858E-04	-2.323133E-04	
75520	0.771412	0.332973	-9.397602	5.017650E-03	4.249746E-04	-1.714239E-04	
75680	0.790666	0.312295	-9.388275	4.615857E-03	9.920486E-04	4.308839E-04	
75840	0.780803	0.272708	-9.447540	5.996645E-03	3.852631E-04	3.831888E-04	
76000	0.798848	0.228136	-9.446746	4.804330E-03	4.059281E-04	1.106840E-03	
76160	0.592579	0.264793	-9.482378	4.779905E-03	1.436847E-03	-8.261549E-04	
76320	0.677585	0.184072	-9.535711	6.241138E-03	-2.012862E-03	2.453509E-04	
76480	0.614710	0.099202	-9.573456	5.189214E-03	1.117105E-03	-3.912249E-04	
76640	0.538033	0.050983	-9.563622	5.916809E-03	1.949912E-04	5.494866E-04	
76800	0.513019	0.089499	-9.628523	5.023697E-03	2.071672E-03	-7.965206E-06	
76960	0.593246	0.033851	-9.662952	5.876852E-03	3.496528E-04	8.252706E-04	
77120	0.499903	0.028615	-9.648114	4.908037E-03	-3.125160E-03	6.214340E-05	
77280	0.495202	0.036034	-9.713875	6.532144E-03	-2.641391E-04	-4.909800E-04	
77440	0.452510	-0.025482	-9.711336	5.229204E-03	1.492437E-03	6.561647E-04	
77600	0.442950	-0.088464	-9.786396	7.608306E-03	-6.517927E-04	4.962922E-04	
77760	0.436192	-0.134331	-9.866909	5.146318E-03	1.945847E-03	3.365370E-03	
77920	0.482353	-0.132335	-9.774262	7.065050E-03	-1.658635E-03	-1.295006E-03	
78080	0.344761	-0.167528	-9.924555	4.576390E-03	1.191807E-03	-1.320772E-03	
78240	0.296935	-0.273946	-9.892003	5.676131E-03	2.888850E-03	-5.814523E-04	
78400	0.307971	-0.189715	-9.895276	5.455999E-03	-2.806217E-04	1.280150E-03	
78560	0.297382	-0.287454	-9.979689	7.617419E-03	-1.606690E-04	-3.675469E-04	
78720	0.273501	-0.337218	-9.988759	4.923938E-03	-5.861223E-04	-8.663636E-05	
78880	0.271444	-0.341963	-10.079684	5.845990E-03	2.778499E-04	1.052896E-03	
79040	0.192371	-0.365180	-10.066089	4.394080E-03	7.043910E-04	1.625970E-04	
79200	0.177896	-0.343377	-10.095462	5.112861E-03	6.284737E-04	2.332926E-04	
79360	0.102846	-0.353607	-10.122642	5.686825E-03	-2.180358E-03	-1.062140E-04	
79520	0.185784	-0.447309	-10.139420	4.318573E-03	5.058258E-04	-2.376816E-04	
79680	0.065150	-0.573472	-10.229529	6.789614E-03	7.467454E-04	-1.021131E-04	
79840	0.102822	-0.560682	-10.242877	7.323089E-03	-1.351724E-03	2.869135E-04	
80000	0.050444	-0.539502	-10.299832	3.827740E-03	1.337437E-03	2.498141E-04	
80160	-0.037493	-0.523810	-10.253502	5.124430E-03	8.854608E-04	-6.350909E-05	
80320	-0.072484	-0.585524	-10.249237	5.690344E-03	-1.424968E-03	4.756290E-04	
80480	-0.126854	-0.636396	-10.288827	5.493454E-03	9.226892E-04	-8.355711E-05	
80640	-0.141432	-0.614399	-10.402229	4.877442E-03	8.983776E-04	4.569926E-04	
80800	-0.140783	-0.730156	-10.340381	6.084747E-03	1.927676E-03	4.560719E-04	
80960	-0.167668	-0.759657	-10.396360	5.358381E-03	1.302769E-03	-1.972275E-03	
81120	-0.226268	-0.681180	-10.432792	7.384283E-03	-8.239066E-05	-7.764590E-04	
81280	-0.232877	-0.775593	-10.465463	4.957626E-03	8.044923E-04	2.762820E-05	
81440	-0.300957	-0.702697	-10.440541	6.551662E-03	-1.457696E-06	-7.327783E-04	
81600	-0.268613	-0.695728	-10.525595	6.475576E-03	1.073617E-03	-7.274938E-04	
81760	-0.415451	-0.783849	-10.492417	6.125371E-03	6.232359E-04	-1.984572E-03	
81920	-0.372398	-0.782581	-10.504802	6.222000E-03	1.661375E-03	8.380840E-04	
82080	-0.327436	-0.795665	-10.475784	5.668494E-03	9.119545E-05	8.187072E-05	
82240	-0.456553	-0.902311	-10.601351	4.504776E-03	5.864270E-04	-3.119955E-04	
82400	-0.458781	-0.868084	-10.618514	5.096075E-03	-2.076454E-03	-6.060845E-04	
82560	-0.485456	-0.867152	-10.603626	5.552652E-03	-2.399621E-04	-1.018693E-03	
82720	-0.508632	-0.863275	-10.557541	7.288116E-03	1.062245E-03	-3.762716E-04	
82880	-0.489777	-0.949531	-10.644360	5.159521E-03	-9.873930E-04	-7.437576E-04	
83040	-0.538675	-0.886612	-10.703519	6.417981E-03	8.071269E-04	3.989615E-04	
83200	-0.668341	-0.900333	-10.712259	6.326851E-03	1.417867E-03	1.238950E-03	
83360	-0.615364	-0.920404	-10.662556	5.808247E-03	1.416615E-03	2.231881E-03	
83520	-0.585187	-0.970815	-10.675192	6.202581E-03	-9.788647E-04	-1.659648E-03	
83680	-0.734590	-0.881428	-10.743320	5.893097E-03	-8.165755E-06	1.941764E-04	
83840	-0.715978	-0.938833	-10.770622	5.375845E-03	-1.059868E-03	1.116251E-03	
84000	-0.719294	-0.996369	-10.709485	5.931456E-03	4.618072E-04	-6.271030E-04	
84160	-0.720303	-0.906067	-10.736976	7.026531E-03	2.244579E-03	1.424492E-03	
84320	-0.768558	-1.033210	-10.720437	5.700859E-03	1.037294E-04	-7.896317E-04	
84480	-0.730016	-1.060867	-10.811644	4.943932E-03	-2.904367E-03	8.153280E-04	
84640	-0.776752	-0.994053	-10.754762	7.901262E-03	-7.551972E-04	1.681506E-04	
84800	-0.779807	-1.016007	-10.755929	6.603273E-03	-1.080954E-03	-3.220853E-03	
84960	-0.814175	-0.994499	-10.801941	6.545190E-03	-1.019127E-03	3.451843E-04	
85120	-0.850283	-0.939165	-10.799997	5.112097E-03	8.231769E-04	3.097873E-04	
85280	-0.874821	-1.031009	-10.885831	6.874543E-03	6.146570E-04	-2.068324E-04	
85440	-0.767599	-0.984094	-10.831788	5.234304E-03	1.210859E-03	-2.818711E-04	
85600	-0.812797	-0.949528	-10.831187	5.702795E-03	-1.578846E-04	-5.759587E-04	
85760	-0.955671	-0.990878	-10.749829	4.859992E-03	-1.270127E-04	1.461165E-05	
85920	-0.889463	-0.981696	-10.850998	5.817687E-03	-1.216078E-03	1.658413E-04	
86080	-0.906177	-1.012240	-10.785158	5.705582E-03	3.924010E-04	6.571244E-04	
86240	-0.878722	-0.835793	-10.838257	5.717143E-03	-5.309277E-04	-1.531326E-04	
86400	-0.949072	-0.953889	-10.814585	5.629703E-03	4.221731E-04	2.673704E-04	
86560	-0.935423	-0.923601	-10.791641	7.098178E-03	8.048367E-04	1.426013E-03	
86720	-0.968538	-0.930263	-10.757319	8.290651E-03	-1.337180E-03	5.950498E-04	
86880	-0.995084	-0.912934	-10.772938	7.467212E-03	-9.388984E-04	-7.686630E-04	
87040	-0.970224	-0.929701	-10.716368	6.925391E-03	1.142344E-03	5.086219E-04	
87200	-0.944418	-0.934882	-10.826172	6.459483E-03	2.861566E-03	-1.023215E-05	
87360	-1.032147	-0.813181	-10.771230	5.739403E-03	1.618970E-03	6.302813E-04	
87520	-1.000705	-0.975307	-10.875023	4.554211E-03	1.164387E-03	3.990772E-04	
87680	-1.019072	-0.819059	-10.745814	7.649406E-03	-9.075157E-04	-7.190902E-04	
87840	-0.983621	-0.826561	-10.766011	7.095589E-03	3.316041E-04	-7.033439E-04	
88000	-0.919045	-0.777365	-10.672826	5.994181E-03	1.369995E-04	1.270166E-03	
88160	-1.017015	-0.789705	-10.639954	6.081510E-03	-4.713814E-04	-1.913973E-03	
88320	-0.984570	-0.846018	-10.690375	7.109688E-03	4.549377E-04	-7.556238E-04	
88480	-1.024623	-0.818250	-10.617440	5.363446E-03	8.924075E-04	1.089404E-03	
88640	-0.982095	-0.791733	-10.719912	8.318597E-03	2.451122E-04	-1.868404E-04	
88800	-1.008011	-0.681975	-10.657762	4.465935E-03	5.650348E-04	-1.617021E-03	
88960	-0.989912	-0.736597	-10.662473	7.223730E-03	6.903713E-04	-2.272786E-04	
89120	-0.989832	-0.711100	-10.552881	5.379126E-03	-1.328444E-03	-9.855051E-04	
89280	-0.888606	-0.672688	-10.546258	6.595006E-03	7.404760E-04	1.029851E-03	
89440	-1.046080	-0.694061	-10.536957	5.930304E-03	-6.501640E-04	2.931132E-03	
89600	-0.945191	-0.684418	-10.514786	7.241303E-03	3.826257E-04	1.166870E-03	
89760	-0.933941	-0.611441	-10.516438	5.804650E-03	2.504664E-04	-1.639934E-04	
89920	-0.883512	-0.613336	-10.486018	7.091496E-03	9.631865E-04	-1.576368E-03	
90080	-0.951047	-0.571083	-10.479754	7.053488E-03	6.477603E-04	2.561050E-04	
90240	-0.906187	-0.560974	-10.439346	6.557200E-03	-1.178674E-03	-8.442920E-04	
90400	-0.857942	-0.476638	-10.422239	5.831796E-03	2.288178E-03	-1.383757E-03	
90560	-0.926716	-0.467333	-10.298787	5.136904E-03	2.048998E-04	1.178381E-03	
90720	-0.798369	-0.483027	-10.369621	6.860928E-03	-4.312361E-04	-8.451965E-04	
90880	-0.863134	-0.411343	-10.329122	6.175709E-03	-2.631510E-04	-6.774562E-04	
91040	-0.770812	-0.378926	-10.320568	5.092235E-03	-2.586672E-04	-1.150791E-03	
91200	-0.791422	-0.364553	-10.313504	6.785046E-03	-1.983276E-03	2.209836E-03	
91360	-0.783618	-0.335900	-10.272787	7.257169E-03	-8.567787E-04	2.020439E-03	
91520	-0.813166	-0.294374	-10.277234	6.257762E-03	1.241689E-03	-6.317602E-04	
91680	-0.763991	-0.277362	-10.229793	5.659783E-03	-4.885728E-04	-3.476034E-04	
91840	-0.696730	-0.257441	-10.246673	6.291661E-03	1.641127E-03	1.585613E-03	
92000	-0.695789	-0.235100	-10.133313	8.635120E-03	-7.892672E-04	-8.692415E-04	
92160	-0.681934	-0.229549	-10.075746	5.534308E-03	4.928427E-04	1.233121E-03	
92320	-0.607809	-0.154007	-10.068427	6.599194E-03	1.129594E-03	-1.153036E-03	
92480	-0.569576	-0.117272	-10.057271	8.699758E-03	5.999621E-04	-3.556093E-05	
92640	-0.523687	-0.106334	-10.057038	6.574209E-03	-2.449568E-04	-1.058029E-03	
92800	-0.557166	-0.041015	-10.053762	6.628261E-03	-1.651750E-03	6.407135E-04	
92960	-0.596044	-0.047178	-9.990895	5.761728E-03	-6.472443E-05	1.216978E-03	
93120	-0.517454	0.011843	-9.927910	7.216949E-03	-1.945243E-03	2.740307E-03	
93280	-0.506725	0.039412	-9.850472	7.890348E-03	-1.387739E-04	-7.899698E-04	
93440	-0.509215	0.080635	-9.974263	6.364825E-03	-1.376211E-03	-1.333218E-03	
93600	-0.437839	0.094234	-9.910430	5.220194E-03	3.237941E-04	-8.588282E-05	
93760	-0.446363	0.114308	-9.824114	6.400582E-03	-6.009685E-04	-2.008237E-03	
93920	-0.466278	0.123808	-9.763015	7.491559E-03	1.376127E-03	7.912936E-04	
94080	-0.309919	0.132619	-9.726406	6.204774E-03	1.430277E-03	5.917428E-05	
94240	-0.355432	0.294095	-9.664693	7.022985E-03	-9.486323E-04	4.824266E-04	
94400	-0.386019	0.242534	-9.738761	6.241682E-03	-4.382306E-05	-8.800238E-04	
94560	-0.304339	0.263828	-9.652394	8.712231E-03	-5.571392E-04	1.961626E-03	
94720	-0.222054	0.242173	-9.596343	7.091070E-03	-1.913939E-03	-8.693883E-05	
94880	-0.208736	0.237658	-9.616338	7.047801E-03	-1.590435E-03	-7.280547E-04	
95040	-0.256662	0.400814	-9.533612	6.738489E-03	-1.509066E-04	8.705698E-05	
95200	-0.130032	0.264475	-9.565743	7.601682E-03	-7.942963E-04	-5.247677E-04	
95360	-0.124593	0.349471	-9.450343	6.685095E-03	-5.117958E-04	-3.107609E-04	
95520	-0.080271	0.403083	-9.544079	6.091634E-03	8.708914E-04	1.502171E-03	
95680	-0.082632	0.492162	-9.466169	7.760294E-03	-3.510474E-04	-1.181736E-03	
95840	-0.151893	0.562470	-9.376754	5.458985E-03	-2.466685E-04	-1.912656E-03	
96000	-0.018008	0.551229	-9.389074	4.905065E-03	-1.046459E-03	1.011629E-03	
96160	0.099505	0.570940	-9.358547	6.957907E-03	-4.916501E-04	1.521701E-03	
96320	0.042539	0.612438	-9.354603	6.611662E-03	-3.246784E-04	-1.460319E-03	
96480	0.133204	0.674916	-9.274869	8.476540E-03	9.878781E-04	-1.164038E-03	
96640	0.025935	0.661345	-9.241220	7.252371E-03	-2.247899E-04	-3.753432E-03	
96800	0.255673	0.648931	-9.219280	6.633373E-03	-1.991663E-04	-3.498396E-04	
96960	0.224323	0.687014	-9.136004	6.255489E-03	8.551537E-04	2.240407E-03	
97120	0.269981	0.742517	-9.118906	6.250684E-03	2.423038E-04	-1.040376E-03	
97280	0.295303	0.745096	-9.232791	6.613612E-03	1.278454E-03	1.786379E-03	
97440	0.177281	0.766505	-9.146397	7.194071E-03	2.054136E-04	-7.239626E-04	
97600	0.253936	0.765931	-9.184645	7.928757E-03	1.078785E-03	-1.160639E-03	
97760	0.339347	0.772470	-9.081651	7.438615E-03	4.081481E-04	2.509481E-04	
97920	0.328187	0.814951	-9.040098	6.254698E-03	7.283152E-05	1.762651E-03	
98080	0.402279	0.824604	-9.003650	7.629472E-03	-5.479390E-04	-9.526107E-05	
98240	0.397467	0.846079	-8.995136	6.938243E-03	-1.267081E-04	1.068146E-03	
98400	0.430151	0.909653	-8.959455	5.332587E-03	7.301368E-04	4.471057E-04	
98560	0.461315	0.853873	-8.916721	5.914004E-03	5.453337E-04	-1.043217E-03	
98720	0.525478	0.853282	-8.962807	8.453617E-03	1.164518E-03	-1.012011E-03	
98880	0.519165	0.935739	-8.970118	8.617033E-03	-5.098241E-04	-4.314230E-04	
99040	0.540610	0.923190	-8.936976	5.782992E-03	-1.106947E-03	4.543288E-04	
99200	0.579299	0.894324	-8.928641	7.205652E-03	8.477705E-04	1.456151E-03	
99360	0.614354	0.872864	-8.952240	6.171002E-03	-4.770038E-04	1.439375E-04	
99520	0.632913	0.974063	-8.976724	5.631117E-03	1.202409E-03	1.321643E-03	
99680	0.630181	0.981563	-8.921784	6.665602E-03	4.740339E-04	-2.122432E-04	
99840	0.721544	0.915498	-8.900982	5.769556E-03	-8.945165E-04	6.349681E-04	
100000	0.657060	1.065905	-8.871372	6.983436E-03	-7.993187E-04	-6.258198E-04	
100160	0.722567	1.025557	-8.815518	7.981394E-03	-1.552918E-04	3.034072E-04	
100320	0.744088	0.957266	-8.809747	6.890715E-03	9.366390E-04	4.708570E-04	
100480	0.774237	0.902879	-8.827515	6.990808E-03	-6.649689E-04	1.079669E-03	
100640	0.717528	0.998925	-8.816899	6.749839E-03	5.803677E-04	1.245963E-03	
100800	0.864654	0.994315	-8.844334	7.730576E-03	6.276997E-04	-2.648767E-04	
100960	0.796344	0.968122	-8.802301	6.462117E-03	-4.030329E-04	4.949772E-04	
101120	0.847275	0.981467	-8.797698	7.665766E-03	3.382018E-04	-5.974900E-04	
101280	0.850264	1.005972	-8.795727	7.407878E-03	-1.508222E-03	6.842805E-05	
101440	0.885862	0.996636	-8.787598	7.830622E-03	1.149663E-04	1.568708E-04	
101600	0.858545	0.912348	-8.871132	7.012879E-03	-2.133027E-05	2.056300E-03	
101760	0.872887	0.957152	-8.798187	6.238547E-03	1.601632E-03	1.347078E-03	
101920	0.955367	0.933400	-8.744995	7.063568E-03	1.019114E-03	-1.049111E-03	
102080	0.934139	0.984689	-8.785761	6.832096E-03	-5.740345E-04	2.519455E-05	
102240	1.000069	0.942824	-8.893940	7.475129E-03	2.034469E-04	-4.207882E-04	
102400	0.945592	0.980101	-8.879656	7.608368E-03	-1.811271E-04	-1.303910E-03	
102560	0.954017	0.949049	-8.837606	6.466835E-03	-7.493217E-04	1.567406E-03	
102720	0.905179	0.980472	-8.825838	7.942255E-03	1.350873E-03	-1.213302E-03	
102880	0.995345	0.954239	-8.842690	7.027021E-03	-9.464201E-05	1.927646E-03	
103040	0.956238	0.996809	-8.899565	7.373694E-03	-1.359458E-03	1.138458E-04	
103200	1.001367	0.880898	-8.899925	6.841613E-03	1.562600E-03	-5.509015E-05	
103360	0.973821	0.894751	-8.918252	8.483009E-03	2.227073E-04	-8.344849E-05	
103520	1.027254	0.868011	-8.880780	7.681540E-03	-5.450225E-04	1.728079E-03	
103680	1.028685	0.892513	-8.866355	6.381166E-03	-4.323297E-04	-8.403528E-04	
103840	1.016226	0.849394	-8.821237	6.993255E-03	4.607606E-04	1.241431E-03	
104000	1.048913	0.850588	-8.855401	7.540958E-03	9.082739E-04	4.885721E-04	
104160	1.037617	0.778963	-8.934881	7.878613E-03	5.291694E-04	1.514141E-03	
104320	0.958953	0.887267	-8.895580	7.100974E-03	-5.486867E-04	-1.119250E-03	
104480	0.981160	0.732924	-8.925358	8.225261E-03	-1.166958E-03	-1.120388E-03	
104640	0.975391	0.763577	-8.991674	8.640555E-03	6.330446E-04	3.993192E-04	
104800	1.026391	0.751843	-8.975635	7.533646E-03	-1.545648E-03	-5.387289E-04	
104960	1.005976	0.740086	-8.979646	6.933531E-03	-1.222051E-03	9.193396E-04	
105120	0.976030	0.658914	-9.008058	8.691990E-03	-1.697645E-04	3.854348E-04	
105280	0.960282	0.716163	-9.080043	7.341990E-03	-1.990470E-04	-1.795779E-04	
105440	0.930203	0.700733	-9.144647	8.299930E-03	7.283165E-04	-7.381163E-04	
105600	0.903524	0.626387	-9.118878	7.614669E-03	7.031902E-04	6.236265E-04	
105760	1.001522	0.535595	-9.142524	7.491083E-03	1.557046E-03	1.473801E-03	
105920	0.985816	0.627330	-9.053685	6.650892E-03	1.252335E-03	-1.189503E-03	
106080	0.885556	0.548827	-9.218349	6.866061E-03	1.197164E-03	-2.195939E-04	
106240	0.901418	0.600439	-9.170760	7.343017E-03	2.768627E-04	1.443169E-03	
106400	0.851670	0.523583	-9.169842	7.298448E-03	-1.176444E-03	-6.861340E-04	
106560	0.909144	0.496337	-9.227502	8.969135E-03	-6.621671E-04	1.105209E-03	
106720	0.850052	0.417856	-9.210152	8.143812E-03	1.843781E-03	4.589884E-05	
106880	0.853080	0.457183	-9.225016	7.969709E-03	-8.573366E-04	1.656135E-04	
107040	0.803598	0.478712	-9.233989	5.398110E-03	5.936982E-04	-1.963045E-03	
107200	0.859685	0.308894	-9.294948	7.766075E-03	-5.021499E-04	-1.452110E-03	
107360	0.783457	0.323967	-9.288028	9.867078E-03	3.438192E-04	-1.113381E-03	
107520	0.872657	0.335602	-9.412645	8.719685E-03	-1.094308E-03	-9.031358E-04	
107680	0.766063	0.255030	-9.406311	7.408902E-03	3.209361E-04	5.557902E-04	
107840	0.775204	0.208865	-9.443006	9.999367E-03	-1.600780E-03	-1.247539E-03	
108000	0.698229	0.216488	-9.457267	9.624756E-03	-5.863798E-04	1.353341E-04	
108160	0.733045	0.194740	-9.493359	9.097626E-03	-6.153382E-04	1.324653E-03	
108320	0.610357	0.139581	-9.475038	6.737514E-03	-1.994434E-05	5.586258E-04	
108480	0.638785	0.173257	-9.564233	8.035572E-03	4.083580E-04	-3.125712E-05	
108640	0.534014	0.056453	-9.660379	8.964378E-03	-6.817896E-05	-6.064875E-04	
108800	0.524575	0.082951	-9.590960	7.192024E-03	9.936073E-04	1.588205E-03	
108960	0.546527	-0.033182	-9.576079	8.482843E-03	-7.322232E-04	-1.064562E-04	
109120	0.575311	0.079472	-9.698523	7.279115E-03	1.065738E-03	-3.426526E-04	
109280	0.542501	-0.080760	-9.745808	6.395600E-03	2.374814E-03	-1.679821E-03	
109440	0.456540	-0.044986	-9.671696	7.621207E-03	1.096435E-03	1.261980E-03	
109600	0.407186	-0.092676	-9.793884	8.021873E-03	-4.264488E-05	-1.691223E-04	
109760	0.522639	-0.204333	-9.766824	7.974125E-03	-9.115472E-04	8.225719E-05	
109920	0.412555	-0.162672	-9.907443	7.806016E-03	-4.421726E-04	-1.942053E-03	
110080	0.423099	-0.160115	-9.791964	7.065208E-03	7.845338E-04	2.458643E-04	
110240	0.430097	-0.152351	-9.947357	7.397332E-03	-9.056224E-04	-1.456476E-04	
110400	0.300288	-0.265564	-9.922595	8.689599E-03	-7.742307E-04	-3.608309E-04	
110560	0.315098	-0.297488	-9.913799	7.171132E-03	-3.956074E-05	-8.571324E-04	
110720	0.233333	-0.353770	-10.020055	9.536951E-03	-7.763501E-04	-4.874576E-04	
110880	0.167446	-0.323814	-10.048934	7.524959E-03	-8.756661E-05	1.064316E-03	
111040	0.142307	-0.521531	-10.093409	6.348221E-03	1.874023E-04	3.368662E-04	
111200	0.147306	-0.391935	-10.089825	8.435019E-03	5.951826E-05	-1.408852E-04	
111360	0.102903	-0.451382	-10.183260	9.102193E-03	-6.883446E-04	-2.263506E-04	
111520	0.057377	-0.440260	-10.187213	9.022236E-03	4.002002E-04	-2.300895E-04	
111680	0.100813	-0.452638	-10.202976	7.895914E-03	1.509754E-04	1.868471E-03	
111840	0.031381	-0.444752	-10.186661	8.327002E-03	2.889787E-03	-2.318228E-04	
112000	-0.029585	-0.555598	-10.226188	7.687048E-03	-1.422995E-03	-9.080230E-05	
112160	-0.053399	-0.592944	-10.254523	1.050372E-02	-9.101390E-05	-6.734403E-05	
112320	-0.027105	-0.539358	-10.393265	9.379560E-03	3.197377E-04	6.358834E-04	
112480	-0.116650	-0.643125	-10.399666	9.950444E-03	-8.783588E-04	1.821399E-03	
112640	-0.145530	-0.593975	-10.347896	6.898471E-03	-8.487141E-04	-4.515189E-04	
112800	-0.163314	-0.669379	-10.334382	9.013814E-03	1.969495E-03	-2.715132E-04	
112960	-0.186914	-0.725723	-10.468346	9.715296E-03	-2.727253E-05	-6.233010E-04	
113120	-0.256081	-0.722666	-10.387313	9.729714E-03	-1.930862E-03	7.439161E-04	
113280	-0.261267	-0.800776	-10.487183	8.709199E-03	-3.380442E-04	-1.510848E-04	
113440	-0.333428	-0.751246	-10.478513	9.139112E-03	1.315401E-03	3.937781E-04	
113600	-0.344582	-0.758289	-10.533233	9.630601E-03	-8.374386E-04	7.852211E-04	
113760	-0.370530	-0.762279	-10.498710	7.298694E-03	4.838838E-04	9.270206E-04	
113920	-0.392815	-0.784197	-10.532533	7.866744E-03	4.321616E-04	-1.457103E-03	
114080	-0.485339	-0.887426	-10.601871	7.045572E-03	2.262323E-03	2.253332E-03	
114240	-0.474273	-0.869446	-10.595792	8.351411E-03	-1.852218E-05	-1.095579E-03	
114400	-0.478543	-0.912378	-10.572271	9.796185E-03	5.677519E-05	3.479987E-04	
114560	-0.459652	-0.842778	-10.600623	9.437924E-03	-2.035330E-03	-2.665063E-04	
114720	-0.497553	-0.898716	-10.647325	8.548512E-03	1.972801E-04	1.626566E-03	
114880	-0.544113	-0.875811	-10.676426	8.253306E-03	-1.771541E-04	-5.900679E-05	
115040	-0.584841	-0.931594	-10.689787	8.735348E-03	1.185330E-03	-1.864995E-04	
115200	-0.624746	-0.909570	-10.597088	8.073427E-03	-6.888683E-04	2.618540E-04	
115360	-0.591877	-0.981703	-10.668107	7.577715E-03	3.333783E-04	2.187439E-03	
115520	-0.660739	-0.948453	-10.625275	8.872502E-03	-1.224152E-03	-1.430735E-04	
115680	-0.728835	-0.973847	-10.730651	9.334087E-03	7.756276E-04	-4.855675E-06	
115840	-0.717782	-0.984613	-10.726739	8.363111E-03	1.929547E-04	-7.653564E-04	
116000	-0.656333	-0.997714	-10.747652	8.011570E-03	4.097322E-04	7.262734E-04	
116160	-0.706235	-0.942046	-10.745766	9.426133E-03	-1.301005E-03	6.870057E-04	
116320	-0.692353	-1.016341	-10.689755	7.576346E-03	1.039511E-03	1.111419E-04	
116480	-0.749118	-1.006336	-10.763729	7.923689E-03	-6.189878E-04	8.466598E-05	
116640	-0.758523	-1.062172	-10.663166	8.620965E-03	-6.967219E-04	-1.084488E-03	
116800	-0.751836	-0.934003	-10.818313	8.580681E-03	-4.625051E-04	-6.123138E-04	
116960	-0.806603	-1.051838	-10.768489	9.264787E-03	-5.567268E-04	-3.673300E-04	
117120	-0.857904	-1.054550	-10.797453	9.442286E-03	6.866427E-04	-1.310476E-04	
117280	-0.828726	-0.992952	-10.766581	6.777244E-03	3.325369E-04	-7.381642E-04	
117440	-0.904859	-0.999231	-10.852629	6.641515E-03	9.353866E-04	2.973001E-04	
117600	-0.894111	-0.998774	-10.835737	9.310242E-03	1.594646E-04	7.397169E-04	
117760	-0.881041	-0.987377	-10.727522	7.968541E-03	3.333931E-04	2.223332E-04	
117920	-0.918181	-0.980591	-10.821930	8.979034E-03	-5.723546E-05	-6.244445E-04	
118080	-0.939639	-1.033590	-10.817101	7.642994E-03	1.764885E-04	-1.316655E-04	
118240	-0.981102	-1.006354	-10.746288	9.670628E-03	1.115308E-03	1.689085E-04	
118400	-0.922687	-0.918504	-10.822058	7.453378E-03	-4.221242E-05	9.256435E-04	
118560	-0.964126	-0.927131	-10.771792	8.365409E-03	-1.697067E-03	-7.077978E-04	
118720	-0.993419	-0.929775	-10.773201	9.458933E-03	-4.906241E-04	1.415708E-03	
118880	-0.945216	-0.988937	-10.864250	9.591865E-03	-2.701651E-04	-8.375531E-04	
119040	-0.987966	-0.934956	-10.783853	1.002540E-02	1.311491E-04	6.090085E-04	
119200	-0.943526	-0.955162	-10.758402	7.164034E-03	-5.955401E-04	1.972093E-04	
119360	-0.982600	-0.841526	-10.710390	9.711605E-03	1.296717E-03	1.216267E-03	
119520	-1.015778	-0.906756	-10.720430	9.737088E-03	8.930253E-04	-6.905119E-04	
119680	-1.022079	-0.898107	-10.732979	8.805745E-03	-1.505622E-03	-1.299210E-03	
119840	-0.924319	-0.921831	-10.778633	8.048427E-03	-4.451421E-04	1.107127E-03	
120000	-1.047436	-0.773219	-10.685683	7.737353E-03	-4.252809E-04	-1.570777E-03	
120160	-0.997994	-0.890930	-10.683257	7.680643E-03	1.196739E-03	1.079339E-03	
120320	-1.073870	-0.845650	-10.662928	8.045231E-03	-2.905569E-03	1.487180E-03	
120480	-0.989264	-0.808311	-10.726460	8.524978E-03	1.014089E-03	-4.317902E-04	
120640	-1.000992	-0.798773	-10.633414	8.669504E-03	-1.613656E-04	-4.032933E-04	
120800	-0.990148	-0.805112	-10.555746	1.002307E-02	4.987133E-04	1.864072E-03	
120960	-0.980685	-0.808643	-10.614890	8.413960E-03	1.705801E-03	6.198927E-04	
121120	-0.985798	-0.718957	-10.660313	9.182955E-03	1.385922E-03	1.002953E-03	
121280	-1.003788	-0.664068	-10.554582	8.538947E-03	2.074207E-04	-3.492954E-04	
121440	-0.938723	-0.734066	-10.609116	9.038758E-03	-9.275235E-05	9.658149E-04	
121600	-0.888176	-0.596935	-10.578632	9.856418E-03	2.696660E-04	-1.730372E-04	
121760	-0.899821	-0.601931	-10.515375	8.947839E-03	2.816756E-04	-6.710125E-04	
121920	-0.967724	-0.654265	-10.470366	8.541867E-03	-1.491613E-04	-2.180160E-04	
122080	-0.917438	-0.585600	-10.396334	9.601933E-03	-1.576154E-03	-4.503997E-04	
122240	-0.864603	-0.494086	-10.404186	8.707888E-03	-7.892396E-04	1.394441E-03	
122400	-0.877215	-0.546491	-10.418441	8.586816E-03	1.634193E-03	-2.120656E-04	
122560	-0.889670	-0.459815	-10.412630	9.841486E-03	1.423899E-03	-1.085091E-03	
122720	-0.877279	-0.409483	-10.327761	7.904810E-03	-5.784269E-04	7.734008E-04	
122880	-0.847315	-0.347770	-10.391937	8.472538E-03	1.112934E-03	2.945392E-03	
123040	-0.900529	-0.418705	-10.224484	8.534336E-03	-1.272602E-03	1.090938E-03	
123200	-0.817507	-0.390124	-10.292438	1.121817E-02	3.109946E-04	2.066871E-03	
123360	-0.861773	-0.353740	-10.235838	8.049378E-03	-8.170735E-04	-3.633144E-04	
123520	-0.826730	-0.344997	-10.300660	9.517459E-03	1.827331E-03	-8.374294E-04	
123680	-0.719225	-0.226197	-10.243293	9.359962E-03	4.440073E-04	-1.319540E-05	
123840	-0.663038	-0.217115	-10.199125	8.809947E-03	4.496244E-04	-1.180766E-03	
124000	-0.629112	-0.178776	-10.151623	9.877247E-03	-7.527783E-04	5.802298E-04	
124160	-0.673284	-0.249338	-10.166402	1.031595E-02	-1.509319E-03	1.228924E-03	
124320	-0.601509	-0.191010	-10.142229	7.171193E-03	-7.384652E-05	-1.947071E-03	
124480	-0.659767	-0.205072	-10.011619	7.344986E-03	-3.931525E-04	7.491522E-04	
124640	-0.611738	-0.088276	-10.030494	8.317961E-03	2.988811E-04	-1.948894E-03	
124800	-0.611148	-0.011170	-9.931986	8.376105E-03	4.486888E-04	6.292013E-05	
124960	-0.611761	-0.052693	-10.027325	9.136355E-03	-7.726456E-04	-5.814832E-04	
125120	-0.620841	0.008462	-9.946338	9.344696E-03	4.076868E-04	1.313356E-03	
125280	-0.459886	-0.006214	-9.995967	1.034926E-02	-8.521971E-04	-1.440213E-05	
125440	-0.483865	0.048970	-9.859814	9.893225E-03	-3.425564E-04	-3.505545E-04	
125600	-0.456053	0.075503	-9.903151	9.285975E-03	-3.408091E-04	-3.322606E-04	
125760	-0.396092	0.129026	-9.828181	7.880731E-03	7.744459E-04	1.848789E-04	
125920	-0.359860	0.174786	-9.759431	8.987250E-03	-5.527894E-04	-5.968165E-04	
126080	-0.344930	0.170381	-9.756143	8.002515E-03	1.570128E-04	3.871307E-04	
126240	-0.341978	0.265942	-9.755974	8.571436E-03	2.254905E-04	7.729552E-04	
126400	-0.318177	0.245354	-9.674364	8.002676E-03	1.190026E-03	1.709450E-03	
126560	-0.280026	0.237927	-9.649086	1.116260E-02	-9.369422E-05	-7.002955E-04	
126720	-0.239338	0.333426	-9.601397	1.026774E-02	2.053981E-05	-1.674854E-03	
126880	-0.183889	0.313940	-9.589931	1.058074E-02	7.163441E-04	2.022929E-04	
127040	-0.213441	0.401047	-9.566302	9.286051E-03	-3.335167E-04	-1.650487E-03	
127200	-0.182556	0.414383	-9.533618	8.709755E-03	1.041721E-03	2.273347E-03	
127360	-0.177021	0.433048	-9.503574	1.074052E-02	2.210626E-04	-8.724527E-04	
127520	-0.091324	0.442355	-9.450340	9.429970E-03	-4.052898E-04	1.402184E-04	
127680	-0.042266	0.480690	-9.471021	8.419591E-03	-1.247720E-03	-5.427528E-04	
127840	-0.037330	0.500233	-9.438642	8.826185E-03	-9.958484E-04	-2.353453E-04	
128000	-0.022487	0.596469	-9.338303	1.033623E-02	-4.954183E-04	-1.085534E-03	
128160	0.072698	0.592827	-9.317362	9.529541E-03	9.035669E-04	2.650681E-03	
128320	0.072942	0.594375	-9.319495	1.057916E-02	-3.106283E-04	-3.160540E-04	
128480	0.144775	0.665249	-9.313012	9.816673E-03	2.458381E-04	7.935660E-04	
128640	0.097195	0.601419	-9.297735	9.224172E-03	2.905014E-03	-5.008486E-04	
128800	0.160707	0.666845	-9.276092	1.015643E-02	-2.356911E-03	2.643549E-03	
128960	0.226245	0.710626	-9.163735	8.985276E-03	-1.125421E-03	2.356689E-03	
129120	0.266664	0.757562	-9.246443	8.674148E-03	-3.422987E-04	1.107996E-03	
129280	0.248511	0.710779	-9.158209	1.040520E-02	1.498782E-04	-3.089334E-05	
129440	0.307285	0.834249	-9.106056	9.084511E-03	1.004087E-04	-1.812088E-04	
129600	0.312097	0.762625	-9.158721	6.794852E-03	1.481626E-04	1.183060E-03	
129760	0.339089	0.849858	-9.079268	1.041456E-02	4.062853E-04	-1.519129E-03	
129920	0.304599	0.842842	-9.115077	9.988229E-03	2.636957E-04	-1.651758E-04	
130080	0.418917	0.864312	-9.079298	9.579988E-03	1.232262E-03	8.553117E-04	
130240	0.494542	0.906092	-9.002214	1.029616E-02	1.678903E-03	3.499123E-04	
130400	0.486451	0.859575	-9.046092	9.721247E-03	-6.623076E-04	1.170177E-03	
130560	0.524994	0.934440	-8.948818	9.790220E-03	1.601400E-04	8.362366E-04	
130720	0.470676	0.872673	-8.943262	9.209282E-03	-7.518320E-04	2.680459E-04	
130880	0.473884	0.881380	-8.996645	9.048749E-03	6.106811E-04	2.165487E-03	
131040	0.621265	0.894803	-8.941130	8.439138E-03	-1.794645E-03	-1.624417E-03	
131200	0.572164	0.914341	-8.904790	1.167939E-02	-2.027726E-03	-9.599881E-04	
131360	0.715047	0.967065	-8.906563	9.937527E-03	-1.798367E-03	3.412087E-04	
131520	0.523376	0.866047	-8.871919	1.010988E-02	2.275416E-03	-8.598909E-04	
131680	0.631500	1.023234	-8.928330	1.023412E-02	-1.627521E-03	-6.856025E-04	
131840	0.725501	0.974816	-8.884439	1.044593E-02	-2.279113E-04	-4.687553E-04	
132000	0.684343	1.019381	-8.900139	7.647520E-03	-1.051566E-03	3.392583E-04	
132160	0.782851	0.986279	-8.860702	1.005973E-02	-5.036287E-04	-1.329448E-03	
132320	0.751362	0.959569	-8.856639	1.000916E-02	2.403791E-04	1.622945E-03	
132480	0.754725	0.984504	-8.823636	1.081762E-02	1.401687E-05	-6.022277E-04	
132640	0.812466	1.037285	-8.815181	1.039976E-02	6.720531E-04	7.725894E-04	
132800	0.784028	0.951880	-8.844759	1.083562E-02	6.957009E-04	-1.376029E-03	
132960	0.894328	0.957963	-8.768235	7.899655E-03	-4.319937E-04	1.466198E-03	
133120	0.806945	0.968768	-8.855428	1.005506E-02	-9.644317E-04	-1.290054E-03	
133280	0.911980	0.974513	-8.767576	9.609195E-03	-3.127878E-04	-2.691945E-04	
133440	0.913091	0.991545	-8.780482	9.124318E-03	9.400744E-04	9.229995E-04	
133600	0.827005	1.066989	-8.915653	9.302774E-03	8.412461E-04	-4.448167E-04	
133760	0.884725	0.997151	-8.835367	9.277307E-03	-2.150289E-03	3.123659E-04	
133920	0.901538	0.983049	-8.792151	8.726213E-03	1.035955E-03	2.268831E-03	
134080	0.992687	1.000583	-8.775197	8.351310E-03	-3.056401E-04	4.282514E-04	
134240	0.948548	1.040054	-8.758581	8.573272E-03	7.519075E-04	-2.973147E-04	
134400	0.987253	0.880021	-8.802407	1.032778E-02	-2.022738E-04	-1.545998E-04	
134560	0.911410	0.955111	-8.831391	8.993885E-03	5.987418E-04	-8.298398E-04	
134720	0.914288	0.940972	-8.789514	1.084697E-02	1.496181E-04	-6.945676E-04	
134880	0.941214	0.866125	-8.856496	1.007543E-02	-1.462727E-04	5.537771E-04	
135040	0.926992	0.947719	-8.819165	8.931477E-03	3.573021E-04	1.877499E-03	
135200	0.976866	0.933067	-8.866873	9.812754E-03	-2.110362E-05	7.069396E-05	
135360	1.020304	0.897227	-8.843262	1.086177E-02	-2.413277E-03	5.859254E-04	
135520	1.015578	0.874237	-8.868470	1.084911E-02	2.227211E-04	-1.404479E-03	
135680	0.984527	0.880213	-8.899364	1.012384E-02	1.224412E-03	-1.085823E-03	
135840	1.018574	0.928034	-8.838748	1.017964E-02	-4.952230E-04	2.265998E-03	
136000	0.972235	0.840238	-8.914730	8.023133E-03	-3.434034E-05	8.469582E-04	
136160	0.989455	0.777954	-8.931915	8.364070E-03	-5.909053E-04	-1.350933E-03	
136320	0.951781	0.822324	-8.999372	1.098054E-02	4.688695E-04	-6.023389E-04	
136480	0.974836	0.711835	-8.937806	1.156232E-02	-6.116601E-05	-2.726799E-03	
136640	0.986298	0.723013	-8.958125	1.061551E-02	-7.410463E-04	-7.250989E-04	
136800	1.086182	0.864806	-8.963961	1.085112E-02	-8.417949E-04	-1.661301E-04	
136960	0.988055	0.680886	-8.924212	1.031442E-02	1.957422E-03	-1.915672E-03	
137120	0.981693	0.745459	-9.056719	1.037275E-02	3.106705E-04	4.952889E-04	
137280	0.948069	0.620755	-9.037412	1.178936E-02	8.392973E-04	8.106971E-04	
137440	0.911888	0.641306	-9.049506	1.093023E-02	8.264279E-04	9.588158E-04	
137600	0.952063	0.588552	-9.041213	1.080156E-02	-7.488715E-04	-1.631242E-03	
137760	0.970667	0.636416	-9.195902	9.711179E-03	-7.909537E-04	-3.565457E-04	
137920	0.999718	0.633237	-9.056314	9.874323E-03	2.263708E-04	1.534986E-03	
138080	0.870220	0.534456	-9.117900	1.214896E-02	1.840403E-03	-1.758574E-03	
138240	0.889634	0.523306	-9.182421	1.041648E-02	7.856898E-04	2.726155E-03	
138400	0.821981	0.550045	-9.167028	9.637909E-03	2.891145E-03	7.299559E-04	
138560	0.854988	0.514376	-9.171737	1.036411E-02	1.334229E-05	6.345661E-04	
138720	0.778976	0.507269	-9.296640	9.512101E-03	6.310863E-04	1.905102E-05	
138880	0.953647	0.447265	-9.351502	8.998699E-03	2.968398E-04	-1.943509E-04	
139040	0.813628	0.314127	-9.279058	1.054547E-02	-1.013030E-04	1.969722E-04	
139200	0.817179	0.402677	-9.380046	8.701425E-03	1.534540E-03	-9.930169E-04	
139360	0.842383	0.326951	-9.398678	1.005686E-02	4.406464E-04	-1.402285E-03	
139520	0.814590	0.314505	-9.390919	1.005318E-02	6.619772E-04	-8.007468E-04	
139680	0.747241	0.286213	-9.468008	1.046320E-02	-8.246302E-04	8.096566E-04	
139840	0.729844	0.239967	-9.391223	1.021009E-02	-5.756682E-04	4.397791E-04	
140000	0.770124	0.237314	-9.510435	1.065018E-02	9.637142E-04	7.084476E-04	
140160	0.686874	0.275635	-9.508558	1.036879E-02	-2.676171E-04	2.806860E-04	
140320	0.647497	0.171002	-9.509760	1.209524E-02	-1.924109E-04	1.036101E-03	
140480	0.685802	0.160231	-9.614680	9.166763E-03	-1.162956E-03	2.092632E-04	
140640	0.630649	0.109898	-9.525038	1.079818E-02	2.828959E-03	-4.040900E-04	
140800	0.639716	0.037363	-9.574205	1.111806E-02	-9.472441E-04	5.151704E-04	
140960	0.578113	0.050580	-9.681013	1.180140E-02	-8.252867E-04	-5.037038E-04	
141120	0.551634	0.017552	-9.706168	1.078366E-02	-2.082778E-04	-1.183986E-03	
141280	0.426599	-0.076454	-9.746202	1.081714E-02	-6.478897E-04	-1.351502E-03	
141440	0.492020	-0.020197	-9.746068	1.017640E-02	2.358163E-04	1.140886E-03	
141600	0.463271	-0.067354	-9.783154	8.623962E-03	-2.009624E-03	-6.392331E-04	
141760	0.497970	-0.159877	-9.839109	1.011926E-02	-4.683582E-04	-1.072276E-04	
141920	0.418899	-0.102274	-9.803865	9.711060E-03	-1.022219E-03	-8.712726E-04	
142080	0.397909	-0.180189	-9.911732	1.006476E-02	5.834540E-04	1.860691E-04	
142240	0.317498	-0.182380	-9.883815	1.087775E-02	-8.967845E-04	-4.985770E-05	
142400	0.308097	-0.291296	-9.948977	9.588164E-03	-2.833976E-04	1.087121E-03	
142560	0.308896	-0.263286	-9.911816	1.114313E-02	8.438061E-04	3.501846E-04	
142720	0.184001	-0.301331	-9.983422	9.644329E-03	3.332597E-04	8.619772E-04	
142880	0.274828	-0.326461	-10.012465	9.824780E-03	-4.321196E-04	-1.321838E-03	
143040	0.137450	-0.324873	-10.098396	9.718153E-03	9.106350E-04	1.666419E-03	
143200	0.097314	-0.402519	-10.083324	1.125664E-02	2.034545E-03	-4.846504E-04	
143360	0.146393	-0.474291	-10.127658	9.598861E-03	-1.666365E-03	8.860550E-04	
143520	0.113156	-0.461078	-10.152626	1.208536E-02	-8.475306E-04	-1.331254E-03	
143680	0.118412	-0.424678	-10.172888	1.086609E-02	1.035095E-03	4.249201E-04	
143840	-0.049427	-0.437860	-10.195974	1.070289E-02	-4.355928E-04	-6.940101E-04	
144000	0.102263	-0.492409	-10.207310	1.157484E-02	-1.616954E-03	-2.184028E-03	
144160	-0.024361	-0.500099	-10.259121	1.044169E-02	-8.482683E-04	5.098789E-04	
144320	0.003953	-0.558418	-10.315179	8.886824E-03	1.915504E-03	-1.079037E-03	
144480	-0.069288	-0.689793	-10.331636	9.797930E-03	1.033933E-03	2.133802E-04	
144640	-0.095758	-0.632796	-10.358543	8.690192E-03	7.304187E-04	-8.085398E-04	
144800	-0.258414	-0.630991	-10.297757	1.122842E-02	1.764294E-04	4.373621E-04	
144960	-0.233101	-0.735957	-10.430142	1.008212E-02	-1.289688E-04	-6.584810E-04	
145120	-0.239345	-0.683909	-10.451942	8.569860E-03	-3.366479E-04	-1.266580E-03	
145280	-0.350697	-0.671518	-10.412823	1.070938E-02	-9.249053E-04	1.777569E-04	
145440	-0.244532	-0.765254	-10.460322	1.016029E-02	-1.607567E-03	-1.055900E-03	
145600	-0.322450	-0.743844	-10.463737	1.063620E-02	2.094114E-03	3.185413E-04	
145760	-0.412039	-0.720911	-10.523233	1.200739E-02	-8.426054E-05	-5.379668E-05	
145920	-0.395129	-0.748340	-10.553078	1.162774E-02	1.055981E-03	-9.816522E-04	
146080	-0.376708	-0.794312	-10.536124	9.601189E-03	-1.540290E-04	-3.709376E-04	
146240	-0.443968	-0.861188	-10.546724	1.182977E-02	-5.585920E-04	-5.822081E-04	
146400	-0.476870	-0.905687	-10.574221	1.031584E-02	6.835022E-04	1.275631E-03	
146560	-0.423402	-0.853977	-10.526865	9.810986E-03	8.258904E-04	-1.195958E-03	
146720	-0.491895	-0.885635	-10.622177	1.235705E-02	-7.120566E-04	6.255626E-05	
146880	-0.623867	-0.969701	-10.676873	9.643797E-03	-2.436126E-04	2.878903E-04	
147040	-0.513383	-0.882139	-10.634104	1.319631E-02	-2.126916E-03	1.199874E-03	
147200	-0.559361	-0.953983	-10.685817	1.116566E-02	1.359928E-03	-1.935286E-03	
147360	-0.597943	-0.935201	-10.671544	8.684593E-03	-1.356313E-03	-1.641859E-04	
147520	-0.664375	-0.974484	-10.753334	1.166051E-02	1.148975E-03	3.048774E-04	
147680	-0.633974	-1.001072	-10.793699	1.090244E-02	-1.093407E-03	3.967791E-04	
147840	-0.652384	-0.921485	-10.729714	1.233745E-02	2.315024E-03	8.870869E-04	
148000	-0.706623	-0.964404	-10.750973	1.097906E-02	1.760190E-04	1.139431E-04	
148160	-0.747312	-0.927323	-10.789734	9.218247E-03	-1.248439E-03	2.195695E-04	
148320	-0.698507	-1.060579	-10.740348	1.098916E-02	9.105640E-04	-5.124596E-04	
148480	-0.794061	-0.988635	-10.721802	1.148011E-02	-1.548688E-03	1.477494E-03	
148640	-0.792969	-0.959952	-10.792738	1.099065E-02	-3.462121E-03	1.665475E-04	
148800	-0.772999	-1.024679	-10.766914	9.405226E-03	1.349895E-03	-1.641182E-03	
148960	-0.831700	-0.947630	-10.865837	1.124095E-02	1.473064E-03	1.302631E-03	
149120	-0.818418	-1.036402	-10.770070	1.007559E-02	1.618723E-03	-1.238948E-03	
149280	-0.846521	-1.003591	-10.793319	1.064511E-02	1.479074E-03	-1.470827E-03	
149440	-0.941205	-0.970902	-10.861494	1.143085E-02	-3.588865E-04	-1.270369E-03	
149600	-0.822468	-0.973579	-10.873233	1.068285E-02	6.177738E-04	4.300720E-04	
149760	-0.815737	-0.939133	-10.794169	1.352879E-02	8.273459E-05	-3.988767E-04	
149920	-0.943754	-0.988394	-10.777342	1.129764E-02	-1.041163E-04	3.091580E-04	
150080	-0.934093	-0.984485	-10.738435	1.156726E-02	-1.214242E-03	-5.899901E-04	
150240	-0.867440	-0.903388	-10.815783	1.013146E-02	-6.333597E-05	-1.870739E-03	
150400	-0.934106	-0.956365	-10.808286	1.041525E-02	-1.351652E-03	-1.699282E-04	
150560	-0.927383	-0.967191	-10.735110	1.051089E-02	1.957420E-04	3.300124E-04	
150720	-0.926994	-0.974430	-10.824746	1.070273E-02	-1.307022E-03	9.045629E-04	
150880	-0.896192	-0.942407	-10.780683	1.018952E-02	-2.373501E-04	-7.714966E-04	
151040	-1.065871	-0.961132	-10.812063	1.117485E-02	-7.271075E-04	-1.292145E-04	
151200	-0.968609	-0.933094	-10.732114	1.057504E-02	-1.102754E-03	4.750540E-04	
151360	-0.992949	-0.912927	-10.807427	1.146563E-02	-1.461128E-04	-1.421556E-04	
151520	-1.016338	-0.907294	-10.803005	9.832301E-03	2.427236E-04	-1.128741E-03	
151680	-0.981663	-0.812686	-10.733521	1.115787E-02	1.839249E-04	-1.126643E-03	
151840	-0.960789	-0.813259	-10.746440	1.142472E-02	-1.092352E-03	9.313165E-04	
152000	-0.989292	-0.826122	-10.690674	1.102255E-02	-3.260265E-04	-1.742522E-03	
152160	-0.920828	-0.819634	-10.652192	1.277106E-02	-2.908804E-05	-8.078494E-04	
152320	-0.997803	-0.772591	-10.661229	9.468903E-03	9.647933E-04	6.920041E-04	
152480	-1.050416	-0.747948	-10.713703	1.128485E-02	3.025275E-03	6.314659E-04	
152640	-0.937679	-0.693275	-10.642958	1.171769E-02	1.171905E-03	-1.032864E-03	
152800	-0.971399	-0.710714	-10.654070	1.050733E-02	2.139031E-03	2.939427E-04	
152960	-0.947022	-0.760154	-10.529718	8.905643E-03	3.555001E-04	-2.317956E-04	
153120	-0.916501	-0.716514	-10.576747	1.128372E-02	9.379663E-04	1.803349E-03	
153280	-0.963301	-0.615954	-10.570841	9.289288E-03	9.975064E-05	-1.758782E-03	
153440	-0.910545	-0.592347	-10.531411	1.147214E-02	1.328659E-04	1.954205E-03	
153600	-0.994830	-0.606044	-10.533568	9.374292E-03	1.598772E-05	-4.508113E-04	
153760	-0.990523	-0.610932	-10.505408	9.301459E-03	7.896901E-04	1.660437E-04	
153920	-0.952841	-0.589825	-10.558399	1.115316E-02	-2.335721E-04	-1.314338E-03	
154080	-0.957589	-0.614350	-10.461201	1.101449E-02	1.153847E-04	7.331446E-04	
154240	-0.879979	-0.521164	-10.422678	9.536387E-03	-9.026453E-04	-7.108647E-04	
154400	-0.940050	-0.523258	-10.482908	1.262748E-02	-2.182435E-03	-1.314192E-03	
154560	-0.888851	-0.484465	-10.412523	1.109280E-02	5.646203E-04	-1.792032E-04	
154720	-0.841125	-0.532332	-10.369580	1.000274E-02	-5.505215E-04	9.816176E-04	
154880	-0.752292	-0.390985	-10.335969	1.106378E-02	2.618248E-05	-9.295266E-04	
155040	-0.768976	-0.488833	-10.312120	1.028356E-02	7.529011E-04	-3.709772E-04	
155200	-0.819042	-0.379503	-10.274231	1.225985E-02	-1.074913E-04	7.261290E-04	
155360	-0.774573	-0.349736	-10.285992	9.966790E-03	6.180439E-04	-1.419524E-03	
155520	-0.795996	-0.334456	-10.275875	1.210007E-02	-6.953178E-04	-6.312213E-04	
155680	-0.762782	-0.277925	-10.240213	1.167405E-02	4.576501E-04	5.376875E-04	
155840	-0.721416	-0.306794	-10.202313	9.667203E-03	-1.576820E-03	-1.288032E-04	
156000	-0.600515	-0.295451	-10.085182	1.029096E-02	-5.261964E-04	2.040657E-04	
156160	-0.691876	-0.247320	-10.112212	1.097539E-02	-9.585336E-06	3.081243E-04	
156320	-0.660564	-0.181841	-10.147763	1.168466E-02	1.646396E-03	-5.488859E-05	
156480	-0.561854	-0.065949	-10.037075	1.162330E-02	1.765135E-04	-1.182398E-03	
156640	-0.599252	-0.028977	-9.994820	1.332189E-02	-4.286643E-04	-7.290104E-04	
156800	-0.528048	-0.051172	-9.964809	1.184082E-02	-1.943335E-03	1.397387E-03	
156960	-0.533116	-0.021958	-10.028916	1.347578E-02	1.256427E-03	-1.037004E-03	
157120	-0.547522	0.008671	-9.961387	1.211605E-02	-4.822902E-04	9.527950E-04	
157280	-0.548414	0.033276	-9.929081	1.341379E-02	1.289145E-04	-1.638919E-04	
157440	-0.457068	-0.035925	-9.923865	1.216750E-02	-1.854390E-03	1.980605E-03	
157600	-0.465614	0.079658	-9.808036	1.240124E-02	-1.908154E-03	-1.481839E-03	
157760	-0.548251	0.068110	-9.802826	1.117466E-02	-6.292681E-04	7.843284E-04	
157920	-0.356618	0.123623	-9.817259	9.884510E-03	-9.271776E-04	-4.861367E-04	
158080	-0.376863	0.132200	-9.808212	1.196940E-02	-1.089769E-03	8.723850E-04	
158240	-0.305215	0.221047	-9.720211	1.104883E-02	6.655488E-04	1.587310E-03	
158400	-0.220886	0.237525	-9.727063	1.169503E-02	1.462498E-04	-6.825328E-04	
158560	-0.280119	0.282238	-9.647132	9.888481E-03	-1.061165E-03	-5.167396E-04	
158720	-0.238940	0.257478	-9.620004	1.087375E-02	-1.121584E-04	-4.777559E-05	
158880	-0.202190	0.292674	-9.623438	1.053370E-02	-2.152933E-05	4.702427E-04	
159040	-0.222101	0.359692	-9.486162	9.796710E-03	1.143595E-03	-9.197846E-04	
159200	-0.133367	0.390837	-9.523274	1.046682E-02	-9.499148E-04	-3.349915E-04	
159360	-0.173140	0.443696	-9.537504	1.186201E-02	4.703874E-04	4.468618E-04	
159520	-0.122164	0.483642	-9.426559	1.099193E-02	-2.028241E-03	-1.275750E-03	
159680	-0.053279	0.505919	-9.455265	1.492588E-02	-5.395959E-04	1.850523E-03	
159840	-0.013481	0.471909	-9.429824	1.117677E-02	-7.402431E-04	9.449535E-04	
160000	-0.042629	0.514253	-9.382524	1.221682E-02	-1.164519E-03	-3.761045E-04	
160160	0.041301	0.590018	-9.388296	1.267293E-02	1.035562E-03	-1.352615E-03	
160320	0.138574	0.529119	-9.298169	1.266987E-02	-7.987771E-04	-6.244217E-04	
160480	0.104191	0.592139	-9.278714	1.015325E-02	7.163687E-04	-1.444881E-03	
160640	0.091741	0.627587	-9.219240	9.624263E-03	1.175346E-03	-7.938752E-04	
160800	0.200955	0.608070	-9.197345	1.296598E-02	-1.015594E-03	1.198977E-03	
160960	0.213383	0.747205	-9.240655	1.194208E-02	1.395017E-03	-5.619851E-04	
161120	0.262179	0.701127	-9.256283	1.336023E-02	1.219422E-04	-1.415790E-03	
161280	0.272891	0.727932	-9.225911	1.307732E-02	1.385033E-04	-5.977660E-04	
161440	0.247190	0.693577	-9.161978	1.284877E-02	7.623632E-04	-1.099887E-03	
161600	0.257296	0.774507	-9.138451	1.186773E-02	-2.059689E-03	-2.821285E-04	
161760	0.315747	0.771481	-9.086571	9.899969E-03	-7.339580E-04	1.886287E-03	
161920	0.350827	0.818612	-9.121613	1.372730E-02	-4.629342E-04	-1.013816E-03	
162080	0.389851	0.850938	-9.020945	1.182096E-02	1.294132E-03	-6.342849E-04	
162240	0.369879	0.805513	-9.004904	1.212693E-02	-1.308415E-03	-1.409427E-03	
162400	0.479217	0.858872	-9.040498	1.180063E-02	1.251642E-03	9.245095E-04	
162560	0.496042	0.882244	-8.981296	1.157866E-02	9.964957E-04	6.529539E-06	
162720	0.528759	0.830268	-8.985664	1.248853E-02	-4.505785E-05	-9.060879E-04	
162880	0.485316	0.921662	-8.964074	1.405069E-02	-5.447508E-05	4.740338E-04	
163040	0.625323	0.919309	-8.972902	1.157972E-02	3.459156E-04	2.938303E-04	
163200	0.626811	0.868270	-8.927667	1.119409E-02	-2.082000E-03	-8.726891E-05	
163360	0.565308	0.899491	-8.829714	1.220238E-02	2.625068E-04	1.293969E-04	
163520	0.616720	0.851571	-8.941043	1.171219E-02	1.230074E-03	6.552669E-04	
163680	0.698608	0.958219	-8.904884	1.175399E-02	7.855836E-04	-2.422001E-04	
163840	0.674809	0.948126	-8.844284	1.298167E-02	1.692167E-03	1.410291E-04	
164000	0.768110	0.896074	-8.903237	1.310884E-02	3.845336E-04	-3.133551E-04	
164160	0.699654	0.952044	-8.824094	1.169897E-02	1.037556E-03	-6.029722E-04	
164320	0.809100	0.921081	-8.901171	1.306217E-02	4.815940E-04	-3.704961E-04	
164480	0.793452	1.007001	-8.846321	1.245329E-02	4.734617E-05	-4.681442E-04	
164640	0.834193	1.009145	-8.811268	1.217330E-02	-6.377111E-04	-1.999039E-04	
164800	0.805042	0.945840	-8.893213	1.227711E-02	1.126617E-03	9.140909E-04	
164960	0.820732	1.016387	-8.755838	1.113505E-02	-1.198254E-03	4.622216E-04	
165120	0.814125	1.001230	-8.799382	1.096187E-02	3.508849E-04	-6.681360E-04	
165280	0.820644	1.034203	-8.856670	9.404831E-03	-1.759568E-03	1.218164E-03	
165440	0.864886	1.012457	-8.785644	1.222627E-02	-6.769822E-05	1.558130E-03	
165600	0.887441	0.965461	-8.819657	1.196616E-02	1.076725E-03	-1.101694E-03	
165760	0.923018	0.985613	-8.911850	1.029280E-02	-4.454725E-04	2.951611E-04	
165920	0.819354	1.056683	-8.820007	1.370153E-02	2.528116E-04	4.753352E-04	
166080	0.878974	0.986764	-8.793162	1.333717E-02	3.231461E-04	-2.922720E-04	
166240	0.912856	0.949979	-8.875051	1.329475E-02	-2.389807E-03	-4.956806E-04	
166400	0.939411	1.013768	-8.828702	1.370486E-02	1.439449E-03	-7.521131E-04	
166560	0.917074	0.993654	-8.776791	1.367683E-02	5.077331E-04	-1.421439E-03	
166720	0.997433	0.952434	-8.860426	1.340484E-02	-4.262245E-04	9.078651E-04	
166880	1.023426	0.951845	-8.874990	1.161507E-02	-8.331771E-04	4.404907E-04	
167040	1.011679	0.953983	-8.805552	1.091162E-02	-6.117050E-04	1.706905E-03	
167200	0.992440	0.927187	-8.837366	1.121196E-02	-2.722537E-03	5.106710E-06	
167360	0.946644	0.886791	-8.772052	1.289713E-02	2.571639E-04	-1.784304E-03	
167520	0.972242	0.866323	-8.866999	1.152705E-02	9.022167E-04	-8.530931E-04	
167680	1.033230	0.848253	-8.847879	1.239722E-02	2.011401E-03	-8.741698E-04	
167840	0.998966	0.900662	-8.867167	1.149952E-02	-7.417317E-04	5.770702E-04	
168000	0.962675	0.799771	-8.980380	1.233973E-02	3.542443E-04	2.701194E-03	
168160	0.947514	0.857164	-8.916118	1.047319E-02	1.110555E-04	-8.524940E-05	
168320	1.044858	0.864347	-8.857843	1.197728E-02	-7.656454E-05	7.899152E-04	
168480	0.964238	0.761213	-8.936323	1.106055E-02	-2.593892E-05	1.814516E-03	
168640	0.984087	0.750408	-8.952396	1.086849E-02	-8.652103E-04	-2.156690E-04	
168800	0.960670	0.807776	-8.885022	1.324460E-02	-2.368531E-03	-5.056684E-05	
168960	0.964518	0.744824	-9.011395	1.175521E-02	1.414032E-03	-3.056718E-04	
169120	0.926507	0.707708	-9.006570	1.200506E-02	1.509519E-03	6.898636E-05	
169280	0.936152	0.704256	-9.009874	1.244660E-02	1.130898E-03	-9.740480E-04	
169440	0.986147	0.706446	-9.080906	1.256560E-02	3.491520E-04	-9.292216E-04	
169600	0.930385	0.709420	-9.112993	1.356444E-02	-9.510131E-04	6.190594E-04	
169760	0.933796	0.537582	-9.041036	1.243017E-02	-7.149907E-04	1.296852E-03	
169920	0.934001	0.645520	-9.084459	1.215852E-02	1.574740E-03	-1.464733E-03	
170080	0.941188	0.589733	-9.125268	1.243331E-02	-1.379899E-03	-1.521617E-03	
170240	0.944708	0.568349	-9.180085	1.222524E-02	3.086455E-04	8.914472E-04	
170400	0.892137	0.457935	-9.251083	1.288907E-02	1.236493E-04	6.863384E-04	
170560	0.857926	0.444357	-9.238605	1.022957E-02	1.019065E-03	8.369805E-04	
170720	0.895071	0.516384	-9.275281	1.307486E-02	-1.125461E-03	1.264755E-03	
170880	0.876948	0.395304	-9.332943	1.125495E-02	5.964569E-05	8.456744E-04	
171040	0.778526	0.377618	-9.234349	1.335211E-02	-3.330821E-04	1.104150E-04	
171200	0.870369	0.476199	-9.297475	1.135409E-02	-3.910276E-04	-1.435849E-03	
171360	0.742151	0.397027	-9.311134	1.245341E-02	1.135539E-03	7.181616E-04	
171520	0.778155	0.369514	-9.403810	1.362319E-02	1.706680E-03	-1.859186E-03	
171680	0.778945	0.252269	-9.357996	1.409511E-02	2.959944E-04	-2.932479E-04	
171840	0.773291	0.306482	-9.433001	1.253652E-02	1.746064E-03	2.849756E-04	
172000	0.710922	0.180941	-9.419167	1.250276E-02	4.379372E-04	-1.016724E-03	
172160	0.698401	0.243530	-9.538750	1.344951E-02	2.193241E-04	-1.344814E-03	
172320	0.627344	0.186450	-9.549288	1.235028E-02	1.350229E-03	1.739173E-05	
172480	0.639127	0.207054	-9.606379	1.297735E-02	-9.632695E-04	8.119402E-04	
172640	0.639122	0.175109	-9.562224	1.344022E-02	-1.635986E-04	1.202562E-03	
172800	0.543575	0.065957	-9.495918	1.441512E-02	-2.312789E-03	-1.082461E-03	
172960	0.611164	0.105721	-9.629010	1.302557E-02	3.642093E-04	-3.547782E-04	
173120	0.554117	-0.125028	-9.583690	1.411942E-02	9.862623E-04	-6.938727E-04	
173280	0.502835	-0.101521	-9.713771	1.371923E-02	-2.449599E-03	-1.169952E-03	
173440	0.486277	-0.121749	-9.720466	1.136319E-02	-3.432429E-04	4.595524E-05	
173600	0.405875	-0.055729	-9.758007	1.157455E-02	9.058438E-04	1.046199E-03	
173760	0.370900	-0.026545	-9.785139	1.175170E-02	6.283542E-04	3.532926E-04	
173920	0.379832	-0.175647	-9.815461	1.278833E-02	1.260244E-03	3.544534E-04	
174080	0.338057	-0.133482	-9.823294	1.354234E-02	1.725409E-05	8.130840E-04	
174240	0.400060	-0.256708	-9.916614	1.229055E-02	-8.798157E-04	-2.032805E-03	
174400	0.354530	-0.232593	-9.905548	1.123860E-02	-9.009419E-04	2.871719E-04	
174560	0.282954	-0.241856	-10.012533	1.091720E-02	3.503408E-04	-4.280861E-04	
174720	0.288854	-0.268949	-10.014529	1.221212E-02	1.375052E-03	2.305028E-04	
174880	0.222494	-0.268943	-10.021199	1.284420E-02	4.233252E-04	1.670989E-04	
175040	0.209304	-0.384556	-10.099716	1.504464E-02	-1.316363E-03	1.475317E-04	
175200	0.108333	-0.402526	-10.125465	1.177338E-02	-6.123260E-04	1.790275E-03	
175360	0.170902	-0.461767	-10.196422	1.296796E-02	8.561863E-04	2.805073E-04	
175520	0.126106	-0.445469	-10.147573	1.260275E-02	1.104724E-05	-1.754901E-03	
175680	0.078119	-0.568326	-10.185093	1.144021E-02	8.775910E-04	-2.936216E-04	
175840	-0.040273	-0.471682	-10.243884	1.170814E-02	-3.806853E-04	-2.503231E-04	
176000	0.014596	-0.487256	-10.303134	1.301359E-02	-1.046394E-03	-1.036557E-03	
176160	-0.056483	-0.509787	-10.229830	1.458347E-02	8.213587E-04	-8.697999E-04	
176320	-0.113757	-0.635883	-10.299886	1.266312E-02	-1.035929E-03	-1.571815E-04	
176480	-0.073199	-0.632452	-10.397591	1.491945E-02	5.326626E-05	1.013129E-04	
176640	-0.171182	-0.682093	-10.358969	1.329811E-02	1.924669E-03	7.280668E-04	
176800	-0.168274	-0.660769	-10.407071	1.289687E-02	-5.360054E-04	5.207523E-04	
176960	-0.139672	-0.630939	-10.343743	1.267086E-02	3.728119E-07	-2.994812E-04	
177120	-0.172456	-0.641849	-10.460773	1.247555E-02	-3.643080E-04	-7.592786E-04	
177280	-0.294637	-0.738081	-10.440958	1.374805E-02	-1.598967E-03	-1.567370E-04	
177440	-0.350731	-0.776430	-10.480364	1.306224E-02	-1.340325E-03	1.173988E-03	
177600	-0.292384	-0.773866	-10.489548	1.182932E-02	-1.231150E-03	1.108438E-04	
177760	-0.304230	-0.803780	-10.537578	1.317996E-02	7.118989E-04	-1.453285E-03	
177920	-0.323195	-0.858790	-10.521303	1.142305E-02	-1.114442E-03	3.671485E-04	
178080	-0.421380	-0.839677	-10.639347	1.066457E-02	-3.615520E-05	-3.245129E-04	
178240	-0.455696	-0.817315	-10.554199	1.239690E-02	2.701177E-03	-4.125311E-04	
178400	-0.484740	-0.854652	-10.628680	1.293868E-02	-1.249246E-03	-1.054229E-04	
178560	-0.539529	-0.874766	-10.600086	1.082727E-02	1.248018E-03	-4.329139E-04	
178720	-0.444531	-0.880629	-10.633147	1.376419E-02	-6.685076E-04	-1.380653E-03	
178880	-0.572614	-0.855638	-10.661346	1.288305E-02	-1.315850E-03	-1.312337E-03	
179040	-0.602101	-0.941733	-10.756566	1.301389E-02	-2.758074E-04	-1.644517E-04	
179200	-0.554322	-0.939514	-10.748852	1.353133E-02	-1.247755E-03	-3.695645E-04	
179360	-0.672431	-0.954896	-10.641242	1.449985E-02	-4.551342E-04	-2.156300E-04	
179520	-0.652250	-0.955840	-10.698845	1.268628E-02	1.581007E-03	8.603595E-04	
179680	-0.681811	-0.969009	-10.705614	1.620478E-02	7.386571E-04	-2.613669E-03	
179840	-0.704477	-0.951338	-10.686019	1.436396E-02	1.687679E-04	-9.184164E-04	
180000	-0.696505	-0.945814	-10.702831	1.475116E-02	8.117400E-04	-1.739868E-03	
180160	-0.770413	-0.984888	-10.851760	1.389309E-02	-6.443230E-05	-9.341424E-05	
180320	-0.787163	-1.033375	-10.777930	1.300849E-02	4.533060E-04	-1.184609E-03	
180480	-0.830547	-0.985050	-10.812854	1.297037E-02	-2.036068E-03	1.200213E-04	
180640	-0.805065	-1.008716	-10.757230	1.325140E-02	-1.025413E-03	1.614371E-03	
180800	-0.774631	-1.032135	-10.807895	1.303174E-02	4.874878E-04	-6.640328E-04	
180960	-0.795367	-1.014625	-10.845074	1.060167E-02	-2.827690E-03	-3.339114E-04	
181120	-0.761610	-0.986957	-10.860545	1.314250E-02	-7.707604E-04	6.767810E-05	
181280	-0.837949	-0.906424	-10.807114	1.359322E-02	-1.185421E-03	-8.690985E-04	
181440	-0.888838	-1.000768	-10.832559	1.351692E-02	1.429621E-03	-6.587497E-04	
181600	-0.850268	-1.028355	-10.845146	1.358327E-02	1.924151E-04	1.294820E-03	
181760	-0.888122	-0.958120	-10.782440	1.310040E-02	-2.598044E-04	-1.302644E-03	
181920	-0.916064	-1.011499	-10.821930	1.302759E-02	2.301285E-03	7.491488E-04	
182080	-1.025236	-0.960173	-10.806428	1.471487E-02	-2.300858E-04	5.415407E-05	
182240	-1.011332	-1.033898	-10.855869	1.075512E-02	6.204945E-05	-8.822107E-04	
182400	-0.978844	-0.936394	-10.834958	1.412694E-02	-6.676984E-04	-1.124138E-03	
182560	-0.990342	-0.951968	-10.781600	1.251711E-02	-1.775836E-03	2.396261E-04	
182720	-0.940890	-0.882022	-10.841898	1.073978E-02	-1.419739E-03	-1.415063E-03	
182880	-1.003869	-0.925168	-10.777303	1.287802E-02	5.041268E-04	7.666945E-04	
183040	-0.992824	-0.941451	-10.821751	1.274873E-02	-8.910807E-04	-1.178421E-03	
183200	-0.989341	-0.970271	-10.792232	1.444702E-02	5.416992E-04	-1.153818E-03	
183360	-1.001578	-0.955668	-10.694059	1.458275E-02	3.342032E-04	1.085831E-03	
183520	-0.933071	-0.839778	-10.744596	1.289774E-02	-5.239417E-04	1.506530E-03	
183680	-0.928590	-0.892709	-10.772794	1.415256E-02	5.936437E-04	7.446045E-04	
183840	-0.963295	-0.885818	-10.734984	1.379690E-02	7.420820E-04	1.167890E-06	
184000	-0.957251	-0.862076	-10.719598	1.475620E-02	2.380672E-04	-7.322657E-04	
184160	-0.927727	-0.826307	-10.645055	1.433980E-02	-4.083635E-04	5.988721E-04	
184320	-1.041711	-0.816441	-10.619313	1.406426E-02	3.458312E-04	-8.548994E-04	
184480	-1.024001	-0.805487	-10.678458	1.383627E-02	-1.297819E-03	1.211029E-03	
184640	-1.013417	-0.837726	-10.682296	1.256586E-02	-1.648727E-03	6.048846E-04	
184800	-0.957175	-0.797421	-10.625350	1.257445E-02	-9.886175E-04	3.591547E-04	
184960	-0.991122	-0.701556	-10.603056	1.037679E-02	2.496350E-04	-7.563214E-04	
185120	-0.923899	-0.764971	-10.616038	1.474490E-02	1.251833E-03	-9.713759E-04	
185280	-0.993565	-0.736736	-10.588901	1.400844E-02	-9.375236E-04	-1.747078E-04	
185440	-0.989906	-0.687493	-10.620087	1.387919E-02	-6.120473E-04	5.758780E-05	
185600	-0.942202	-0.642315	-10.470388	1.435626E-02	1.177132E-03	9.457144E-04	
185760	-0.933973	-0.599516	-10.583069	1.330978E-02	1.670106E-04	-5.535288E-04	
185920	-0.969380	-0.597036	-10.495689	1.256532E-02	1.231216E-04	-4.616631E-04	
186080	-0.899997	-0.516969	-10.440910	1.258691E-02	-5.605706E-04	-1.610209E-03	
186240	-0.911309	-0.578611	-10.482955	1.332700E-02	2.027855E-04	5.772698E-04	
186400	-0.888769	-0.526527	-10.368579	1.404267E-02	-1.893562E-03	1.107014E-03	
186560	-0.839994	-0.501231	-10.419237	1.377558E-02	7.357984E-04	-8.122287E-04	
186720	-0.902162	-0.408585	-10.401174	1.371655E-02	4.005147E-04	-6.888469E-04	
186880	-0.840259	-0.462741	-10.329585	1.559463E-02	-2.302606E-04	6.324831E-06	
187040	-0.791505	-0.474287	-10.321814	1.196282E-02	-2.290514E-04	-1.029350E-03	
187200	-0.809940	-0.354670	-10.332476	1.544702E-02	-1.876387E-04	6.446058E-04	
187360	-0.718466	-0.343069	-10.224256	1.426266E-02	-1.328987E-04	3.376712E-05	
187520	-0.739662	-0.292746	-10.286150	1.465562E-02	1.355576E-04	-5.303886E-04	
187680	-0.757454	-0.262598	-10.223406	1.349988E-02	2.256515E-04	-7.418806E-04	
187840	-0.681885	-0.234205	-10.215045	1.358853E-02	5.417200E-05	-4.303707E-04	
188000	-0.668383	-0.279602	-10.115570	1.258516E-02	1.601341E-03	-3.649082E-04	
188160	-0.699480	-0.189327	-10.150951	1.246127E-02	8.003734E-04	1.543319E-04	
188320	-0.625173	-0.130827	-10.099094	1.459426E-02	-1.901228E-04	-1.318427E-03	
188480	-0.553863	-0.235143	-10.091856	1.396994E-02	-4.976551E-04	-1.291062E-03	
188640	-0.538169	-0.097904	-10.037774	1.454407E-02	-1.060082E-03	-2.471158E-04	
188800	-0.622498	-0.101536	-9.935278	1.487675E-02	-1.033546E-03	-1.517601E-05	
188960	-0.540168	-0.054841	-10.006769	1.555630E-02	5.425991E-04	-4.328324E-04	
189120	-0.581345	-0.006705	-9.891771	1.409165E-02	4.899488E-04	3.212440E-04	
189280	-0.495280	0.023366	-9.883840	1.324050E-02	1.189086E-03	-1.891082E-03	
189440	-0.426256	0.120987	-9.867559	1.305528E-02	-1.106604E-03	-3.369523E-04	
189600	-0.443554	0.167058	-9.882734	1.343623E-02	-2.349823E-03	-1.498082E-04	
189760	-0.480781	0.089279	-9.803101	1.200598E-02	1.125408E-03	-6.261925E-05	
189920	-0.417629	0.176528	-9.708139	1.329957E-02	1.379609E-04	1.150900E-03	
190080	-0.363623	0.228594	-9.807828	1.501465E-02	9.051259E-05	3.900800E-04	
190240	-0.401071	0.227474	-9.704611	1.478556E-02	-1.048698E-03	9.036612E-04	
190400	-0.269323	0.336425	-9.693941	1.256729E-02	-8.377645E-04	-1.781470E-03	
190560	-0.259861	0.249788	-9.598707	1.242023E-02	-1.858234E-03	7.591000E-04	
190720	-0.245755	0.274801	-9.637888	1.430212E-02	-1.062625E-03	1.914031E-03	
190880	-0.204911	0.350823	-9.585761	1.587648E-02	1.641449E-04	1.163626E-03	
191040	-0.164997	0.457514	-9.583241	1.347267E-02	2.461905E-03	-3.592897E-04	
191200	-0.195239	0.395519	-9.531943	1.296162E-02	-6.083609E-04	1.931671E-04	
191360	-0.080512	0.498308	-9.577019	1.403292E-02	9.296827E-04	4.294822E-04	
191520	-0.113706	0.520545	-9.458031	1.254412E-02	-2.578548E-04	-1.738091E-04	
191680	-0.077280	0.454858	-9.444480	1.388016E-02	2.309097E-03	-4.529207E-04	
191840	-0.073796	0.448411	-9.357655	1.293826E-02	3.469037E-04	1.356226E-03	
192000	-0.052102	0.614696	-9.399205	1.552248E-02	-7.966687E-04	-4.724239E-04	