0	1.1119425295871226e-02	-4.1829485926468913e-03	-3.1623624188239115e-03
1	1.1234999333365175e-02	-4.0938081854971220e-03	-3.0997256328376211e-03
2	1.1348676383467454e-02	-4.0043859735163067e-03	-3.0365383147744089e-03
3	1.1460577107047822e-02	-3.9150861891409875e-03	-2.9727775387392032e-03
4	1.1570767964119160e-02	-3.8262634637001949e-03	-2.9084499211489028e-03
5	1.1679278716434800e-02	-3.7381561038418382e-03	-2.8436018663142225e-03
6	1.1786155953192174e-02	-3.6509148160628812e-03	-2.7783038929008724e-03
7	1.1891492054081970e-02	-3.5646365215924805e-03	-2.7125861878377852e-03
8	1.1995382245931028e-02	-3.4793927403239241e-03	-2.6464531397772774e-03
9	1.2097865053402171e-02	-3.3952380231547603e-03	-2.5799236424390555e-03
10	1.2198935006859426e-02	-3.3121935151045278e-03	-2.5130266797391263e-03
11	1.2298602037021208e-02	-3.2302412311326491e-03	-2.4457578208989623e-03
12	1.2396860243094655e-02	-3.1492902637171071e-03	-2.3781549928612333e-03
13	1.2493705153596556e-02	-3.0692497602594539e-03	-2.3100988672728217e-03
14	1.2589109204101324e-02	-2.9899875431009925e-03	-2.2415399842731802e-03
15	1.2683018913431597e-02	-2.9113788646310491e-03	-2.1724298949690828e-03
16	1.2775365458212364e-02	-2.8333081389152388e-03	-2.1027075303379915e-03
17	1.2866115042597936e-02	-2.7556622333930109e-03	-2.0322334343627936e-03
18	1.2955170040728423e-02	-2.6783131956112779e-03	-1.9611478476538884e-03
19	1.3042511758086310e-02	-2.6012008957313924e-03	-1.8893806125262972e-03
20	1.3128129502324171e-02	-2.5242802001641013e-03	-1.8168999828949192e-03
21	1.3211968613410827e-02	-2.4475364232294174e-03	-1.7437588180591441e-03
22	1.3293999569996662e-02	-2.3709824938269379e-03	-1.6700646720531505e-03
23	1.3374262268522053e-02	-2.2946085328227179e-03	-1.5958245318343678e-03
24	1.3452750558371208e-02	-2.2183862675404196e-03	-1.5211392526810641e-03
25	1.3529481631464267e-02	-2.1422943674041990e-03	-1.4460369337727279e-03
26	1.3604466596908142e-02	-2.0663359143178735e-03	-1.3705411376570915e-03
27	1.3677722855659722e-02	-1.9905337157702942e-03	-1.2946948067116080e-03
28	1.3749278729232966e-02	-1.9149082994888138e-03	-1.2185815275238450e-03
29	1.3819161977668451e-02	-1.8394745939550247e-03	-1.1423045735407802e-03
30	1.3887430329739148e-02	-1.7642473691583370e-03	-1.0659711598977912e-03
31	1.3954157005607011e-02	-1.6892225698614612e-03	-9.8969960650752164e-04
32	1.4019390983463206e-02	-1.6143820459314680e-03	-9.1361158334803518e-04
33	1.4083177600245616e-02	-1.5397016300855619e-03	-8.3779366572927811e-04
34	1.4145543106285111e-02	-1.4651649046034012e-03	-7.6239984258906566e-04
35	1.4206516541554378e-02	-1.3907309093492621e-03	-6.8748293404374578e-04
36	1.4266102232260781e-02	-1.3163830116118271e-03	-6.1311986237688829e-04
37	1.4324302919353065e-02	-1.2421071779289070e-03	-5.3937494742398466e-04
38	1.4381119214935546e-02	-1.1678933961990843e-03	-4.6632531237531492e-04
39	1.4436588537689235e-02	-1.0937258451592254e-03	-3.9402804360691044e-04
40	1.4490690929946383e-02	-1.0196288091039551e-03	-3.2255355252292308e-04
41	1.4543418268161192e-02	-9.4562686750181027e-04	-2.5192739970230927e-04
42	1.4594784720285702e-02	-8.7173487326757380e-04	-1.8215564083114209e-04
43	1.4644754775526436e-02	-7.9796152777220444e-04	-1.1322253405103935e-04
44	1.4693332265078924e-02	-7.2429857689950750e-04	-4.5105789906100899e-05
45	1.4740503251498307e-02	-6.5074153542650406e-04	2.2236481106061218e-05
46	1.4786217936024472e-02	-5.7730248812547615e-04	8.8879641277793875e-05
47	1.4830433658486606e-02	-5.0400784538660556e-04	1.5486452737288804e-04
48	1.4873103966886519e-02	-4.3088656939334558e-04	2.2021901451356053e-04
49	1.4914184059642458e-02	-3.5796666462914266e-04	2.8497173022257763e-04
50	1.4953626484064080e-02	-2.8525733907877056e-04	3.4915205539442395e-04
51	1.4991374385916146e-02	-2.1277248232366572e-04	4.1279190557392414e-04
52	1.5027353419229974e-02	-1.4052582581764819e-04	4.7590135503406512e-04
53	1.5061486234910918e-02	-6.8536536855046294e-05	5.3847871609820125e-04
54	1.5093715574231559e-02	3.1817683391314729e-06	6.0053413196287043e-04
55	1.5124000810904975e-02	7.4631059414516436e-05	6.6203389041801018e-04
56	1.5152375089044342e-02	1.4574415575930943e-04	7.2308065288625447e-04
57	1.5178818784679686e-02	2.1646190218474858e-04	7.8356910714157449e-04
58	1.5203334357905631e-02	2.8671810429582571e-04	8.4349702255987629e-04
59	1.5225978060781551e-02	3.5642747355409755e-04	9.0303894236635964e-04
60	1.5246740988511465e-02	4.2560299519736497e-04	9.6209708343342247e-04
61	1.5265704481044348e-02	4.9431303357348917e-04	1.0206520486019093e-03
62	1.5282985715641875e-02	5.6255407906265957e-04	1.0789214228405736e-03
63	1.5298608567657883e-02	6.3035083401932778e-04	1.1367986535085995e-03
64	1.5312576096411913e-02	6.9770522069543400e-04	1.1942273752592813e-03
65	1.5324907935889663e-02	7.6459315894376466e-04	1.2512846787327073e-03
66	1.5335627243495879e-02	8.3101511198363390e-04	1.3080776924890751e-03
67	1.5344710933611545e-02	8.9706347051187016e-04	1.3645477671242652e-03
68	1.5352108305535858e-02	9.6278242004284125e-04	1.4207922392304589e-03
69	1.5357723073153225e-02	1.0282017288899162e-03	1.4768360708565101e-03
70	1.5361418877531561e-02	1.0933005842391303e-03	1.5327051449851626e-03
71	1.5363023284674348e-02	1.1580300202498643e-03	1.5883934966801391e-03
72	1.5362374899805546e-02	1.2223169647620333e-03	1.6438617190498016e-03
73	1.5359365651645217e-02	1.2860506864221153e-03	1.6990554563973516e-03
74	1.5353904469134688e-02	1.3491111151556995e-03	1.7539265238650662e-03
75	1.5345873341664776e-02	1.4113912739873932e-03	1.8084478349089765e-03
76	1.5335168804132812e-02	1.4727995319023565e-03	1.8625937551718604e-03
77	1.5321664159195744e-02	1.5332631015681250e-03	1.9162735149528326e-03
78	1.5305386603716848e-02	1.5927143243679262e-03	1.9695129144873050e-03
79	1.5286313484371475e-02	1.6511366540059925e-03	2.0222118884394890e-03
80	1.5264640134185542e-02	1.7085318640457157e-03	2.0744046397260510e-03
81	1.5240666205186552e-02	1.7649251293893708e-03	2.1261355404742889e-03
82	1.5214714289145408e-02	1.8203764473199307e-03	2.1774064284772431e-03
83	1.5187212297664848e-02	1.8749974268453512e-03	2.2282270227889389e-03
84	1.5158592689385764e-02	1.9287881826124970e-03	2.2785999047874104e-03
85	1.5129061939675082e-02	1.9816683876803078e-03	2.3284081584330671e-03
86	1.5098732247452515e-02	2.0335692199649645e-03	2.3775116080736779e-03
87	1.5067687151510136e-02	2.0844294204624757e-03	2.4257597423813517e-03
88	1.5036073736186085e-02	2.1341716369512021e-03	2.4729927938425683e-03
89	1.5004015487433560e-02	2.1828405929864023e-03	2.5190291018998843e-03
90	1.4971618101088371e-02	2.2305465005159108e-03	2.5637182722652693e-03
91	1.4938922169869287e-02	2.2773622166119040e-03	2.6069315499872639e-03
92	1.4905878699656535e-02	2.3232416298338181e-03	2.6485191844259743e-03
93	1.4872346716264490e-02	2.3680606945689978e-03	2.6882995657427555e-03
94	1.4838129483503404e-02	2.4117097856126333e-03	2.7261197753480908e-03
95	1.4803108982591656e-02	2.4541967223018360e-03	2.7618872914751767e-03
96	1.4767291459499119e-02	2.4956562797018474e-03	2.7956008684640820e-03
97	1.4730677131039951e-02	2.5362801967718945e-03	2.8273919303842526e-03
98	1.4693182378780515e-02	2.5762661242102951e-03	2.8575042795087524e-03
99	1.4654657672968415e-02	2.6157809126760778e-03	2.8862694445553846e-03
100	1.4614990285221967e-02	2.6548721173517056e-03	2.9140094738505048e-03
101	1.4574125225108184e-02	2.6934761650065906e-03	2.9410747451309436e-03
102	1.4532094443426792e-02	2.7314754625810231e-03	2.9678567588516235e-03
103	1.4488987374436187e-02	2.7687896046506553e-03	2.9947300040786564e-03
104	1.4444876771157170e-02	2.8054300383765461e-03	3.0220633933036767e-03
105	1.4399798983722149e-02	2.8414779245181515e-03	3.0502070539094412e-03
106	1.4353792326420972e-02	2.8770342595161149e-03	3.0794166269314032e-03
107	1.4306900545201118e-02	2.9121759023658404e-03	3.1098419910162889e-03
108	1.4259173436648639e-02	2.9469540109850765e-03	3.1415132494534530e-03
109	1.4210680721804290e-02	2.9814217707182420e-03	3.1743543842640796e-03
110	1.4161513953274068e-02	3.0156334118167636e-03	3.2082883476991873e-03
111	1.4111760158251460e-02	3.0496049313585931e-03	3.2432955659996254e-03
112	1.4061473687212037e-02	3.0833006341586680e-03	3.2793693402114964e-03
113	1.4010745706229344e-02	3.1166702958015892e-03	3.3165172635040031e-03
114	1.3959666246773550e-02	3.1496236145451234e-03	3.3546389455781857e-03
115	1.3908312311757935e-02	3.1820387460821551e-03	3.3935754833063492e-03
116	1.3856742653955806e-02	3.2137950947223187e-03	3.4331641190709652e-03
117	1.3804999155454183e-02	3.2447884590848476e-03	3.4732275879966103e-03
118	1.3753128395029072e-02	3.2749601887313799e-03	3.5135769188360303e-03
119	1.3701183481109111e-02	3.3042635919205746e-03	3.5540618500098592e-03
120	1.3649207747814475e-02	3.3326693320097499e-03	3.5945658515131244e-03
121	1.3597231102116965e-02	3.3601865529374179e-03	3.6350459108841029e-03
122	1.3545188632383581e-02	3.3868644392675250e-03	3.6753123029451521e-03
123	1.3493100654477964e-02	3.4127251584795994e-03	3.7154504973189290e-03
124	1.3440884153203367e-02	3.4378198599862085e-03	3.7553957331914437e-03
125	1.3388447478109092e-02	3.4621916903409115e-03	3.7950889001162579e-03
126	1.3335740179486357e-02	3.4858928140293378e-03	3.8345106240902922e-03
127	1.3282789629561198e-02	3.5090019526987891e-03	3.8738045076610688e-03
128	1.3229458594871334e-02	3.5316297993741724e-03	3.9128049624094566e-03
129	1.3175731367641476e-02	3.5538288929260024e-03	3.9516384086044545e-03
130	1.3121572812086195e-02	3.5756776304862099e-03	3.9903844481617590e-03
131	1.3066904206816946e-02	3.5972617946070655e-03	4.0290381935439955e-03
132	1.3011714761012651e-02	3.6185986092575903e-03	4.0677350367475376e-03
133	1.2956001461152148e-02	3.6397037795757093e-03	4.1066177433002450e-03
134	1.2899723852354874e-02	3.6606163448449107e-03	4.1457664792692835e-03
135	1.2842869482947220e-02	3.6813360878954681e-03	4.1852670463677971e-03
136	1.2785448887077762e-02	3.7018442743806282e-03	4.2251785541609277e-03
137	1.2727497451712762e-02	3.7221038707102271e-03	4.2655369113237529e-03
138	1.2669065836939164e-02	3.7420420580712163e-03	4.3063840678902888e-03
139	1.2610195287951579e-02	3.7615694563281647e-03	4.3477806634171440e-03
140	1.2550911146506106e-02	3.7805691358041029e-03	4.3897916792104098e-03
141	1.2491239847967473e-02	3.7988998653206720e-03	4.4324559367959742e-03
142	1.2431214546886537e-02	3.8164270958227714e-03	4.4758046900512938e-03
143	1.2370891820572803e-02	3.8330191288207284e-03	4.5198466938116098e-03
144	1.2310283857746310e-02	3.8485692670540846e-03	4.5645719435635414e-03
145	1.2249435894708548e-02	3.8629618848002333e-03	4.6099258609538967e-03
146	1.2188326392395303e-02	3.8761616967529578e-03	4.6558975746726801e-03
147	1.2126973468758040e-02	3.8881293748169506e-03	4.7024411159940502e-03
148	1.2065392520781879e-02	3.8988374565936739e-03	4.7495149443638794e-03
149	1.2003627681381709e-02	3.9082842330926586e-03	4.7970459033122885e-03
150	1.1941696042433343e-02	3.9164993266766488e-03	4.8450796202106480e-03
151	1.1879612087738141e-02	3.9234828270153232e-03	4.8935104323392705e-03
152	1.1817372072729078e-02	3.9292968983459442e-03	4.9422436959405619e-03
153	1.1755001037806134e-02	3.9340526958596802e-03	4.9912545976092872e-03
154	1.1692552225275392e-02	3.9378551889982308e-03	5.0405304589558253e-03
155	1.1630109748409631e-02	3.9407466219304969e-03	5.0899228971824292e-03
156	1.1567804104884132e-02	3.9428475081814164e-03	5.1394451556098014e-03
157	1.1505747937504326e-02	3.9442981195552578e-03	5.1890806909947974e-03
158	1.1443989331157863e-02	3.9452379382031314e-03	5.2387881082996742e-03
159	1.1382520626018537e-02	3.9458273994732078e-03	5.2884966878956399e-03
160	1.1321319428157749e-02	3.9462443342506582e-03	5.3381420301687136e-03
161	1.1260383755654935e-02	3.9466639646420585e-03	5.3876881899491214e-03
162	1.1199731079648214e-02	3.9472517024834583e-03	5.4371189978860241e-03
163	1.1139389606953360e-02	3.9481646616638015e-03	5.4864273444369983e-03
164	1.1079412785237405e-02	3.9495599188897040e-03	5.5356358026283073e-03
165	1.1019879219676409e-02	3.9515552979841858e-03	5.5847202832792443e-03
166	1.0960878026467983e-02	3.9543253416752999e-03	5.6338165729774717e-03
167	1.0902456987630973e-02	3.9579128010444366e-03	5.6828336764092125e-03
168	1.0844626418583865e-02	3.9623978932689704e-03	5.7318095364143140e-03
169	1.0787371710201226e-02	3.9678371897193835e-03	5.7807162199509324e-03
170	1.0730658865392350e-02	3.9742323823462461e-03	5.8294156366842063e-03
171	1.0674456870886272e-02	3.9815302028831804e-03	5.8778194459253169e-03
172	1.0618823872846281e-02	3.9897284844398681e-03	5.9259928682436243e-03
173	1.0563777259577327e-02	3.9986818208686123e-03	5.9738357824505733e-03
174	1.0509310362747271e-02	4.0081803779474920e-03	6.0213329626518175e-03
175	1.0455414703948979e-02	4.0179751043050984e-03	6.0685374321085882e-03
176	1.0402034890247540e-02	4.0277609052678000e-03	6.1154825597072989e-03
177	1.0349163528512806e-02	4.0372509956170897e-03	6.1622505627427241e-03
178	1.0296800544687771e-02	4.0462162213303872e-03	6.2089515109889689e-03
179	1.0244995923264881e-02	4.0545165692044251e-03	6.2557503569148970e-03
180	1.0193928712293743e-02	4.0621049368784303e-03	6.3028906592466800e-03
181	1.0143691740533822e-02	4.0689754605018318e-03	6.3506288791201539e-03
182	1.0094257612085961e-02	4.0751416494854732e-03	6.3992200222051732e-03
183	1.0045598905321741e-02	4.0806523038574129e-03	6.4489355755786727e-03
184	9.9977164249937418e-03	4.0856040524259443e-03	6.5000365472685099e-03
185	9.9506542055623655e-03	4.0901398488957285e-03	6.5527234177090148e-03
186	9.9044869526740166e-03	4.0943806321904318e-03	6.6071393715041934e-03
187	9.8592536416293626e-03	4.0983702891097956e-03	6.6634401224329523e-03
188	9.8150343887743220e-03	4.1022253839644559e-03	6.7216917601331146e-03
189	9.7717896725883196e-03	4.1060052579081525e-03	6.7819270217286667e-03
190	9.7294142172969361e-03	4.1097514672407088e-03	6.8440915864086075e-03
191	9.6877936346521018e-03	4.1135262135037799e-03	6.9080496999287047e-03
192	9.6468207963163778e-03	4.1174465161582380e-03	6.9736311860439538e-03
193	9.6063821707083781e-03	4.1215927362946176e-03	7.0406975437373306e-03
194	9.5663371542896013e-03	4.1261163795923029e-03	7.1090065174230343e-03
195	9.5264768491364199e-03	4.1310878608146620e-03	7.1783531241896310e-03
196	9.4866614892540474e-03	4.1365452039202775e-03	7.2485560817478539e-03
197	9.4468416323585571e-03	4.1424993387575004e-03	7.3194789361475301e-03
198	9.4070110009821326e-03	4.1489389342454887e-03	7.3910467658877725e-03
199	9.3671750809566010e-03	4.1558508611060753e-03	7.4632048899879724e-03
200	9.3272970552210274e-03	4.1632517699207675e-03	7.5357835279204633e-03
201	9.2873148177696294e-03	4.1711818632543590e-03	7.6085618127913713e-03
202	9.2471867679384343e-03	4.1797183575588773e-03	7.6813235071157577e-03
203	9.2068974425253119e-03	4.1889762655632004e-03	7.7538882224315467e-03
204	9.1664240461804148e-03	4.1991158763190544e-03	7.8260694936017061e-03
205	9.1257583677442616e-03	4.2103061693218131e-03	7.8976631018769644e-03
206	9.0848987843040584e-03	4.2226896515859509e-03	7.9684635615558230e-03
207	9.0438521392144575e-03	4.2364009862614523e-03	8.0382852182011768e-03
208	9.0026365707702189e-03	4.2515590798785060e-03	8.1069745669719098e-03
209	8.9612825055069827e-03	4.2682577479695380e-03	8.1744622666300119e-03
210	8.9197749738247241e-03	4.2865875578604103e-03	8.2406213073623977e-03
211	8.8781403828503379e-03	4.3066091312337984e-03	8.3054771497610060e-03
212	8.8363554905026721e-03	4.3283662837469324e-03	8.3689658446857041e-03
213	8.7944178833851729e-03	4.3518556198765580e-03	8.4310602923114205e-03
214	8.7523569907884784e-03	4.3770580477663842e-03	8.4918003232882719e-03
215	8.7102297933540664e-03	4.4039132678146912e-03	8.5514100244869079e-03
216	8.6679728362061455e-03	4.4323975052328263e-03	8.6098307306218085e-03
217	8.6256432743347950e-03	4.4624584911248238e-03	8.6673116084925363e-03
218	8.5832426508852047e-03	4.4940555035192856e-03	8.7238667620680842e-03
219	8.5407884344034513e-03	4.5271382945675440e-03	8.7794580866725029e-03
220	8.4983191583363482e-03	4.5616398936107663e-03	8.8341189089501740e-03
221	8.4558650816116774e-03	4.5974764790335954e-03	8.8879131269642940e-03
222	8.4134159060466323e-03	4.6345416035287077e-03	8.9408529699826125e-03
223	8.3709567306667499e-03	4.6726963465603790e-03	8.9930085747518557e-03
224	8.3284678879819666e-03	4.7117683771360523e-03	9.0444527204583906e-03
225	8.2859447337642004e-03	4.7515904597530741e-03	9.0952386598705248e-03
226	8.2433969472908361e-03	4.7920209356411394e-03	9.1454010857796170e-03
227	8.2008464918718535e-03	4.8329176073311775e-03	9.1949766043479906e-03
228	8.1583160792836444e-03	4.8741597787503354e-03	9.2439811460786180e-03
229	8.1158196654851304e-03	4.9156699610486704e-03	9.2924057169449601e-03
230	8.0733789780522008e-03	4.9574050763622280e-03	9.3402598081001788e-03
231	8.0310324348766057e-03	4.9993584197605464e-03	9.3876087507205486e-03
232	7.9887817554664207e-03	5.0415382138857762e-03	9.4344921086155966e-03
233	7.9466541872020274e-03	5.0839801594395268e-03	9.4809579310768007e-03
234	7.9046605627207528e-03	5.1267055281786220e-03	9.5270420563885235e-03
235	7.8627664477192508e-03	5.1697126073325973e-03	9.5727983588269356e-03
236	7.8209589009378116e-03	5.2129988085765919e-03	9.6182963880746507e-03
237	7.7791969098800710e-03	5.2565393244327898e-03	9.6635776305213535e-03
238	7.7373673297416838e-03	5.3002905584244578e-03	9.7086787399869937e-03
239	7.6953945206214595e-03	5.3442030610396799e-03	9.7535407450624542e-03
240	7.6531732763734390e-03	5.3882324592681961e-03	9.7981236564418182e-03
241	7.6105726162092333e-03	5.4323278021690428e-03	9.8424477031709683e-03
242	7.5674810120785613e-03	5.4764365797247850e-03	9.8865546950056803e-03
243	7.5238459760445450e-03	5.5205237907336412e-03	9.9304157961191044e-03
244	7.4796366410091152e-03	5.5645299857724371e-03	9.9741079580660513e-03
245	7.4348858352180540e-03	5.6083854799656033e-03	1.0017692254024258e-02
246	7.3896574090314407e-03	5.6520429672249429e-03	1.0061215930040316e-02
247	7.3440134390675999e-03	5.6954613667920930e-03	1.0104718558186617e-02
248	7.2980265072529089e-03	5.7385781603782387e-03	1.0148238553536254e-02
249	7.2517897007354278e-03	5.7813571123817541e-03	1.0191826107714639e-02
250	7.2053963761132640e-03	5.8237908316615397e-03	1.0235557590714057e-02
251	7.1589463304983893e-03	5.8658651269158741e-03	1.0279518278186923e-02
252	7.1125426379051344e-03	5.9075553510864473e-03	1.0323761728710421e-02
253	7.0662579295366675e-03	5.9488416001337238e-03	1.0368257446638100e-02
254	7.0201298463945560e-03	5.9896461153176100e-03	1.0413138938979596e-02
255	6.9741321107564935e-03	6.0299846655604093e-03	1.0458293446769644e-02
256	6.9282589497319594e-03	6.0698592742896053e-03	1.0503789130928790e-02
257	6.8825171104518121e-03	6.1092659824507388e-03	1.0549698112882578e-02
258	6.8369095680670885e-03	6.1482247085876320e-03	1.0596031806579764e-02
259	6.7914067852275833e-03	6.1868408882999014e-03	1.0642574331483853e-02
260	6.7460525878143803e-03	6.2250795244735025e-03	1.0689525405234341e-02
261	6.7008792101871549e-03	6.2630039019024022e-03	1.0736725713626698e-02
262	6.6559353522282066e-03	6.3006554529730615e-03	1.0784081838559344e-02
263	6.6112976290534867e-03	6.3380185404512237e-03	1.0831594057821130e-02
264	6.5670538901852413e-03	6.3750648431098083e-03	1.0879229621650827e-02
265	6.5232605869043466e-03	6.4118276155161191e-03	1.0926833984675971e-02
266	6.4799901692335678e-03	6.4482874070139265e-03	1.0974447097996966e-02
267	6.4372646098927698e-03	6.4844324977017774e-03	1.1022070201695246e-02
268	6.3950720780778974e-03	6.5202241754976640e-03	1.1069708553655454e-02
269	6.3533885547435486e-03	6.5556141809050847e-03	1.1117332367628446e-02
270	6.3121770877854434e-03	6.5906043545795870e-03	1.1164879491201393e-02
271	6.2713812339664976e-03	6.6252729281704769e-03	1.1212252329575000e-02
272	6.2309530237224919e-03	6.6597467600094887e-03	1.1259326675546549e-02
273	6.1908801027868183e-03	6.6941624863424481e-03	1.1305992997324162e-02
274	6.1511780899070334e-03	6.7286495074256976e-03	1.1352180122449198e-02
275	6.1118806254009429e-03	6.7633517817514742e-03	1.1397831488872788e-02
276	6.0732440548619598e-03	6.7983678800810268e-03	1.1443036208912176e-02
277	6.0355132405624703e-03	6.8338457219101695e-03	1.1487886105573200e-02
278	5.9989116349732328e-03	6.8698783862556501e-03	1.1532518314425581e-02
279	5.9636492786413874e-03	6.9063859712913097e-03	1.1577113099670969e-02
280	5.9298862035025417e-03	6.9431552325241010e-03	1.1621859863771606e-02
281	5.8975189346371238e-03	6.9800281316380200e-03	1.1666885734713887e-02
282	5.8665838815189133e-03	7.0166992289863173e-03	1.1712319880421646e-02
283	5.8369988078602270e-03	7.0529840414735433e-03	1.1758228525065594e-02
284	5.8086602182921597e-03	7.0887444825199668e-03	1.1804672158872506e-02
285	5.7814730834470692e-03	7.1237757629463768e-03	1.1851685650516459e-02
286	5.7552556422342501e-03	7.1578121084073928e-03	1.1899258607133929e-02
287	5.7296901589423592e-03	7.1906551707082980e-03	1.1947331640601565e-02
288	5.7044134714779897e-03	7.2221062676028572e-03	1.1995767798201721e-02
289	5.6790914357697855e-03	7.2521768388592927e-03	1.2044467226665757e-02
290	5.6535886560881536e-03	7.2810914728408029e-03	1.2093382021372227e-02
291	5.6279560334918698e-03	7.3091883597639507e-03	1.2142517406812799e-02
292	5.6023394365554112e-03	7.3367586788618813e-03	1.2191893627056515e-02
293	5.5769109087339397e-03	7.3639740586637957e-03	1.2241537656434563e-02
294	5.5518192878350999e-03	7.3909231467993988e-03	1.2291449039680415e-02
295	5.5271560695241044e-03	7.4175978382110359e-03	1.2341561976751519e-02
296	5.5029628534206390e-03	7.4438993048696195e-03	1.2391778884887778e-02
297	5.4792606643391589e-03	7.4696782646831812e-03	1.2442000516560010e-02
298	5.4560642704579798e-03	7.4947601870935339e-03	1.2492159623454650e-02
299	5.4333382497124159e-03	7.5189756382640915e-03	1.2542175584386599e-02
300	5.4110101335136064e-03	7.5422355876787776e-03	1.2591978365205850e-02
301	5.3890007046113186e-03	7.5645468930334130e-03	1.2641562161536567e-02
302	5.3672027016622428e-03	7.5859710125936453e-03	1.2690963624721907e-02
303	5.3455171195382917e-03	7.6066303222580758e-03	1.2740299369844822e-02
304	5.3237484906028991e-03	7.6266397134189274e-03	1.2789482073006826e-02
305	5.3017980318467292e-03	7.6461751911816667e-03	1.2838644515322082e-02
306	5.2795555286419271e-03	7.6654094314580088e-03	1.2888045969038383e-02
307	5.2568573493749588e-03	7.6845393710981407e-03	1.2937814276369659e-02
308	5.2336124924465084e-03	7.7037842584531373e-03	1.2988051247914410e-02
309	5.2097370987500983e-03	7.7233214630108536e-03	1.3038762916803422e-02
310	5.1851069849610677e-03	7.7433204824028700e-03	1.3089832515941020e-02
311	5.1596361861234894e-03	7.7639465137782603e-03	1.3141234680047431e-02
312	5.1332659547466226e-03	7.7853664920073933e-03	1.3192920654384072e-02
313	5.1059346854351005e-03	7.8077296809605538e-03	1.3244782604175857e-02
314	5.0775908369059689e-03	7.8311337005786269e-03	1.3296680380087763e-02
315	5.0482059572069370e-03	7.8556163778929697e-03	1.3348478067439678e-02
316	5.0177619910422300e-03	7.8811628634500343e-03	1.3400045070157672e-02
317	4.9862448536416182e-03	7.9077432162165985e-03	1.3451257754136111e-02
318	4.9536520923364460e-03	7.9353228099267887e-03	1.3502005008214055e-02
319	4.9200248604875738e-03	7.9638357894440247e-03	1.3552213182838788e-02
320	4.8853322661637317e-03	7.9931931329486582e-03	1.3601646595313929e-02
321	4.8496265712151447e-03	8.0232708809974407e-03	1.3650280719120899e-02
322	4.8128896995019268e-03	8.0539708532384544e-03	1.3697957442774354e-02
323	4.7751133509887087e-03	8.0851885788693293e-03	1.3744537244605760e-02
324	4.7363180434999656e-03	8.1168067353784377e-03	1.3789952282833246e-02
325	4.6965343725077205e-03	8.1487275998262335e-03	1.3834132437994452e-02
326	4.6556415547397180e-03	8.1809039094179279e-03	1.3876853961162845e-02
327	4.6136502068556762e-03	8.2132695211201232e-03	1.3918090548387005e-02
328	4.5704815695552879e-03	8.2457819359460869e-03	1.3957737484619854e-02
329	4.5261614939998279e-03	8.2783780228151797e-03	1.3995807086852012e-02
330	4.4805030018858060e-03	8.3110188657082671e-03	1.4032135406738137e-02
331	4.4334761169446853e-03	8.3436783566802203e-03	1.4066703808502803e-02
332	4.3849748919547000e-03	8.3763492670578671e-03	1.4099446352017975e-02
333	4.3349012513578533e-03	8.4090356270321107e-03	1.4130342239457824e-02
334	4.2831469102586166e-03	8.4417485998659666e-03	1.4159362004439183e-02
335	4.2296252884719250e-03	8.4744916440121811e-03	1.4186478151420436e-02
336	4.1742660338871026e-03	8.5072311187040540e-03	1.4211667085508289e-02
337	4.1170134198046712e-03	8.5398896265084893e-03	1.4234892113709428e-02
338	4.0578226369050834e-03	8.5723909010649597e-03	1.4256128071632112e-02
339	3.9966461091296250e-03	8.6046558697730254e-03	1.4275347410437077e-02
340	3.9334209432441702e-03	8.6366057359251111e-03	1.4292492997040227e-02
341	3.8680776381111426e-03	8.6681696837996799e-03	1.4307489922607273e-02
342	3.8005149086613645e-03	8.6992902340892065e-03	1.4320341876184806e-02
343	3.7306619940804639e-03	8.7298879396632990e-03	1.4330933169648610e-02
344	3.6584464005366261e-03	8.7598891355542465e-03	1.4339246851515036e-02
345	3.5838467087514416e-03	8.7892067651352806e-03	1.4345288563431200e-02
346	3.5068986778124343e-03	8.8177396143378859e-03	1.4349059206715501e-02
347	3.4277393701321380e-03	8.8453701201220026e-03	1.4350505433545815e-02
348	3.3465111535040106e-03	8.8720658380531461e-03	1.4349811680131871e-02
349	3.2634056774263707e-03	8.8977099992021223e-03	1.4347036193720636e-02
350	3.1786727164244831e-03	8.9221423168090452e-03	1.4342230362264318e-02
351	3.0926033590490702e-03	8.9451937254294896e-03	1.4335477374906848e-02
352	3.0054552644270668e-03	8.9667255257131397e-03	1.4326960065238720e-02
353	2.9173686015794751e-03	8.9866440279976582e-03	1.4316795799843317e-02
354	2.8283948606114399e-03	9.0049584826777732e-03	1.4305086986661806e-02
355	2.7385540102205503e-03	9.0217709613483708e-03	1.4291955802062800e-02
356	2.6478436230989609e-03	9.0372305348059030e-03	1.4277560278645459e-02
357	2.5562509583781996e-03	9.0514672927448619e-03	1.4262100216474911e-02
358	2.4637890309448436e-03	9.0645865782635216e-03	1.4245833995010320e-02
359	2.3704921508113630e-03	9.0766890093039714e-03	1.4229079854047651e-02
360	2.2764185375924941e-03	9.0878875319511943e-03	1.4212197663193224e-02
361	2.1815995149125343e-03	9.0982930551979594e-03	1.4195588132864095e-02
362	2.0859547503971248e-03	9.1080031918018937e-03	1.4179650160314959e-02
363	1.9892664117467079e-03	9.1170903730707579e-03	1.4164681992509798e-02
364	1.8912547565944169e-03	9.1257170192285998e-03	1.4151014153156461e-02
365	1.7915586974804696e-03	9.1339629935936074e-03	1.4138731157192864e-02
366	1.6898876965521087e-03	9.1419731960377011e-03	1.4127966595044466e-02
367	1.5860604723629288e-03	9.1499043401404734e-03	1.4118824058647792e-02
368	1.4799391801338126e-03	9.1578806831206470e-03	1.4111375108797610e-02
369	1.3713601202158651e-03	9.1659543102318320e-03	1.4105585378079669e-02
370	1.2601233294951221e-03	9.1741002063896650e-03	1.4101445541776914e-02
371	1.1460566092165183e-03	9.1821266931227264e-03	1.4098815810913972e-02
372	1.0291040679345509e-03	9.1897514610441329e-03	1.4097503266648825e-02
373	9.0943505937272516e-04	9.1966682329934560e-03	1.4097321611729174e-02
374	7.8749798331792205e-04	9.2025924097907785e-03	1.4098072351796798e-02
375	6.6392340613263552e-04	9.2072995070434319e-03	1.4099619180468263e-02
376	5.3935853613141648e-04	9.2106459463563040e-03	1.4101856088439113e-02
377	4.1432424023292512e-04	9.2125667332366296e-03	1.4104669431983555e-02
378	2.8930113939054582e-04	9.2130963408948788e-03	1.4107963097528408e-02
379	1.6474322520800984e-04	9.2123925360585984e-03	1.4111602677244124e-02
380	4.1060869492860480e-05	9.2106838856875796e-03	1.4115377239025938e-02
381	-8.1358548089947128e-05	9.2081675033936529e-03	1.4119054616449606e-02
382	-2.0214524223343287e-04	9.2049725415218886e-03	1.4122451545701664e-02
383	-3.2097637720478813e-04	9.2011864773546125e-03	1.4125430363678576e-02
384	-4.3765543577565987e-04	9.1968756053026814e-03	1.4127822226927340e-02
385	-5.5221811598610401e-04	9.1920667425658392e-03	1.4129413316437181e-02
386	-6.6488515917155597e-04	9.1868745177729992e-03	1.4129966012299221e-02
387	-7.7592460543853133e-04	9.1814039712134789e-03	1.4129354628619596e-02
388	-8.8547578236332727e-04	9.1757812626709397e-03	1.4127513320641339e-02
389	-9.9359520803452006e-04	9.1700238058364421e-03	1.4124513663611074e-02
390	-1.1003037028475837e-03	9.1639292123465235e-03	1.4120543745205417e-02
391	-1.2056621804919418e-03	9.1571153064880610e-03	1.4115896379194132e-02
392	-1.3097459046372412e-03	9.1491838431594606e-03	1.4110866371849004e-02
393	-1.4125790437001962e-03	9.1398149156810132e-03	1.4105972572043149e-02
394	-1.5141331009031196e-03	9.1288154092774559e-03	1.4101796281806871e-02
395	-1.6144087291821707e-03	9.1160321519156151e-03	1.4098859717076244e-02
396	-1.7135372357442902e-03	9.1012625956404351e-03	1.4097593259651070e-02
397	-1.8117661884645853e-03	9.0842629125181713e-03	1.4098335557939335e-02
398	-1.9094141572625959e-03	9.0648026358270146e-03	1.4101246759616127e-02
399	-2.0067502437902335e-03	9.0427456704887232e-03	1.4106398066798123e-02
400	-2.1039700543044747e-03	9.0180657241576961e-03	1.4113796628314064e-02
401	-2.2012019863975069e-03	8.9908315420582641e-03	1.4123411210207392e-02
402	-2.2985269139359169e-03	8.9611847824313754e-03	1.4135179778428804e-02
403	-2.3960057901324088e-03	8.9292986342197501e-03	1.4149015523068844e-02
404	-2.4936957259332490e-03	8.8953416427039744e-03	1.4164794213014474e-02
405	-2.5916531005928637e-03	8.8594671733831544e-03	1.4182320743292695e-02
406	-2.6899257293018131e-03	8.8218035120964620e-03	1.4201313794985532e-02
407	-2.7885255404824570e-03	8.7824542883454346e-03	1.4221470895204504e-02
408	-2.8874984516447997e-03	8.7415402204558557e-03	1.4242300269393549e-02
409	-2.9868245843859328e-03	8.6991061191543720e-03	1.4263497162401407e-02
410	-3.0865436268967309e-03	8.6552024109792149e-03	1.4284603616346014e-02
411	-3.1866430107176111e-03	8.6098446469076873e-03	1.4305384877663540e-02
412	-3.2871326825355449e-03	8.5630392830956682e-03	1.4325643860335573e-02
413	-3.3879904986685674e-03	8.5148338817847523e-03	1.4345304484908618e-02
414	-3.4892637646226315e-03	8.4652366667956145e-03	1.4364107234055208e-02
415	-3.5909000783454384e-03	8.4142403704563860e-03	1.4382009432721530e-02
416	-3.6928345443148977e-03	8.3618331601959944e-03	1.4398899116773488e-02
417	-3.7950313370196400e-03	8.3079777548437355e-03	1.4414544257098962e-02
418	-3.8974542849086204e-03	8.2526041725149019e-03	1.4428708709162515e-02
419	-4.0000333691609007e-03	8.1956715910906034e-03	1.4441308012372632e-02
420	-4.1027625801772329e-03	8.1371217847950525e-03	1.4452141879717811e-02
421	-4.2056304997792615e-03	8.0769283452417646e-03	1.4461094070658879e-02
422	-4.3086283000569091e-03	8.0150761020897111e-03	1.4468098735621686e-02
423	-4.4117418026661361e-03	7.9515631272304519e-03	1.4473104857546982e-02
424	-4.5149510821973268e-03	7.8863962655880172e-03	1.4476020272843794e-02
425	-4.6182570984381766e-03	7.8195860691021631e-03	1.4476743426759491e-02
426	-4.7216684305510471e-03	7.7511688435329042e-03	1.4475223672940461e-02
427	-4.8251843199902094e-03	7.6812227795365210e-03	1.4471454570880421e-02
428	-4.9288126147762120e-03	7.6098615915278353e-03	1.4465468547408650e-02
429	-5.0325584104689691e-03	7.5372395319288779e-03	1.4457313400997228e-02
430	-5.1364669408583237e-03	7.4635308766839705e-03	1.4447051787776912e-02
431	-5.2405317926153159e-03	7.3889056153033320e-03	1.4434707235718247e-02
432	-5.3447735347093919e-03	7.3135506372020067e-03	1.4420388569272158e-02
433	-5.4491999060572189e-03	7.2376827604914073e-03	1.4404250919633418e-02
434	-5.5537955715233367e-03	7.1615110464897068e-03	1.4386413609921558e-02
435	-5.6585316430969399e-03	7.0852217078318930e-03	1.4366944114191725e-02
436	-5.7634141102603205e-03	7.0089622770323117e-03	1.4345971331816710e-02
437	-5.8684449416102780e-03	6.9328829552568498e-03	1.4323583721214625e-02
438	-5.9736162176237586e-03	6.8571590398431763e-03	1.4299798827309472e-02
439	-6.0789179649024432e-03	6.7819716392398715e-03	1.4274617643639883e-02
440	-6.1843274339049977e-03	6.7074965390223470e-03	1.4248107307817842e-02
441	-6.2898020925513760e-03	6.6338997891197040e-03	1.4220294859939073e-02
442	-6.3952859178921188e-03	6.5613159532839204e-03	1.4191189970687123e-02
443	-6.5006882412607546e-03	6.4898275345662048e-03	1.4160760810328479e-02
444	-6.6058720879921991e-03	6.4194677512163815e-03	1.4128974733117635e-02
445	-6.7106807931927824e-03	6.3502299311313523e-03	1.4095864962028803e-02
446	-6.8149627294223428e-03	6.2820315035571781e-03	1.4061506846026587e-02
447	-6.9185656988262840e-03	6.2147092371935926e-03	1.4025986196548193e-02
448	-7.0213475116023202e-03	6.1480506827068385e-03	1.3989433086564432e-02
449	-7.1231943734636708e-03	6.0818259127934779e-03	1.3952039631544597e-02
450	-7.2240305729274210e-03	6.0157841890308497e-03	1.3914038049014942e-02
451	-7.3238464713709884e-03	5.9496890921320114e-03	1.3875627256509248e-02
452	-7.4226641997088387e-03	5.8832381730913753e-03	1.3837239595280399e-02
453	-7.5205864034213589e-03	5.8162455664475168e-03	1.3799078619406099e-02
454	-7.6177233189279525e-03	5.7485382229634915e-03	1.3761530662415880e-02
455	-7.7141797738092795e-03	5.6800139357546225e-03	1.3724966277540567e-02
456	-7.8100694998166666e-03	5.6106612119752692e-03	1.3689698574557771e-02
457	-7.9055814983084657e-03	5.5405897267360883e-03	1.3655834654654591e-02
458	-8.0008802869837112e-03	5.4697731427050178e-03	1.3623823062785851e-02
459	-8.0962267904726177e-03	5.3982838662788718e-03	1.3593744640612344e-02
460	-8.1918854222884797e-03	5.3262347001160988e-03	1.3565511295351284e-02
461	-8.2880089610740774e-03	5.2536134922381234e-03	1.3539367203732134e-02
462	-8.3847988863718255e-03	5.1805034912829635e-03	1.3515348513889486e-02
463	-8.4824936520038040e-03	5.1070074626240513e-03	1.3493487871126045e-02
464	-8.5813491704710455e-03	5.0332260585023644e-03	1.3473853709940597e-02
465	-8.6816458511828967e-03	4.9593421912896788e-03	1.3456367732922463e-02
466	-8.7836020187832767e-03	4.8856324210793511e-03	1.3440859565993930e-02
467	-8.8873189416652978e-03	4.8124294174087543e-03	1.3427126414262318e-02
468	-8.9927797591599686e-03	4.7400646751978364e-03	1.3414994524504132e-02
469	-9.0998503932117718e-03	4.6688047224534360e-03	1.3404336205362183e-02
470	-9.2082817597043936e-03	4.5988496667446616e-03	1.3395052559899243e-02
471	-9.3177989351039547e-03	4.5303168234169843e-03	1.3387020378267870e-02
472	-9.4282221923591269e-03	4.4632035419296563e-03	1.3380037852749738e-02
473	-9.5394575698630971e-03	4.3974790059304611e-03	1.3373846563193084e-02
474	-9.6512029323925306e-03	4.3330676552450643e-03	1.3368223532115638e-02
475	-9.7632372374075443e-03	4.2700388597963915e-03	1.3362930609419536e-02
476	-9.8752111237936212e-03	4.2084019827755862e-03	1.3357749709951355e-02
477	-9.9867894517685213e-03	4.1481851526717194e-03	1.3352435491820630e-02
478	-1.0097704063412436e-02	4.0894917776530034e-03	1.3346733488365809e-02
479	-1.0207739895920467e-02	4.0324754709914340e-03	1.3340439967827853e-02
480	-1.0316509370397161e-02	3.9770594021001481e-03	1.3333337263207796e-02
481	-1.0423645331607483e-02	3.9230648468762154e-03	1.3325224711308124e-02
482	-1.0528877855101563e-02	3.8701353832571225e-03	1.3315912943105952e-02
483	-1.0632024375998448e-02	3.8178119882024907e-03	1.3305234869917743e-02
484	-1.0732933437348024e-02	3.7656296291759665e-03	1.3293044607755853e-02
485	-1.0831526299329227e-02	3.7133051095270984e-03	1.3279346663002270e-02
486	-1.0927820075001638e-02	3.6607574211141524e-03	1.3264280451041598e-02
487	-1.1021971667852534e-02	3.6079880138290723e-03	1.3248096159557767e-02
488	-1.1114207986764671e-02	3.5549644129842330e-03	1.3231119951392379e-02
489	-1.1204716714800141e-02	3.5015637021733157e-03	1.3213719426167883e-02
490	-1.1293591781923887e-02	3.4476099674624109e-03	1.3196305407178139e-02
491	-1.1380855168601401e-02	3.3929978921903906e-03	1.3179334711945547e-02
492	-1.1466529711245968e-02	3.3377068125447105e-03	1.3163272397044779e-02
493	-1.1550665018682817e-02	3.2817635574508060e-03	1.3148549793444644e-02
494	-1.1633306754482767e-02	3.2252273058458051e-03	1.3135511106244085e-02
495	-1.1714471133055383e-02	3.1681741899679226e-03	1.3124399223299081e-02
496	-1.1794216950269202e-02	3.1106307563290520e-03	1.3115229853088958e-02
497	-1.1872518262827782e-02	3.0526389095890676e-03	1.3108102749484754e-02
498	-1.1949394709585573e-02	2.9941780868405544e-03	1.3102898345489994e-02
499	-1.2024862505633166e-02	2.9351950976729446e-03	1.3099361929956201e-02
500	-1.2098881926716855e-02	2.8756216801956551e-03	1.3097401348799637e-02
501	-1.2171424151808252e-02	2.8154140647546795e-03	1.3097059276484772e-02
502	-1.2242525177359400e-02	2.7545454555772658e-03	1.3098254439935956e-02
503	-1.2312112791073746e-02	2.6929998721186548e-03	1.3101171698076257e-02
504	-1.2380138798031961e-02	2.6307351714367263e-03	1.3106008490719596e-02
505	-1.2446595466447725e-02	2.5677123795672420e-03	1.3112787831474831e-02
506	-1.2511485081311157e-02	2.5039210061286220e-03	1.3121310706640049e-02
507	-1.2574779716462484e-02	2.4393694025235343e-03	1.3131404254733326e-02
508	-1.2636493719155428e-02	2.3741406241513173e-03	1.3142698850598121e-02
509	-1.2696594513330217e-02	2.3083729457633933e-03	1.3154876262920579e-02
510	-1.2755037686498754e-02	2.2422334609671145e-03	1.3167651446496538e-02
511	-1.2811776958227758e-02	2.1758895085769478e-03	1.3180769889597394e-02
512	-1.2866789971537765e-02	2.1094961819007672e-03	1.3194030587124915e-02
513	-1.2920054402799936e-02	2.0432138936995431e-03	1.3207262510459969e-02
514	-1.2971534491591614e-02	1.9772020661218866e-03	1.3220318340358667e-02
515	-1.3021199377775048e-02	1.9115895204868602e-03	1.3233085347382561e-02
516	-1.3069017482478964e-02	1.8464861204237320e-03	1.3245464860053050e-02
517	-1.3114923934645925e-02	1.7819978985419754e-03	1.3257403293645307e-02
518	-1.3158951082049295e-02	1.7182636719961725e-03	1.3268719148100964e-02
519	-1.3200983446079208e-02	1.6553736202500249e-03	1.3279379171675064e-02
520	-1.3240984839371949e-02	1.5934199000836897e-03	1.3289237342820878e-02
521	-1.3278864932061081e-02	1.5324987900775505e-03	1.3298274096217798e-02
522	-1.3314707462781235e-02	1.4727439970858127e-03	1.3306342440334927e-02
523	-1.3348328073868120e-02	1.4141975725143058e-03	1.3313697165688046e-02
524	-1.3379838659352642e-02	1.3569633038199365e-03	1.3320235399084671e-02
525	-1.3409190735597473e-02	1.3010354999432551e-03	1.3326019449582773e-02
526	-1.3436352651246562e-02	1.2463619005708977e-03	1.3331064699358094e-02
527	-1.3461345143930326e-02	1.1928849898624188e-03	1.3335354316932245e-02
528	-1.3484153840586134e-02	1.1405062968619008e-03	1.3338968830150077e-02
529	-1.3504747876879650e-02	1.0891247134834203e-03	1.3341992535907796e-02
530	-1.3523133627144001e-02	1.0386546803234922e-03	1.3344505446127091e-02
531	-1.3539321752260131e-02	9.8898906172418546e-04	1.3346613301438185e-02
532	-1.3553323748510608e-02	9.4001614862076533e-04	1.3348426649066852e-02
533	-1.3565149723182955e-02	8.9164379951095279e-04	1.3350049807289375e-02
534	-1.3574805724004992e-02	8.4378872153626253e-04	1.3351574472248022e-02
535	-1.3582290535304371e-02	7.9637190758550874e-04	1.3353098403907982e-02
536	-1.3587584972317709e-02	7.4931626727534268e-04	1.3354746615342732e-02
537	-1.3590668016175866e-02	7.0256678045874273e-04	1.3356666482957795e-02
538	-1.3591529922964411e-02	6.5609443107836200e-04	1.3358997402703757e-02
539	-1.3590141905724135e-02	6.0989390713769268e-04	1.3361809095186810e-02
540	-1.3586516193348910e-02	5.6403649210248763e-04	1.3365226302398425e-02
541	-1.3580646826095050e-02	5.1861054796771739e-04	1.3369304567531080e-02
542	-1.3572574375087064e-02	4.7377591002165711e-04	1.3374106097545578e-02
543	-1.3562394901077060e-02	4.2978005836362578e-04	1.3379746158520276e-02
544	-1.3550255515197129e-02	3.8692316283642008e-04	1.3386373565126859e-02
545	-1.3536331208284071e-02	3.4541433122484074e-04	1.3393896447937223e-02
546	-1.3520740902379898e-02	3.0548920081830555e-04	1.3402432561594945e-02
547	-1.3503626016817016e-02	2.6732161928369339e-04	1.3412125779595104e-02
548	-1.3485165201676638e-02	2.3094977928508334e-04	1.3422972564715335e-02
549	-1.3465471157577230e-02	1.9649102443208605e-04	1.3435171559237680e-02
550	-1.3444611742707561e-02	1.6408069295015176e-04	1.3448933313212456e-02
551	-1.3422676307478070e-02	1.3375750375934633e-04	1.3464259347581850e-02
552	-1.3399742708423965e-02	1.0567178769195433e-04	1.3481298830037044e-02
553	-1.3375906692098599e-02	7.9908438862386652e-05	1.3500092949557714e-02
554	-1.3351284147013314e-02	5.6543091856744484e-05	1.3520631427841675e-02
555	-1.3325961476221669e-02	3.5660897782714261e-05	1.3542859946028689e-02
556	-1.3299969715034865e-02	1.7319682266692457e-05	1.3566698337285575e-02
557	-1.3273310289768393e-02	1.4996544561213618e-06	1.3592066288850917e-02
558	-1.3245939501522334e-02	-1.1886202284791952e-05	1.3618929597409747e-02
559	-1.3217761344763334e-02	-2.2976482304217460e-05	1.3647296044823707e-02
560	-1.3188650202217688e-02	-3.1974153228640702e-05	1.3677160789643424e-02
561	-1.3158480585935639e-02	-3.9119399438422696e-05	1.3708450000414514e-02
562	-1.3127075382036403e-02	-4.4600551669902001e-05	1.3741160396860502e-02
563	-1.3094264792023158e-02	-4.8591677975920118e-05	1.3775131352082508e-02
564	-1.3059857311437665e-02	-5.1155338953789712e-05	1.3810222537054315e-02
565	-1.3023707761456333e-02	-5.2302052756352348e-05	1.3846251131895944e-02
566	-1.2985855421867488e-02	-5.2020023461066572e-05	1.3882967747662596e-02
567	-1.2946666525358750e-02	-5.0300016167079282e-05	1.3920066308728560e-02
568	-1.2906509960196716e-02	-4.7063821851480926e-05	1.3957220733248099e-02
569	-1.2865801205899164e-02	-4.2409612185032729e-05	1.3994044091644946e-02
570	-1.2824792751712166e-02	-3.6597325262228903e-05	1.4030188495145512e-02
571	-1.2783672439852250e-02	-2.9985355254069545e-05	1.4065320413321642e-02
572	-1.2742685901391267e-02	-2.3056275418132203e-05	1.4099130203956284e-02
573	-1.2702215309196017e-02	-1.6373317122780622e-05	1.4131378181426247e-02
574	-1.2662547349064263e-02	-1.0336180880500159e-05	1.4161780091414054e-02
575	-1.2623905266329172e-02	-5.1865483390084648e-06	1.4190052929280611e-02
576	-1.2586390636516781e-02	-1.0023810507490658e-06	1.4215922892918311e-02
577	-1.2550008749161028e-02	2.2762892405253113e-06	1.4239188861304149e-02
578	-1.2514661699596211e-02	4.7952377282041636e-06	1.4259714445112899e-02
579	-1.2480137225913611e-02	6.7095034759064039e-06	1.4277385204669164e-02
580	-1.2446119514581111e-02	8.1998320280869229e-06	1.4292095006498255e-02
581	-1.2412274240661905e-02	9.5414742204736626e-06	1.4303773713320084e-02
582	-1.2378358596441973e-02	1.1145410921115271e-05	1.4312357850181957e-02
583	-1.2344298896336404e-02	1.3618125320447708e-05	1.4317754130254021e-02
584	-1.2310084647484914e-02	1.7705991678039054e-05	1.4319830635355232e-02
585	-1.2275728981076747e-02	2.4171377225281115e-05	1.4318528359197375e-02
586	-1.2241276038613873e-02	3.3657807140209120e-05	1.4313735319256501e-02
587	-1.2206825772442625e-02	4.6580678475132140e-05	1.4305378412921635e-02
588	-1.2172505718382897e-02	6.3187508712227213e-05	1.4293435058406686e-02
589	-1.2138372841273065e-02	8.3573523768575882e-05	1.4278038091619918e-02
590	-1.2104424760539729e-02	1.0779186048781211e-04	1.4259236531431655e-02
591	-1.2070574822485275e-02	1.3580015130509738e-04	1.4237154651682547e-02
592	-1.2036695556992685e-02	1.6742697857115009e-04	1.4212001082052183e-02
593	-1.2002684609423891e-02	2.0241239028066267e-04	1.4183979256479223e-02
594	-1.1968518475184169e-02	2.4046329115531660e-04	1.4153186634683946e-02
595	-1.1934187512390941e-02	2.8122397574289901e-04	1.4119761501006980e-02
596	-1.1899685925737837e-02	3.2430284617752193e-04	1.4083837625935295e-02
597	-1.1864983912131106e-02	3.6930616487317139e-04	1.4045556425686393e-02
598	-1.1830041961518404e-02	4.1587198640298149e-04	1.4005093115537170e-02
599	-1.1794841326984287e-02	4.6369843152633937e-04	1.3962639130902531e-02
600	-1.1759374331625950e-02	5.1255026388022774e-04	1.3918409589694021e-02
601	-1.1723644069223412e-02	5.6225890097791125e-04	1.3872630476036162e-02
602	-1.1687673559139435e-02	6.1271014577073352e-04	1.3825512744471207e-02
603	-1.1651496389195885e-02	6.6381441048076937e-04	1.3777272498674055e-02
604	-1.1615158113659967e-02	7.1552015733417507e-04	1.3728121539819907e-02
605	-1.1578682232986776e-02	7.6780816714469688e-04	1.3678299906569656e-02
606	-1.1542141544846221e-02	8.2064268465450692e-04	1.3627869959914871e-02
607	-1.1505552561684099e-02	8.7406262454839314e-04	1.3577083517977989e-02
608	-1.1468999917262072e-02	9.2814555774642545e-04	1.3526041831808451e-02
609	-1.1432569891824838e-02	9.8298983329429259e-04	1.3474837588139416e-02
610	-1.1396309278505150e-02	1.0387194222522679e-03	1.3423612510914574e-02
611	-1.1360198976247340e-02	1.0954849171406628e-03	1.3372633665920538e-02
612	-1.1324321428984298e-02	1.1533624225259214e-03	1.3321831524458410e-02
613	-1.1288674480194643e-02	1.2124629094926709e-03	1.3271383036891741e-02
614	-1.1253269783278470e-02	1.2728636917071134e-03	1.3221404218921512e-02
615	-1.1218131979223231e-02	1.3346183121857105e-03	1.3171899365640789e-02
616	-1.1183277071620992e-02	1.3977619897166194e-03	1.3122863237470611e-02
617	-1.1148658575550958e-02	1.4623306215812374e-03	1.3074398049882981e-02
618	-1.1114259495734611e-02	1.5283328208210011e-03	1.3026531022836978e-02
619	-1.1080050605808833e-02	1.5957676814508596e-03	1.2979294466688942e-02
620	-1.1046022085670803e-02	1.6646311460392896e-03	1.2932707874630498e-02
621	-1.1012161951996965e-02	1.7349006213784087e-03	1.2886775444209920e-02
622	-1.0978448606421397e-02	1.8065076301185211e-03	1.2841488362825117e-02
623	-1.0944863787545616e-02	1.8793611051416003e-03	1.2796853174203275e-02
624	-1.0911364462671184e-02	1.9533566639437457e-03	1.2752902108662036e-02
625	-1.0877879436841712e-02	2.0283598344576275e-03	1.2709645021954343e-02
626	-1.0844357090075533e-02	2.1042071853547154e-03	1.2667037322515177e-02
627	-1.0810756402378512e-02	2.1807523274948899e-03	1.2625006162879024e-02
628	-1.0777056153786371e-02	2.2578664780150228e-03	1.2583532874302163e-02
629	-1.0743239832851394e-02	2.3354227991590872e-03	1.2542647351018928e-02
630	-1.0709286638333874e-02	2.4133088325238644e-03	1.2502350013523322e-02
631	-1.0675221832884279e-02	2.4913948608450347e-03	1.2462738056904775e-02
632	-1.0641080351547741e-02	2.5695432663388881e-03	1.2423960387642659e-02
633	-1.0606870157882017e-02	2.6476469513325024e-03	1.2385974294410362e-02
634	-1.0572587410788158e-02	2.7256177169994529e-03	1.2348873495809902e-02
635	-1.0538204515471739e-02	2.8033949493500255e-03	1.2312774781610173e-02
636	-1.0503686273339124e-02	2.8809512843453646e-03	1.2277729860603652e-02
637	-1.0468991538172842e-02	2.9582815029592555e-03	1.2243784751054925e-02
638	-1.0434037641405623e-02	3.0353470250271083e-03	1.2211111232277628e-02
639	-1.0398766336664814e-02	3.1121767089904769e-03	1.2179631841612585e-02
640	-1.0363063423236779e-02	3.1888015526355812e-03	1.2149429252161973e-02
641	-1.0326818985046123e-02	3.2653028726218366e-03	1.2120478290917201e-02
642	-1.0289935078775455e-02	3.3417745657381482e-03	1.2092704201429156e-02
643	-1.0252337217061175e-02	3.4182935127562378e-03	1.2065998383659278e-02
644	-1.0213962521840411e-02	3.4948925898649493e-03	1.2040218446219825e-02
645	-1.0174733389104703e-02	3.5715641520526584e-03	1.2015194197044637e-02
646	-1.0134524438115390e-02	3.6482643421815869e-03	1.1990743770811545e-02
647	-1.0093182358806022e-02	3.7249259147323225e-03	1.1966689008513332e-02
648	-1.0050563456545474e-02	3.8014439983984740e-03	1.1942858616437249e-02
649	-1.0006550226265927e-02	3.8777029502404577e-03	1.1919030475173790e-02
650	-9.9609807616229257e-03	3.9534936135876188e-03	1.1895191158561686e-02
651	-9.9137144252582389e-03	4.0287027055027347e-03	1.1871062728510283e-02
652	-9.8645812905839916e-03	4.1031996597634896e-03	1.1846502669152327e-02
653	-9.8133998875560464e-03	4.1768225716264174e-03	1.1821568259300376e-02
654	-9.7600661059771641e-03	4.2495708744977071e-03	1.1796027215558891e-02
655	-9.7045377145591298e-03	4.3214801767686578e-03	1.1769744019292363e-02
656	-9.6466934932190208e-03	4.3925152637938189e-03	1.1742750737995562e-02
657	-9.5864078482985182e-03	4.4626584366999466e-03	1.1714970769698413e-02
658	-9.5235884562229842e-03	4.5318981377104389e-03	1.1686307785938346e-02
659	-9.4581725870422663e-03	4.6001901318018451e-03	1.1656702533202371e-02
660	-9.3900664442335049e-03	4.6674460540783646e-03	1.1626169440907016e-02
661	-9.3192820724731680e-03	4.7335912361518200e-03	1.1594665432372466e-02
662	-9.2459422024181292e-03	4.7985424756891975e-03	1.1562121741539491e-02
663	-9.1702989580805961e-03	4.8622108806807562e-03	1.1528445670117318e-02
664	-9.0927342343395008e-03	4.9245309549480415e-03	1.1493560219222321e-02
665	-9.0136248196228761e-03	4.9854862147682526e-03	1.1457484320000228e-02
666	-8.9332094593926915e-03	5.0451060173117559e-03	1.1420363585450576e-02
667	-8.8517422980165014e-03	5.1034361622777314e-03	1.1382410454838197e-02
668	-8.7695604369339517e-03	5.1604917258078814e-03	1.1343872537365306e-02
669	-8.6870534212550917e-03	5.2162840026538804e-03	1.1305046683464595e-02
670	-8.6046230269494380e-03	5.2708560683417506e-03	1.1266247532613760e-02
671	-8.5225867454079389e-03	5.3242845289426357e-03	1.1227809120237325e-02
672	-8.4410977582145344e-03	5.3765861969277033e-03	1.1190037964852411e-02
673	-8.3603537975584247e-03	5.4278166697791829e-03	1.1153232134706807e-02
674	-8.2805043787550058e-03	5.4780935082411495e-03	1.1117658370506987e-02
675	-8.2016149842510482e-03	5.5276112125079149e-03	1.1083490058970819e-02
676	-8.1237247463890102e-03	5.5765889716402400e-03	1.1050823914882065e-02
677	-8.0469279568370876e-03	5.6252830138555842e-03	1.1019740677069498e-02
678	-7.9712665030540562e-03	5.6737935053333523e-03	1.0990162321748726e-02
679	-7.8967107318472073e-03	5.7221226326253285e-03	1.0961920403765703e-02
680	-7.8231092827878556e-03	5.7702376738238978e-03	1.0934794978745688e-02
681	-7.7502385276402722e-03	5.8181078876769227e-03	1.0908561655039296e-02
682	-7.6779180018212928e-03	5.8657083086713852e-03	1.0882965382432665e-02
683	-7.6060856860336572e-03	5.9130720118441490e-03	1.0857720243622868e-02
684	-7.5347431267837502e-03	5.9602289790243951e-03	1.0832491821356684e-02
685	-7.4638868711227541e-03	6.0071835759074885e-03	1.0806902806296178e-02
686	-7.3934750294755236e-03	6.0539081038748881e-03	1.0780572280064392e-02
687	-7.3234611269518178e-03	6.1003588542423758e-03	1.0753146120508367e-02
688	-7.2538266558564678e-03	6.1465195669503378e-03	1.0724319518363964e-02
689	-7.1845473092916057e-03	6.1924144856365850e-03	1.0693864790779068e-02
690	-7.1155872321704431e-03	6.2381058151274897e-03	1.0661616544217866e-02
691	-7.0469181263376418e-03	6.2836813707880228e-03	1.0627470161434994e-02
692	-6.9785283937248326e-03	6.3292150785347603e-03	1.0591398701217459e-02
693	-6.9103967981839357e-03	6.3747352939123912e-03	1.0553468280020767e-02
694	-6.8425354637934857e-03	6.4201913433361802e-03	1.0513682497828540e-02
695	-6.7748908127473794e-03	6.4654986202451071e-03	1.0472251750631080e-02
696	-6.7074744029811109e-03	6.5105298205948700e-03	1.0429171887507596e-02
697	-6.6402994007005601e-03	6.5551669290710348e-03	1.0384261014112869e-02
698	-6.5733715575948884e-03	6.5993058588663970e-03	1.0337413008730234e-02
699	-6.5066350254442754e-03	6.6428708670838695e-03	1.0288910831788407e-02
700	-6.4401485567337942e-03	6.6858224717531020e-03	1.0238732421021343e-02
701	-6.3738538743738013e-03	6.7280971976248494e-03	1.0187191984534352e-02
702	-6.3077631328323719e-03	6.7696228256004373e-03	1.0134418807101952e-02
703	-6.2417977921490116e-03	6.8102969777410647e-03	1.0080770295346216e-02
704	-6.1760063685273054e-03	6.8500244307367966e-03	1.0026209103200059e-02
705	-6.1103147293444619e-03	6.8887022807868304e-03	9.9709919875972629e-03
706	-6.0447310125099586e-03	6.9262528904145025e-03	9.9151750721190347e-03
707	-5.9792558086902113e-03	6.9626290758758105e-03	9.8588425875992865e-03
708	-5.9138834952873476e-03	6.9978157580939228e-03	9.8020644285659805e-03
709	-5.8486134333757033e-03	7.0317986669840423e-03	9.7449196290520703e-03
710	-5.7834370027958458e-03	7.0645624443870176e-03	9.6875069896947049e-03
711	-5.7183394141523429e-03	7.0961011822947267e-03	9.6299573119683051e-03
712	-5.6533135733302644e-03	7.1264152151760208e-03	9.5724312830108137e-03
713	-5.5883672300424325e-03	7.1554948751790335e-03	9.5150592351125989e-03
714	-5.5235133810447642e-03	7.1833115167579059e-03	9.4578969683790509e-03
715	-5.4587229280873241e-03	7.2098153710255641e-03	9.4010108948267505e-03
716	-5.3940388210147391e-03	7.2350151916347489e-03	9.3442569151522062e-03
717	-5.3293717026590597e-03	7.2588468404099120e-03	9.2877105856742533e-03
718	-5.2647252403263262e-03	7.2813263588032643e-03	9.2313334405514924e-03
719	-5.2001026804542336e-03	7.3024998780131202e-03	9.1751103396644478e-03
720	-5.1354628553668263e-03	7.3223965410367606e-03	9.1190739367699673e-03
721	-5.0707595092152830e-03	7.3410780873277570e-03	9.0632125612081244e-03
722	-5.0060088267936441e-03	7.3586281519016803e-03	9.0075025396693671e-03
723	-4.9412147205711542e-03	7.3751474857839507e-03	8.9519721186052635e-03
724	-4.8763776931867071e-03	7.3907474546548611e-03	8.8966441563927516e-03
725	-4.8115119359159785e-03	7.4055122168356228e-03	8.8415298554085035e-03
726	-4.7466685727096175e-03	7.4194975223376078e-03	8.7866583069457146e-03
727	-4.6818459785728222e-03	7.4327491491483280e-03	8.7320135252935121e-03
728	-4.6170817458167420e-03	7.4453045993660184e-03	8.6776044849273988e-03
729	-4.5524179829263180e-03	7.4572022482441531e-03	8.6234094493323650e-03
730	-4.4878732667852014e-03	7.4684885630950746e-03	8.5693802036627652e-03
731	-4.4234462148431053e-03	7.4792044669146343e-03	8.5154725285464736e-03
732	-4.3591607886910117e-03	7.4893758709759055e-03	8.4616671020060555e-03
733	-4.2950495561647345e-03	7.4989956333392878e-03	8.4079386689313185e-03
734	-4.2311369064361769e-03	7.5080076888893949e-03	8.3542319558300004e-03
735	-4.1674297348888653e-03	7.5162956112798879e-03	8.3004923179433639e-03
736	-4.1038893674559878e-03	7.5236780434510594e-03	8.2466861745556612e-03
737	-4.0404297665327504e-03	7.5298892009285252e-03	8.1927645816325979e-03
738	-3.9769509938444598e-03	7.5347225292461727e-03	8.1388489493792546e-03
739	-3.9134208508701841e-03	7.5379534544953745e-03	8.0848862337717670e-03
740	-3.8497874186944601e-03	7.5393890289509038e-03	8.0307914255384038e-03
741	-3.7859738448858286e-03	7.5389420523743825e-03	7.9766405319142367e-03
742	-3.7219337023860484e-03	7.5364508949024534e-03	7.9224016562366301e-03
743	-3.6576517909654876e-03	7.5316799872507988e-03	7.8678787189757748e-03
744	-3.5931001856113337e-03	7.5245695627980599e-03	7.8132593185528277e-03
745	-3.5282859165814925e-03	7.5149448288851835e-03	7.7585615313074908e-03
746	-3.4632272760512163e-03	7.5026011032206553e-03	7.7037387891280631e-03
747	-3.3979257404890715e-03	7.4873256488968438e-03	7.6487396304910195e-03
748	-3.3323799055637554e-03	7.4689549387961874e-03	7.5936451320323464e-03
749	-3.2666312385951392e-03	7.4473201535774020e-03	7.5384863268578043e-03
750	-3.2007080827155176e-03	7.4222734624172807e-03	7.4832909433377578e-03
751	-3.1346202544604959e-03	7.3937002646568299e-03	7.4280558424419134e-03
752	-3.0683844780724397e-03	7.3615320317360119e-03	7.3727538977807396e-03
753	-3.0020358462370623e-03	7.3257441393471089e-03	7.3173478741273296e-03
754	-2.9356270943853330e-03	7.2863536776954759e-03	7.2618146941660459e-03
755	-2.8692220586233070e-03	7.2433882394768653e-03	7.2061703043502720e-03
756	-2.8028834478751575e-03	7.1968334497330812e-03	7.1504618662702217e-03
757	-2.7366607195158836e-03	7.1466270660779010e-03	7.0947532201379440e-03
758	-2.6706242493311915e-03	7.0927132224070004e-03	7.0391363616601216e-03
759	-2.6048780388681536e-03	7.0350467439044898e-03	6.9837051523114341e-03
760	-2.5393427090456772e-03	6.9736373063488608e-03	6.9285921317133745e-03
761	-2.4740412218140521e-03	6.9085069027150971e-03	6.8738715565202614e-03
762	-2.4089021073119368e-03	6.8398587102537029e-03	6.8196666224900693e-03
763	-2.3438441601001934e-03	6.7679765040529359e-03	6.7661170280255570e-03
764	-2.2788547510900568e-03	6.6931538302155138e-03	6.7133735301504408e-03
765	-2.2140710480441318e-03	6.6157587334396027e-03	6.6615854176682119e-03
766	-2.1493985560427560e-03	6.5362114788156825e-03	6.6107970853025626e-03
767	-2.0849024182864506e-03	6.4547549171467978e-03	6.5610936259949595e-03
768	-2.0205628146484607e-03	6.3715088284566727e-03	6.5124697784019444e-03
769	-1.9564543721234113e-03	6.2864959445127723e-03	6.4649967187701786e-03
770	-1.8925741458722118e-03	6.1996668254914403e-03	6.4186444912425296e-03
771	-1.8289098408306179e-03	6.1109505493409742e-03	6.3734595151920467e-03
772	-1.7654248956973555e-03	6.0202864545102668e-03	6.3295507313191153e-03
773	-1.7021348508192687e-03	5.9275951151267102e-03	6.2870455082492871e-03
774	-1.6390919945964613e-03	5.8327352732706001e-03	6.2459865324274661e-03
775	-1.5763428023690314e-03	5.7355019756021291e-03	6.2063479766013910e-03
776	-1.5138635209344822e-03	5.6356437076838023e-03	6.1681209551867162e-03
777	-1.4515902315678912e-03	5.5329155716873366e-03	6.1313146891880761e-03
778	-1.3894926414771192e-03	5.4271252749757398e-03	6.0959021449980243e-03
779	-1.3275677511022531e-03	5.3181333331725573e-03	6.0617869537201458e-03
780	-1.2658336800878043e-03	5.2058219161986276e-03	6.0288380696130461e-03
781	-1.2042946542521076e-03	5.0900806381014504e-03	5.9969333447002521e-03
782	-1.1429589269419237e-03	4.9708893159225304e-03	5.9657916943736834e-03
783	-1.0818154555469856e-03	4.8482194365333259e-03	5.9351866131328495e-03
784	-1.0208313734817412e-03	4.7221158504021209e-03	5.9048930485547831e-03
785	-9.5998492983660191e-04	4.5927102417815729e-03	5.8746240977336998e-03
786	-8.9927314285434014e-04	4.4601714342002545e-03	5.8440504709256240e-03
787	-8.3865189045832507e-04	4.3246558252569784e-03	5.8130801175163230e-03
788	-7.7813986178355225e-04	4.1863479337083077e-03	5.7814533290018646e-03
789	-7.1774745147078754e-04	4.0454552731884180e-03	5.7489128004818008e-03
790	-6.5742447720791499e-04	3.9021926452808752e-03	5.7154041809913273e-03
791	-5.9715229317375057e-04	3.7567551661102428e-03	5.6807327144998560e-03
792	-5.3691347620529663e-04	3.6093163699956010e-03	5.6447231909920520e-03
793	-4.7664825535964845e-04	3.4600319749444001e-03	5.6074101654208118e-03
794	-4.1632445822736429e-04	3.3089916932963022e-03	5.5686671692019444e-03
795	-3.5585937800483916e-04	3.1562545326985847e-03	5.5284597018532130e-03
796	-2.9517276266252207e-04	3.0018750086008156e-03	5.4867645821285579e-03
797	-2.3418744139035305e-04	2.8458860379234736e-03	5.4435736529448138e-03
798	-1.7284448733963635e-04	2.6883110339091668e-03	5.3988871258853228e-03
799	-1.1110299230252618e-04	2.5291776759765738e-03	5.3527004913092383e-03
800	-4.8912452569275840e-05	2.3685006405705211e-03	5.3049874066141197e-03
801	1.3774312449189577e-05	2.2063035339548631e-03	5.2557139413013749e-03
802	7.6992641836066524e-05	2.0426519379017250e-03	5.2048841836240594e-03
803	1.4077304852402268e-04	1.8776397809777046e-03	5.1526013762746613e-03
804	2.0505481198743563e-04	1.7113451668269511e-03	5.0988760752083166e-03
805	2.6982897374778657e-04	1.5438713418391894e-03	5.0439106164515655e-03
806	3.3503951137029613e-04	1.3752996053011039e-03	4.9878155352541843e-03
807	4.0061379493948503e-04	1.2056972061461606e-03	4.9307848517527626e-03
808	4.6650347697496723e-04	1.0351243560089321e-03	4.8730456048806207e-03
809	5.3267786084592412e-04	8.6366431983314217e-04	4.8148638737320389e-03
810	5.9898681588665948e-04	6.9131642105594898e-04	4.7563088033911304e-03
811	6.6534115945122443e-04	5.1806593343728760e-04	4.6975414609839910e-03
812	7.3168361974051792e-04	3.4391059848479938e-04	4.6387425155269826e-03
813	7.9797919756488566e-04	1.6883062012653960e-04	4.5800627364984718e-03
814	8.6414914421388794e-04	-7.2421332688840107e-06	4.5215836766337551e-03
815	9.3016450206957128e-04	-1.8437138126676451e-04	4.4633599378295389e-03
816	9.9596988916727342e-04	-3.6267819912940932e-04	4.4053982915463119e-03
817	1.0615232727999220e-03	-5.4226518300097993e-04	4.3476769319052821e-03
818	1.1267450767716153e-03	-7.2320660906333677e-04	4.2901695668263020e-03
819	1.1915604208498915e-03	-9.0557901940713920e-04	4.2328787168171220e-03
820	1.2559173310507316e-03	-1.0894649829969801e-03	4.1758168380976483e-03
821	1.3197601530404043e-03	-1.2749269186349756e-03	4.1189865675476606e-03
822	1.3830240203730935e-03	-1.4619994425337207e-03	4.0623720508185012e-03
823	1.4456416117530496e-03	-1.6507284540434233e-03	4.0059242792224309e-03
824	1.5075794726181521e-03	-1.8411620817599967e-03	3.9495762848262266e-03
825	1.5688494122920163e-03	-2.0333189563913573e-03	3.8932211559173594e-03
826	1.6294694997904850e-03	-2.2272124598732472e-03	3.8368628468116155e-03
827	1.6894609234962522e-03	-2.4228274320451542e-03	3.7803687805935834e-03
828	1.7488349282282058e-03	-2.6201305677898776e-03	3.7235464153759466e-03
829	1.8076021595863319e-03	-2.8190826408857751e-03	3.6662785777701640e-03
830	1.8657654200460994e-03	-3.0196851351830755e-03	3.6085018718850113e-03
831	1.9232609252995074e-03	-3.2218691734131823e-03	3.5498362331063266e-03
832	1.9800816133194615e-03	-3.4256717961811327e-03	3.4902883753226794e-03
833	2.0361912224325400e-03	-3.6310863911473293e-03	3.4297000159126782e-03
834	2.0915386364558182e-03	-3.8380635268748494e-03	3.3678731915077432e-03
835	2.1460912253715683e-03	-4.0465326447804853e-03	3.3046381506638446e-03
836	2.1998846666070613e-03	-4.2564440502175687e-03	3.2399700279197247e-03
837	2.2529740334942742e-03	-4.4676740758269598e-03	3.1738239751999374e-03
838	2.3054186499639391e-03	-4.6800414505642580e-03	3.1061828291434161e-03
839	2.3572412473811090e-03	-4.8933075847081980e-03	3.0370335729408208e-03
840	2.4084398601795058e-03	-5.1072029240417944e-03	2.9663758153141927e-03
841	2.4590278354389983e-03	-5.3214227441531281e-03	2.8942386098248169e-03
842	2.5090387669817931e-03	-5.5356609327489887e-03	2.8206702346089156e-03
843	2.5585226224120665e-03	-5.7496330931039834e-03	2.7457160440190792e-03
844	2.6075488881474834e-03	-5.9630937428188048e-03	2.6694425867387086e-03
845	2.6562036226874669e-03	-6.1758798754390229e-03	2.5919251680206778e-03
846	2.7045815876890447e-03	-6.3879270360214088e-03	2.5132480985159077e-03
847	2.7527709454313316e-03	-6.5992638633955072e-03	2.4334875684189150e-03
848	2.8009167372869247e-03	-6.8100649978119097e-03	2.3529321761757704e-03
849	2.8490323769851944e-03	-7.0204404987183307e-03	2.2718022065682051e-03
850	2.8970871566885033e-03	-7.2304612043305886e-03	2.1903894911949979e-03
851	2.9450779805433899e-03	-7.4401600229303099e-03	2.1090648514767423e-03
852	2.9929809015078299e-03	-7.6494967392682529e-03	2.0281668963753382e-03
853	3.0406686636985083e-03	-7.8583483239678380e-03	1.9479658190055438e-03
854	3.0880484974062416e-03	-8.0665699451935927e-03	1.8687478059437551e-03
855	3.1351068834815647e-03	-8.2740004692045850e-03	1.7907962091884392e-03
856	3.1818030279317823e-03	-8.4804774149643113e-03	1.7143219791549576e-03
857	3.2281531116510141e-03	-8.6859245683895466e-03	1.6395067761804008e-03
858	3.2743059774673132e-03	-8.8904271791323281e-03	1.5665370282302111e-03
859	3.3201877171029010e-03	-9.0941002164865153e-03	1.4954179638571432e-03
860	3.3658308284130350e-03	-9.2971330716126541e-03	1.4261543597084356e-03
861	3.4112269831994709e-03	-9.4996590572641992e-03	1.3586545047391989e-03
862	3.4563879944595668e-03	-9.7017739327827646e-03	1.2927400468844032e-03
863	3.5013650340553911e-03	-9.9035646888614350e-03	1.2282170513234372e-03
864	3.5461826188286903e-03	-1.0105128087413321e-02	1.1648845699408822e-03
865	3.5908441672400028e-03	-1.0306521060854045e-02	1.1025122622470998e-03
866	3.6353685905559205e-03	-1.0507680240532695e-02	1.0408726940166273e-03
867	3.6797818580923680e-03	-1.0708439929425948e-02	9.7978672987388080e-04
868	3.7241516106664633e-03	-1.0908616703309221e-02	9.1912800821200753e-04
869	3.7685478688594693e-03	-1.1108046431182718e-02	8.5880995549297487e-04
870	3.8130019321233203e-03	-1.1306703116921411e-02	7.9874446668073474e-04
871	3.8574769770997517e-03	-1.1504615038793062e-02	7.3884603477884358e-04
872	3.9019098833489364e-03	-1.1701874000623792e-02	6.7896388255158150e-04
873	3.9461979298513576e-03	-1.1898590173805946e-02	6.1889372783916028e-04
874	3.9902168371438616e-03	-1.2094830323316225e-02	5.5839202981453518e-04
875	4.0338390929267843e-03	-1.2290501104236623e-02	4.9732039419739260e-04
876	4.0769353248919019e-03	-1.2485510055105106e-02	4.3550513995319176e-04
877	4.1193559274121097e-03	-1.2679760978514776e-02	3.7274539755220254e-04
878	4.1609864274178409e-03	-1.2873168008073674e-02	3.0891734521105893e-04
879	4.2017102388283286e-03	-1.3065735553086063e-02	2.4384067262472591e-04
880	4.2414338244361038e-03	-1.3257489744955348e-02	1.7737428269402981e-04
881	4.2801433732002148e-03	-1.3448472041327058e-02	1.0954654635437552e-04
882	4.3177967176618801e-03	-1.3638788563380320e-02	4.0285158007308265e-05
883	4.3543786022324079e-03	-1.3828539883970594e-02	-3.0436666184820763e-05
884	4.3898777201777702e-03	-1.4017823788616801e-02	-1.0261421520271412e-04
885	4.4242944730308043e-03	-1.4206698897228628e-02	-1.7626661533965408e-04
886	4.4576444080458438e-03	-1.4395172672263323e-02	-2.5148742586660934e-04
887	4.4899349376061092e-03	-1.4583163736123500e-02	-3.2844069184533888e-04
888	4.5211672187190476e-03	-1.4770529893180151e-02	-4.0733310040943680e-04
889	4.5513519186567439e-03	-1.4957112296266584e-02	-4.8829589185366636e-04
890	4.5804848994397416e-03	-1.5142733284428361e-02	-5.7136548044011261e-04
891	4.6085713717122310e-03	-1.5327213895082405e-02	-6.5648310440027848e-04
892	4.6355781047715738e-03	-1.5510389812195999e-02	-7.4369854159783667e-04
893	4.6615676655655672e-03	-1.5692126482375324e-02	-8.3274183615418800e-04
894	4.6865152191906826e-03	-1.5872332166905031e-02	-9.2348920079730879e-04
895	4.7104083033448086e-03	-1.6050966037751975e-02	-1.0157057485005868e-03
896	4.7331266480710316e-03	-1.6227978646971973e-02	-1.1094794114717256e-03
897	4.7547730649445613e-03	-1.6403381804646074e-02	-1.2043116220101348e-03
898	4.7752488310117587e-03	-1.6577145745752992e-02	-1.3002691075189711e-03
899	4.7945324851712415e-03	-1.6749274469792887e-02	-1.3972527174293033e-03
900	4.8126640103391301e-03	-1.6919839105985515e-02	-1.4950026128857810e-03
901	4.8295696593250934e-03	-1.7088870307422309e-02	-1.5934413146943376e-03
902	4.8451942526825872e-03	-1.7256381574105185e-02	-1.6924680838867705e-03
903	4.8594828587439839e-03	-1.7422375711650478e-02	-1.7920079717469149e-03
904	4.8723716417151232e-03	-1.7586851549865414e-02	-1.8920163968629254e-03
905	4.8837846660646483e-03	-1.7749800077171439e-02	-1.9924776164420956e-03
906	4.8936700100584724e-03	-1.7911216808713548e-02	-2.0933627989312706e-03
907	4.9020079544794398e-03	-1.8071091506411931e-02	-2.1946079691260219e-03
908	4.9087873105409770e-03	-1.8229421429313886e-02	-2.2961269949045415e-03
909	4.9139884872681948e-03	-1.8386209947363851e-02	-2.3978338446080764e-03
910	4.9175977006945407e-03	-1.8541465035299878e-02	-2.4996285292667010e-03
911	4.9196110035911837e-03	-1.8695202875055751e-02	-2.6014098133249862e-03
912	4.9200074081585526e-03	-1.8847446160500457e-02	-2.7030967388342628e-03
913	4.9187814437657946e-03	-1.8998197180826529e-02	-2.8046086911909093e-03
914	4.9159105911049088e-03	-1.9147428354582201e-02	-2.9058953433966938e-03
915	4.9114376722735305e-03	-1.9295096044896577e-02	-3.0068971179075823e-03
916	4.9054276514139510e-03	-1.9441155325007821e-02	-3.1075930821912183e-03
917	4.8979361616550568e-03	-1.9585562361696406e-02	-3.2079907639079824e-03
918	4.8890087596959401e-03	-1.9728238951969831e-02	-3.3080810658056682e-03
919	4.8787873477107646e-03	-1.9869128109235391e-02	-3.4078711478563082e-03
920	4.8673200602259549e-03	-2.0008140839875937e-02	-3.5072857254448888e-03
921	4.8547085438768577e-03	-2.0145169394996262e-02	-3.6062607953644171e-03
922	4.8410758223227188e-03	-2.0280137057285388e-02	-3.7047561828434227e-03
923	4.8264972621890048e-03	-2.0412967943017349e-02	-3.8027478289018317e-03
924	4.8109891547229765e-03	-2.0543546021442954e-02	-3.9001765550894184e-03
925	4.7945634167721402e-03	-2.0671797439786716e-02	-3.9970279334596319e-03
926	4.7771807879720529e-03	-2.0797695312801973e-02	-4.0932704995272394e-03
927	4.7587851363940269e-03	-2.0921234295253891e-02	-4.1888544128849334e-03
928	4.7392575319531545e-03	-2.1042374987025120e-02	-4.2837019595655928e-03
929	4.7183778061981214e-03	-2.1161115511885552e-02	-4.3779199093266601e-03
930	4.6958722225483090e-03	-2.1277292203125710e-02	-4.4715367128284897e-03
931	4.6715361637982913e-03	-2.1390758576123148e-02	-4.5646477586032278e-03
932	4.6453033738403232e-03	-2.1501440768093936e-02	-4.6572981940400564e-03
933	4.6172195773014658e-03	-2.1609335149748540e-02	-4.7494446982855329e-03
934	4.5874052160510938e-03	-2.1714502152899287e-02	-4.8410029679117061e-03
935	4.5559790317693822e-03	-2.1817041918683409e-02	-4.9320117683171070e-03
936	4.5230250480840688e-03	-2.1916986331340996e-02	-5.0224260278686015e-03
937	4.4885446684567454e-03	-2.2014444194711845e-02	-5.1124573894398232e-03
938	4.4525028969891302e-03	-2.2109497985328599e-02	-5.2023642336608642e-03
939	4.4148789835525776e-03	-2.2202126188146487e-02	-5.2922848092535526e-03
940	4.3756530675811449e-03	-2.2292220949756820e-02	-5.3822717372776722e-03
941	4.3348576713224882e-03	-2.2379795360711559e-02	-5.4726275352547961e-03
942	4.2926306303505170e-03	-2.2464686942077157e-02	-5.5633039768367230e-03
943	4.2491906499972565e-03	-2.2546813878734223e-02	-5.6543612563872961e-03
944	4.2047854581242321e-03	-2.2626074564772395e-02	-5.7457691232197135e-03
945	4.1596462990129857e-03	-2.2702285296750779e-02	-5.8373716621529211e-03
946	4.1139147091809247e-03	-2.2775280249296880e-02	-5.9290907508932162e-03
947	4.0676636795502919e-03	-2.2844910227021967e-02	-6.0209047997073018e-03
948	4.0209742620540088e-03	-2.2911037447343390e-02	-6.1128766982813830e-03
949	3.9739571883140069e-03	-2.2973496871940363e-02	-6.2050832440984074e-03
950	3.9267584523290742e-03	-2.3032083318874304e-02	-6.2975502116046226e-03
951	3.8795506194051407e-03	-2.3086591336638002e-02	-6.3902727591719170e-03
952	3.8324366260469997e-03	-2.3136820661966730e-02	-6.4832237405755971e-03
953	3.7853989968102721e-03	-2.3182610809070532e-02	-6.5763413643453086e-03
954	3.7383002885198837e-03	-2.3223929225352460e-02	-6.6695660838842624e-03
955	3.6909053142195371e-03	-2.3260875097786564e-02	-6.7629003645433630e-03
956	3.6429310839495781e-03	-2.3293592948023599e-02	-6.8564073030927750e-03
957	3.5941140397718224e-03	-2.3322267596319213e-02	-6.9501854376340993e-03
958	3.5443847199048049e-03	-2.3347142279257896e-02	-7.0443120751849933e-03
959	3.4935922392227018e-03	-2.3368447808905578e-02	-7.1387664882593526e-03
960	3.4416641476487796e-03	-2.3386353609286162e-02	-7.2335106703852303e-03
961	3.3884048437522346e-03	-2.3400976953972506e-02	-7.3284374069825719e-03
962	3.3336788414895721e-03	-2.3412395177984394e-02	-7.4235394608350982e-03
963	3.2772969772869916e-03	-2.3420750063659086e-02	-7.5186117481350328e-03
964	3.2191911161811811e-03	-2.3426191069669665e-02	-7.6135587103089925e-03
965	3.1593803137891035e-03	-2.3428895761328200e-02	-7.7082931802320833e-03
966	3.0979836954035589e-03	-2.3429039871470315e-02	-7.8026708516364595e-03
967	3.0351024356948205e-03	-2.3426758712143503e-02	-7.8965266006314466e-03
Integral: 2.3318256125531589e-01
gravity: 2.0000000000000000e-02	0.0000000000000000e+00	-9.7479999999999993e+00
