1177600	2647	2291	2222	2277	3049	2637	
1177760	2656	2365	2203	2285	3031	2630	
1177920	2672	2416	2208	2284	3024	2621	
1178080	2695	2445	2205	2256	3022	2619	
1178240	2721	2448	2214	2224	3008	2616	
1178400	2750	2438	2183	2196	2991	2616	
1178560	2805	2452	2154	2190	2995	2628	
1178720	2839	2462	2161	2206	3012	2647	
1178880	2868	2469	2184	2219	3031	2665	
1179040	2889	2462	2223	2213	3044	2680	
1179201	2888	2451	2235	2208	3039	2697	
1179360	2911	2450	2234	2210	3047	2715	
1179521	2910	2423	2228	2216	3056	2739	
1179681	2918	2413	2240	2224	3063	2760	
1179840	2915	2401	2246	2231	3070	2780	
1180000	2913	2376	2249	2236	3075	2799	
1180161	2906	2360	2251	2242	3082	2817	
1180320	2891	2360	2252	2252	3085	2836	
1180480	2864	2361	2251	2259	3097	2854	
1180640	2853	2355	2257	2266	3103	2866	
1180800	2821	2355	2270	2268	3108	2879	
1180960	2775	2348	2282	2270	3097	2885	
1181120	2766	2337	2289	2269	3086	2890	
1181280	2760	2339	2290	2270	3083	2884	
1181440	2751	2338	2292	2271	3080	2882	
1181600	2728	2347	2301	2276	3082	2878	
1181760	2708	2348	2306	2281	3078	2869	
1181920	2689	2358	2317	2285	3069	2858	
1182080	2683	2376	2319	2288	3061	2846	
1182240	2655	2397	2309	2299	3060	2834	
1182400	2633	2407	2318	2308	3063	2822	
1182560	2598	2417	2332	2311	3062	2813	
1182721	2577	2420	2333	2307	3057	2807	
1182880	2562	2431	2340	2303	3058	2797	
1183041	2549	2426	2353	2296	3056	2791	
1183201	2553	2427	2348	2295	3055	2784	
1183360	2545	2422	2346	2289	3057	2778	
1183520	2536	2429	2343	2287	3063	2776	
1183681	2533	2424	2353	2283	3063	2769	
1183840	2544	2428	2352	2283	3068	2768	
1184000	2553	2420	2365	2281	3070	2763	
1184160	2566	2421	2370	2280	3066	2756	
1184320	2573	2403	2377	2277	3061	2751	
1184480	2580	2404	2395	2282	3053	2746	
1184640	2589	2391	2409	2281	3057	2742	
1184800	2606	2396	2419	2277	3063	2740	
1184960	2616	2381	2434	2273	3072	2742	
1185120	2630	2378	2443	2265	3080	2748	
1185280	2645	2364	2438	2260	3088	2752	
1185440	2655	2350	2435	2259	3095	2753	
1185600	2664	2355	2430	2252	3092	2755	
1185760	2651	2333	2429	2247	3085	2753	
1185920	2653	2328	2417	2246	3065	2752	
1186080	2653	2307	2405	2250	3048	2747	
1186241	2645	2317	2385	2272	3026	2737	
1186400	2643	2325	2368	2285	3008	2728	
1186561	2651	2335	2345	2296	3000	2724	
1186722	2655	2343	2336	2300	2998	2720	
1186880	2658	2354	2320	2298	3004	2718	
1187041	2676	2363	2301	2298	3006	2716	
1187201	2689	2365	2286	2301	3002	2712	
1187360	2703	2370	2282	2309	2992	2706	
1187520	2726	2385	2291	2312	2982	2702	
1187680	2744	2392	2288	2314	2973	2702	
1187840	2781	2396	2279	2315	2969	2707	
1188000	2810	2388	2283	2320	2971	2716	
1188160	2844	2388	2280	2333	2976	2727	
1188320	2862	2398	2297	2346	2984	2736	
1188480	2897	2413	2299	2356	2992	2743	
1188640	2915	2436	2329	2359	2991	2745	
1188800	2920	2444	2347	2363	2993	2745	
1188960	2931	2464	2356	2368	3002	2743	
1189120	2935	2489	2358	2382	3010	2743	
1189280	2966	2497	2385	2391	3022	2751	
1189440	2989	2504	2409	2384	3034	2763	
1189600	2996	2495	2438	2358	3042	2775	
1189761	2983	2467	2474	2320	3040	2783	
1189920	2967	2425	2481	2278	3040	2786	
1190081	2948	2375	2451	2243	3036	2785	
1190241	2930	2338	2416	2218	3034	2787	
1190400	2924	2301	2344	2216	3029	2786	
1190561	2917	2279	2224	2231	3006	2780	
1190721	2913	2260	2115	2268	2975	2767	
1190880	2904	2280	2086	2300	2963	2765	
1191040	2911	2331	2069	2338	2960	2756	
1191200	2922	2385	2064	2377	2936	2743	
1191360	2924	2444	2060	2397	2911	2740	
1191520	2911	2476	2072	2403	2917	2749	
1191680	2900	2483	2068	2399	2931	2766	
1191840	2900	2477	2072	2401	2952	2786	
1192000	2894	2490	2105	2404	2985	2807	
1192160	2873	2537	2152	2410	3018	2828	
1192320	2847	2565	2214	2411	3038	2844	
1192480	2828	2575	2262	2393	3038	2860	
1192640	2786	2533	2258	2366	3010	2868	
1192800	2793	2476	2230	2350	2992	2881	
1192960	2818	2415	2213	2345	2990	2903	
1193120	2859	2377	2196	2355	2988	2912	
1193281	2896	2351	2177	2391	2992	2906	
1193440	2913	2355	2162	2440	2990	2899	
1193600	2953	2403	2158	2480	2989	2885	
1193761	2966	2425	2151	2507	2983	2871	
1193921	3001	2439	2142	2510	2985	2861	
1194080	3031	2432	2144	2514	2996	2853	
1194240	3029	2432	2155	2518	3011	2843	
1194400	3011	2431	2174	2525	3028	2825	
1194560	2997	2426	2180	2525	3038	2801	
1194720	2976	2410	2181	2523	3050	2775	
1194880	2942	2402	2196	2524	3057	2747	
1195040	2930	2398	2213	2527	3056	2716	
1195200	2938	2407	2215	2530	3049	2683	
1195360	2965	2417	2214	2528	3067	2651	
1195520	2959	2427	2221	2524	3089	2629	
1195680	2941	2440	2225	2522	3109	2611	
1195840	2914	2444	2239	2512	3127	2603	
1196000	2875	2456	2263	2502	3135	2595	
1196160	2849	2452	2271	2491	3129	2587	
1196320	2828	2442	2275	2477	3130	2587	
1196480	2796	2437	2278	2468	3134	2592	
1196640	2769	2419	2295	2465	3136	2596	
1196801	2736	2406	2305	2461	3134	2601	
1196960	2724	2404	2310	2458	3131	2606	
1197121	2701	2393	2320	2457	3129	2610	
1197281	2694	2386	2336	2455	3121	2617	
1197440	2664	2390	2329	2451	3113	2624	
1197600	2639	2372	2337	2449	3109	2627	
1197761	2631	2364	2339	2450	3109	2635	
1197920	2634	2373	2345	2451	3111	2638	
1198080	2620	2363	2354	2457	3113	2643	
1198240	2621	2356	2341	2458	3115	2652	
1198400	2617	2360	2350	2459	3119	2661	
1198560	2608	2357	2365	2462	3121	2672	
1198720	2601	2343	2359	2461	3117	2680	
1198880	2590	2350	2368	2461	3115	2685	
1199040	2589	2356	2366	2464	3112	2687	
1199200	2570	2358	2372	2465	3107	2692	
1199360	2570	2364	2372	2469	3102	2694	
1199520	2576	2376	2371	2475	3100	2695	
1199680	2589	2381	2380	2483	3103	2696	
1199840	2593	2398	2393	2485	3099	2690	
1200000	2584	2407	2400	2487	3085	2685	
1200160	2602	2417	2389	2487	3079	2681	
1200321	2587	2435	2387	2490	3074	2681	
1200480	2591	2447	2400	2493	3070	2682	
1200641	2598	2453	2414	2496	3069	2683	
1200800	2600	2449	2427	2501	3063	2687	
1200960	2592	2459	2435	2503	3058	2689	
1201121	2595	2459	2440	2510	3051	2689	
1201281	2601	2473	2441	2518	3042	2690	
1201440	2602	2477	2454	2524	3036	2690	
1201600	2610	2474	2459	2524	3020	2694	
1201760	2598	2458	2445	2516	3010	2698	
1201920	2606	2465	2404	2513	3000	2697	
1202080	2606	2467	2388	2511	2989	2699	
1202240	2615	2465	2354	2506	2983	2700	
1202400	2625	2448	2326	2496	2979	2701	
1202560	2638	2440	2316	2484	2981	2700	
1202720	2641	2437	2321	2475	2996	2705	
1202880	2656	2429	2326	2475	3004	2705	
1203040	2676	2426	2328	2464	3005	2703	
1203200	2715	2406	2311	2447	3008	2701	
1203360	2747	2390	2302	2425	3015	2704	
1203520	2779	2367	2288	2416	3023	2702	
1203680	2820	2353	2271	2405	3032	2702	
1203841	2851	2335	2256	2392	3035	2699	
1204000	2892	2318	2241	2377	3043	2695	
1204161	2931	2301	2250	2362	3044	2691	
1204321	2970	2287	2274	2355	3040	2688	
1204480	2985	2266	2318	2357	3028	2682	
1204641	3021	2263	2351	2363	3009	2681	
1204801	3041	2271	2370	2366	2997	2682	
1204960	3048	2272	2378	2367	2994	2687	
1205120	3065	2293	2391	2373	3003	2691	
1205280	3077	2330	2410	2383	3028	2696	
1205440	3081	2361	2444	2398	3047	2699	
1205600	3080	2396	2471	2425	3057	2696	
1205760	3067	2426	2474	2445	3071	2691	
1205920	3053	2444	2440	2459	3060	2690	
1206080	3034	2444	2383	2467	3059	2684	
1206240	3016	2454	2281	2465	3028	2672	
1206400	2995	2460	2218	2444	3003	2666	
1206560	3001	2479	2175	2435	3002	2660	
1206720	2988	2476	2130	2424	3005	2655	
1206880	2979	2456	2104	2399	3016	2653	
1207040	2936	2410	2076	2349	3029	2649	
1207200	2901	2383	2071	2312	3043	2643	
1207361	2870	2354	2053	2295	3052	2639	
1207520	2840	2329	2025	2286	3069	2638	
1207680	2798	2312	2033	2277	3086	2647	
1207841	2769	2307	2064	2273	3108	2653	
1208001	2738	2290	2123	2270	3130	2654	
1208160	2699	2261	2189	2251	3131	2654	
1208320	2669	2216	2232	2235	3126	2651	
1208480	2658	2197	2261	2236	3104	2644	
1208640	2657	2216	2257	2252	3075	2631	
1208800	2682	2252	2235	2277	3043	2617	
1208960	2707	2333	2213	2278	3032	2609	
1209120	2751	2371	2206	2262	3023	2600	
1209280	2781	2391	2197	2240	3009	2595	
1209440	2813	2412	2185	2222	2990	2591	
1209600	2851	2432	2181	2214	2984	2597	
1209760	2875	2443	2172	2219	2995	2612	
1209920	2899	2459	2211	2238	3009	2629	
1210080	2892	2463	2235	2242	3020	2649	
1210240	2888	2477	2226	2243	3020	2664	
1210400	2879	2464	2232	2241	3019	2685	
1210560	2877	2448	2228	2242	3029	2708	
1210720	2875	2439	2235	2250	3039	2733	
1210881	2888	2417	2228	2252	3043	2752	
1211040	2888	2408	2231	2263	3050	2777	
1211201	2879	2387	2232	2266	3063	2802	
1211361	2869	2383	2243	2273	3079	2824	
1211520	2846	2365	2244	2274	3089	2845	
1211680	2828	2353	2251	2276	3095	2859	
1211841	2813	2343	2276	2282	3099	2871	
1212000	2795	2350	2282	2287	3096	2876	
1212160	2775	2349	2292	2286	3095	2877	
1212320	2759	2343	2296	2285	3091	2878	
1212480	2739	2339	2298	2291	3090	2872	
1212640	2732	2339	2309	2295	3088	2862	
1212800	2732	2353	2313	2299	3085	2854	
1212960	2721	2372	2317	2306	3078	2844	
1213120	2707	2390	2324	2316	3071	2830	
1213280	2682	2416	2325	2326	3070	2813	
1213440	2647	2422	2330	2329	3069	2796	
1213600	2617	2429	2336	2330	3063	2781	
1213760	2604	2444	2337	2331	3062	2771	
1213920	2579	2437	2346	2328	3062	2763	
1214080	2564	2434	2346	2326	3061	2758	
1214240	2574	2430	2338	2322	3057	2754	
1214401	2566	2430	2336	2321	3058	2747	
1214560	2559	2429	2341	2319	3058	2743	
1214720	2560	2415	2349	2317	3059	2743	
1214881	2556	2417	2355	2320	3061	2743	
1215040	2561	2412	2363	2317	3062	2743	
1215201	2571	2413	2374	2314	3063	2743	
1215361	2559	2402	2393	2311	3062	2744	
1215520	2561	2400	2402	2306	3055	2743	
1215680	2580	2387	2408	2304	3054	2744	
1215840	2603	2380	2418	2300	3062	2746	
1216000	2613	2369	2427	2294	3071	2754	
1216160	2632	2364	2424	2287	3082	2760	
1216320	2637	2355	2420	2279	3091	2765	
1216480	2647	2352	2410	2272	3093	2768	
1216640	2645	2340	2398	2269	3088	2764	
1216800	2644	2321	2393	2270	3077	2759	
1216960	2643	2315	2392	2272	3057	2750	
1217120	2639	2311	2386	2279	3035	2741	
1217280	2648	2296	2365	2290	3009	2733	
1217440	2650	2307	2350	2306	2990	2728	
1217600	2655	2320	2327	2325	2991	2725	
1217760	2657	2337	2326	2336	2987	2722	
1217921	2671	2368	2323	2334	2988	2719	
1218080	2683	2382	2328	2325	2986	2715	
1218241	2701	2368	2311	2321	2976	2712	
1218401	2727	2372	2295	2318	2966	2713	
1218560	2740	2386	2287	2316	2967	2715	
1218720	2775	2388	2288	2321	2973	2719	
1218881	2785	2399	2293	2326	2976	2725	
1219040	2819	2410	2279	2330	2978	2729	
1219200	2847	2420	2268	2332	2979	2733	
1219360	2872	2417	2264	2334	2983	2740	
1219520	2891	2427	2265	2338	2990	2743	
1219680	2911	2435	2276	2341	2991	2741	
1219840	2934	2439	2289	2343	2995	2739	
1220000	2948	2448	2315	2342	2995	2736	
1220160	2968	2465	2329	2349	3001	2736	
1220320	2981	2478	2353	2344	3011	2741	
1220480	3000	2476	2395	2320	3022	2746	
1220640	2997	2455	2426	2289	3030	2752	
1220800	2982	2418	2473	2254	3035	2754	
1220960	2963	2374	2489	2216	3034	2756	
1221120	2950	2340	2486	2183	3024	2756	
1221280	2948	2303	2458	2163	3013	2758	
1221441	2944	2277	2393	2162	2993	2759	
1221600	2958	2265	2285	2178	2976	2759	
1221760	2969	2250	2163	2219	2959	2760	
1221921	2970	2282	2116	2270	2957	2767	
1222081	2981	2350	2085	2320	2963	2772	
1222240	2990	2403	2075	2369	2956	2774	
1222400	2991	2467	2093	2393	2942	2778	
1222560	2974	2511	2099	2402	2937	2789	
1222720	2954	2516	2096	2399	2935	2803	
1222880	2940	2499	2090	2403	2948	2822	
1223040	2925	2503	2093	2410	2977	2840	
1223200	2899	2532	2118	2413	3014	2856	
1223360	2849	2560	2171	2409	3046	2869	
1223520	2810	2573	2244	2390	3061	2879	
1223680	2772	2533	2260	2369	3052	2893	
1223840	2745	2495	2227	2355	3025	2900	
1224000	2741	2450	2189	2340	3001	2908	
1224160	2751	2412	2158	2336	2992	2915	
1224320	2789	2359	2157	2346	3000	2928	
1224480	2806	2355	2170	2397	3013	2917	
1224640	2828	2380	2197	2446	3017	2908	
1224800	2857	2425	2201	2478	3014	2896	
1224960	2891	2456	2195	2488	3004	2885	
1225121	2915	2470	2193	2481	2997	2875	
1225281	2955	2461	2194	2468	2998	2864	
1225440	2968	2446	2198	2459	3001	2855	
1225600	2975	2424	2216	2460	3002	2836	
1225761	2989	2413	2217	2465	3000	2811	
1225921	2978	2402	2229	2465	3004	2787	
1226080	2946	2393	2236	2463	3006	2762	
1226240	2942	2391	2245	2463	3009	2735	
1226400	2987	2393	2251	2466	3016	2699	
1226560	2996	2378	2236	2463	3055	2672	
1226720	2982	2385	2249	2459	3091	2650	
1226880	2931	2397	2262	2456	3116	2633	
1227040	2927	2407	2269	2448	3138	2619	
1227200	2897	2416	2280	2437	3156	2603	
1227360	2847	2403	2287	2428	3168	2594	
1227520	2812	2410	2299	2426	3169	2589	
1227680	2773	2413	2294	2425	3170	2587	
1227840	2740	2412	2302	2424	3170	2584	
1228000	2706	2408	2310	2427	3168	2587	
1228160	2686	2402	2308	2430	3163	2588	
1228320	2666	2401	2311	2438	3163	2589	
1228481	2647	2403	2321	2440	3154	2590	
1228640	2623	2406	2329	2440	3146	2592	
1228801	2618	2395	2336	2438	3134	2592	
1228961	2603	2395	2327	2437	3134	2593	
1229120	2599	2392	2337	2441	3136	2595	
1229281	2581	2383	2351	2439	3134	2600	
1229441	2566	2356	2355	2437	3134	2607	
1229600	2553	2364	2369	2435	3136	2616	
1229760	2553	2359	2367	2438	3138	2628	
1229920	2560	2352	2370	2439	3139	2636	
1230080	2557	2352	2380	2440	3137	2649	
1230240	2563	2345	2387	2438	3132	2657	
1230400	2561	2343	2388	2435	3127	2665	
1230560	2566	2351	2391	2435	3121	2673	
1230720	2571	2346	2398	2436	3112	2678	
1230880	2580	2359	2405	2441	3097	2677	
1231040	2587	2370	2398	2446	3089	2679	
1231200	2597	2394	2396	2458	3083	2683	
1231360	2602	2404	2402	2468	3077	2685	
1231520	2614	2428	2406	2473	3071	2687	
1231680	2609	2441	2421	2478	3067	2689	
1231840	2607	2450	2432	2482	3057	2690	
1232001	2615	2458	2440	2487	3041	2689	
1232160	2617	2475	2454	2496	3030	2691	
1232321	2626	2478	2452	2501	3019	2691	
1232481	2621	2493	2451	2503	3006	2692	
1232640	2626	2499	2439	2505	2998	2693	
1232800	2629	2504	2418	2503	2990	2696	
1232961	2636	2500	2399	2498	2985	2700	
1233120	2644	2494	2392	2492	2981	2705	
1233280	2646	2504	2372	2488	2979	2710	
1233440	2652	2498	2346	2485	2974	2714	
1233600	2666	2495	2316	2483	2972	2717	
1233760	2680	2504	2311	2481	2973	2720	
1233920	2694	2497	2314	2475	2973	2722	
1234080	2723	2479	2315	2468	2973	2723	
1234240	2755	2454	2304	2456	2975	2724	
1234400	2783	2434	2300	2447	2976	2726	
1234560	2812	2417	2296	2433	2979	2726	
1234720	2853	2392	2288	2420	2983	2724	
1234880	2893	2366	2269	2403	2991	2723	
1235040	2929	2335	2254	2381	3004	2717	
1235200	2987	2306	2267	2369	3017	2710	
1235360	3019	2283	2291	2356	3018	2704	
1235521	3045	2265	2328	2352	3021	2697	
1235680	3053	2254	2362	2351	3016	2693	
1235841	3069	2247	2384	2344	3012	2686	
1236001	3070	2240	2395	2334	3012	2686	
1236160	3066	2240	2406	2330	3016	2687	
1236320	3064	2255	2423	2338	3029	2686	
1236480	3057	2276	2450	2360	3051	2689	
1236641	3027	2325	2473	2392	3073	2686	
1236801	3003	2383	2483	2418	3080	2685	
1236960	2973	2412	2437	2435	3073	2681	
1237120	2934	2451	2373	2443	3042	2669	
1237280	2906	2475	2244	2434	2990	2652	
1237440	2895	2497	2184	2428	2967	2648	
1237600	2887	2521	2161	2430	2984	2647	
1237760	2887	2512	2131	2408	2992	2647	
1237920	2889	2491	2124	2366	2999	2646	
1238080	2858	2423	2106	2325	3012	2645	
1238240	2826	2395	2086	2304	3023	2643	
1238400	2816	2373	2042	2297	3030	2644	
1238560	2811	2363	2003	2287	3050	2651	
1238720	2797	2335	2008	2265	3081	2665	
1238880	2771	2324	2067	2256	3105	2673	
1239041	2744	2317	2135	2245	3115	2672	
1239200	2743	2279	2177	2214	3101	2669	
1239361	2714	2249	2161	2200	3083	2660	
1239521	2719	2250	2162	2211	3070	2650	
1239680	2733	2274	2185	2247	3050	2638	
1239840	2740	2334	2200	2266	3011	2621	
1240001	2768	2377	2207	2260	2975	2600	
1240160	2824	2403	2184	2250	2946	2582	
1240320	2884	2434	2155	2250	2930	2574	
1240480	2934	2470	2140	2276	2952	2579	
1240640	2946	2492	2162	2306	2984	2585	
1240800	2959	2521	2199	2322	2996	2591	
1240960	2963	2544	2222	2320	3001	2604	
1241120	2963	2546	2222	2318	3010	2620	
1241280	2953	2526	2222	2316	3024	2647	
1241440	2939	2510	2232	2312	3037	2676	
1241600	2928	2487	2237	2310	3049	2706	
1241760	2914	2461	2238	2306	3060	2730	
1241920	2907	2440	2237	2301	3075	2757	
1242080	2895	2422	2231	2300	3092	2787	
1242240	2873	2392	2245	2299	3113	2814	
1242400	2838	2363	2262	2298	3121	2837	
1242561	2810	2342	2269	2295	3126	2854	
1242720	2775	2329	2283	2292	3120	2868	
1242881	2748	2338	2301	2289	3110	2871	
1243040	2745	2335	2303	2286	3093	2881	
1243200	2751	2326	2310	2281	3088	2886	
1243361	2752	2323	2308	2281	3091	2887	
1243521	2737	2316	2311	2281	3101	2886	
1243680	2719	2319	2323	2285	3097	2878	
1243840	2697	2330	2317	2296	3088	2867	
1244000	2680	2333	2321	2305	3079	2855	
1244160	2655	2349	2320	2308	3078	2838	
1244320	2637	2368	2334	2316	3076	2824	
1244480	2606	2380	2339	2323	3067	2811	
1244640	2595	2388	2350	2326	3062	2802	
1244800	2583	2404	2347	2329	3058	2789	
1244960	2571	2411	2351	2329	3055	2779	
1245120	2566	2421	2351	2326	3053	2775	
1245280	2540	2429	2355	2325	3057	2767	
1245440	2549	2439	2361	2320	3059	2763	
1245600	2546	2427	2353	2311	3064	2761	
1245760	2543	2418	2362	2305	3072	2759	
1245920	2536	2413	2366	2296	3075	2755	
1246081	2538	2406	2370	2286	3083	2758	
1246240	2543	2393	2372	2280	3091	2762	
1246401	2563	2385	2367	2276	3095	2762	
1246561	2581	2371	2363	2272	3097	2763	
1246720	2589	2370	2375	2271	3101	2766	
1246880	2599	2350	2382	2269	3102	2767	
1247041	2613	2352	2394	2264	3099	2769	
1247200	2619	2337	2402	2258	3091	2769	
1247360	2624	2325	2414	2254	3082	2768	
1247520	2630	2306	2419	2247	3072	2768	
1247680	2638	2308	2417	2247	3063	2767	
1247840	2633	2286	2410	2250	3052	2763	
1248000	2636	2281	2414	2259	3032	2757	
1248160	2634	2284	2402	2266	3013	2747	
1248320	2628	2298	2387	2269	2999	2741	
1248480	2636	2303	2370	2282	2982	2730	
1248640	2659	2322	2358	2298	2979	2718	
1248800	2666	2347	2344	2310	2969	2715	
1248960	2680	2366	2322	2312	2963	2711	
1249120	2697	2375	2307	2309	2967	2712	
1249280	2722	2382	2295	2309	2968	2710	
1249440	2738	2389	2292	2312	2966	2708	
1249601	2772	2405	2291	2318	2961	2706	
1249760	2807	2422	2288	2319	2957	2707	
1249921	2837	2421	2294	2319	2959	2710	
1250081	2866	2428	2287	2319	2965	2715	
1250240	2892	2425	2287	2323	2970	2723	
1250400	2931	2422	2285	2331	2973	2724	
1250561	2952	2433	2300	2336	2977	2728	
1250720	2946	2435	2318	2340	2981	2731	
1250880	2960	2448	2337	2341	2990	2734	
1251040	2961	2456	2333	2344	3002	2740	
1251200	2983	2461	2350	2350	3013	2748	
1251360	3016	2460	2383	2350	3026	2760	
1251520	3020	2474	2414	2346	3041	2773	
1251680	3020	2458	2449	2330	3054	2784	
1251840	3007	2425	2481	2303	3064	2793	
1252000	2984	2380	2487	2274	3077	2800	
1252160	2969	2343	2472	2251	3073	2802	
1252320	2958	2308	2437	2238	3063	2798	
1252480	2953	2290	2386	2236	3044	2793	
1252640	2940	2268	2288	2252	3019	2783	
1252800	2932	2266	2196	2291	2993	2771	
1252960	2929	2290	2135	2323	2976	2762	
1253121	2927	2326	2087	2353	2973	2755	
1253280	2929	2371	2067	2389	2962	2755	
1253441	2937	2427	2079	2408	2966	2759	
1253601	2921	2457	2058	2415	2959	2763	
1253760	2908	2456	2052	2410	2965	2776	
1253920	2900	2443	2019	2412	2978	2794	
1254081	2879	2459	2014	2424	2999	2807	
1254240	2862	2507	2020	2446	3029	2821	
1254400	2816	2570	2084	2464	3061	2835	
1254560	2777	2604	2172	2467	3073	2849	
1254720	2755	2615	2244	2435	3062	2863	
1254880	2744	2575	2254	2386	3033	2873	
1255040	2765	2484	2234	2339	3016	2890	
1255200	2787	2394	2221	2319	3008	2906	
1255360	2833	2371	2211	2342	3008	2917	
1255520	2860	2354	2195	2396	3006	2908	
1255680	2894	2383	2189	2443	3007	2900	
1255840	2917	2397	2172	2476	3005	2887	
1256000	2938	2406	2165	2496	3007	2876	
1256160	2957	2425	2161	2513	3010	2871	
1256320	2976	2442	2161	2531	3023	2860	
1256480	2969	2451	2169	2548	3038	2845	
1256641	2949	2461	2189	2558	3045	2824	
1256800	2945	2460	2186	2560	3050	2796	
1256961	2938	2461	2187	2563	3055	2768	
1257121	2894	2467	2209	2568	3053	2734	
1257280	2862	2471	2229	2580	3029	2694	
1257441	2951	2476	2214	2576	3017	2644	
1257601	2978	2462	2203	2564	3045	2613	
1257760	2962	2462	2222	2561	3070	2587	
1257920	2937	2474	2229	2559	3096	2569	
1258080	2900	2478	2256	2544	3108	2561	
1258240	2879	2467	2264	2526	3109	2549	
1258400	2857	2457	2263	2508	3114	2540	
1258560	2827	2437	2269	2490	3120	2541	
1258720	2782	2413	2279	2473	3125	2548	
1258880	2755	2393	2290	2465	3128	2554	
1259040	2723	2392	2289	2468	3131	2563	
1259200	2708	2382	2302	2474	3127	2574	
1259360	2697	2372	2311	2472	3128	2582	
1259520	2670	2359	2318	2471	3126	2592	
1259680	2656	2355	2316	2473	3124	2602	
1259840	2643	2355	2323	2475	3123	2606	
1260000	2632	2346	2326	2476	3119	2614	
1260161	2620	2342	2336	2477	3122	2619	
1260320	2610	2329	2338	2484	3122	2624	
1260481	2585	2343	2339	2488	3122	2632	
1260641	2583	2340	2345	2491	3123	2640	
1260802	2574	2337	2345	2493	3122	2651	
1260960	2583	2330	2344	2496	3121	2661	
1261121	2575	2334	2344	2499	3127	2667	
1261280	2577	2341	2358	2505	3132	2676	
1261440	2565	2348	2365	2504	3128	2682	
1261600	2566	2355	2357	2504	3118	2682	
1261760	2583	2362	2370	2503	3115	2683	
1261920	2585	2372	2371	2503	3108	2682	
1262080	2600	2368	2370	2500	3105	2680	
1262240	2612	2373	2379	2497	3107	2681	
1262400	2611	2403	2388	2504	3108	2685	
1262560	2620	2409	2393	2506	3108	2686	
1262720	2622	2427	2395	2505	3103	2686	
1262880	2616	2437	2402	2506	3098	2687	
1263040	2632	2452	2410	2508	3094	2687	
1263200	2631	2459	2411	2510	3090	2686	
1263360	2634	2459	2419	2509	3081	2687	
1263520	2632	2465	2430	2509	3069	2686	
1263681	2626	2468	2441	2510	3057	2687	
1263840	2627	2476	2443	2507	3044	2687	
1264000	2640	2465	2447	2511	3031	2687	
1264161	2646	2450	2448	2507	3017	2688	
1264321	2641	2441	2433	2510	3007	2689	
1264480	2646	2435	2434	2509	3003	2692	
1264640	2651	2448	2383	2507	3001	2696	
1264800	2663	2479	2339	2514	2994	2695	
1264960	2685	2499	2320	2503	2990	2693	
1265120	2703	2505	2310	2478	2987	2691	
1265280	2714	2489	2297	2448	2986	2689	
1265440	2727	2455	2305	2421	2987	2693	
1265600	2747	2431	2317	2403	2989	2693	
1265760	2769	2402	2307	2380	2990	2700	
1265920	2798	2384	2310	2355	2985	2699	
1266080	2828	2342	2297	2333	2986	2696	
1266240	2866	2323	2271	2325	2986	2694	
1266400	2904	2301	2257	2320	3001	2688	
1266560	2946	2310	2262	2318	3011	2681	
1266720	2991	2292	2266	2318	3016	2670	
1266880	3014	2300	2307	2322	3011	2661	
1267040	3024	2304	2354	2330	3001	2655	
1267201	3033	2309	2384	2332	2987	2653	
1267360	3043	2307	2380	2333	2979	2658	
1267521	3041	2293	2386	2327	2983	2667	
1267681	3047	2302	2400	2328	2999	2675	
1267840	3051	2309	2419	2353	3018	2679	
1268001	3042	2351	2450	2390	3047	2684	
1268161	3029	2393	2445	2427	3064	2683	
1268320	3002	2436	2402	2443	3065	2685	
1268480	2987	2482	2326	2447	3064	2685	
1268640	2969	2509	2277	2436	3038	2681	
1268800	2966	2522	2262	2420	3006	2675	
1268960	2962	2508	2227	2395	2984	2667	
1269120	2950	2473	2183	2356	2972	2659	
1269280	2931	2428	2149	2320	2976	2662	
1269440	2896	2383	2104	2293	3001	2657	
1269600	2870	2354	2097	2277	3039	2655	
1269760	2855	2328	2078	2273	3043	2649	
1269920	2815	2320	2057	2285	3067	2658	
1270080	2775	2313	2052	2263	3071	2667	
1270240	2734	2288	2082	2240	3088	2678	
1270400	2705	2269	2141	2215	3097	2683	
1270560	2674	2238	2196	2193	3096	2681	
1270721	2656	2199	2217	2193	3089	2676	
1270880	2663	2206	2202	2214	3081	2669	
1271041	2667	2241	2201	2244	3061	2659	
1271201	2676	2319	2205	2270	3033	2649	
1271360	2726	2388	2201	2252	3011	2633	
1271520	2757	2414	2179	2225	2997	2622	
1271681	2794	2408	2149	2201	2977	2613	
1271840	2845	2433	2114	2198	2969	2608	
1272000	2889	2464	2107	2208	2977	2611	
1272160	2916	2489	2127	2234	2992	2618	
1272320	2923	2516	2161	2247	3003	2629	
1272480	2929	2526	2187	2255	3012	2640	
1272640	2927	2526	2200	2248	3013	2659	
1272800	2929	2507	2201	2243	3021	2681	
1272960	2937	2489	2192	2241	3039	2710	
1273120	2949	2456	2199	2240	3066	2739	
1273280	2948	2421	2215	2243	3089	2764	
1273440	2944	2403	2225	2253	3110	2791	
1273600	2921	2381	2239	2263	3132	2819	
1273760	2890	2373	2254	2263	3147	2841	
1273920	2865	2365	2268	2261	3149	2862	
1274080	2836	2347	2280	2258	3148	2880	
1274241	2806	2342	2287	2257	3143	2892	
1274400	2777	2344	2301	2253	3135	2898	
1274561	2765	2331	2303	2244	3121	2899	
1274721	2756	2330	2313	2241	3109	2899	
1274880	2749	2336	2315	2248	3103	2899	
1275040	2732	2346	2312	2259	3098	2894	
1275201	2711	2348	2323	2266	3100	2887	
1275360	2667	2366	2326	2278	3092	2872	
1275520	2651	2384	2331	2289	3083	2857	
1275680	2612	2401	2337	2296	3070	2840	
1275840	2589	2412	2342	2301	3061	2823	
1276000	2585	2426	2349	2302	3053	2812	
1276160	2589	2437	2342	2304	3051	2807	
1276320	2570	2448	2343	2315	3057	2800	
1276480	2556	2452	2348	2324	3067	2793	
1276640	2534	2455	2364	2327	3071	2785	
1276800	2516	2463	2367	2331	3071	2776	
1276960	2510	2472	2374	2328	3064	2768	
1277120	2529	2460	2372	2323	3062	2761	
1277280	2536	2445	2372	2320	3063	2755	
1277440	2533	2450	2383	2317	3067	2750	
1277600	2539	2451	2399	2312	3067	2746	
1277761	2562	2423	2408	2307	3062	2740	
1277921	2573	2411	2409	2304	3059	2738	
1278080	2591	2392	2419	2300	3059	2738	
1278241	2602	2387	2427	2296	3058	2741	
1278401	2624	2377	2429	2293	3064	2745	
1278560	2623	2374	2435	2287	3068	2751	
1278720	2629	2357	2435	2277	3071	2754	
1278880	2633	2336	2440	2270	3067	2756	
1279040	2646	2331	2429	2258	3061	2759	
1279200	2663	2312	2421	2259	3056	2756	
1279360	2659	2308	2422	2265	3041	2753	
1279520	2650	2301	2414	2266	3033	2750	
1279680	2656	2294	2391	2265	3017	2742	
1279840	2662	2284	2369	2277	3008	2739	
1280000	2651	2284	2349	2279	3004	2734	
1280160	2651	2287	2332	2283	3000	2730	
1280320	2653	2285	2312	2284	2996	2727	
1280480	2664	2311	2291	2292	2996	2724	
1280640	2678	2319	2276	2298	2989	2721	
1280800	2699	2359	2266	2310	2977	2719	
1280960	2734	2383	2259	2322	2968	2720	
1281120	2763	2415	2266	2332	2963	2725	
1281281	2801	2434	2261	2339	2962	2730	
1281440	2827	2465	2254	2350	2965	2738	
1281601	2861	2469	2242	2358	2973	2748	
1281762	2883	2484	2245	2368	2981	2755	
1281920	2915	2488	2259	2375	2989	2763	
1282081	2933	2492	2283	2380	2993	2763	
1282241	2952	2502	2313	2381	2995	2761	
1282400	2973	2529	2324	2389	2997	2758	
1282560	2997	2532	2339	2396	3007	2760	
1282720	3029	2535	2375	2383	3019	2768	
1282880	3044	2520	2417	2351	3030	2777	
1283040	3041	2481	2452	2308	3035	2781	
1283200	3022	2430	2459	2267	3021	2777	
1283360	3015	2361	2452	2230	3006	2773	
1283520	3005	2320	2390	2203	2993	2773	
1283680	3014	2267	2266	2205	2986	2776	
1283840	3028	2265	2139	2243	2982	2775	
1284000	3030	2293	2105	2307	2997	2775	
1284160	3042	2353	2140	2356	2995	2776	
1284320	3038	2416	2145	2386	2976	2762	
1284480	3038	2448	2150	2391	2927	2762	
1284640	3021	2459	2116	2395	2907	2771	
1284801	3011	2467	2091	2401	2916	2786	
1284960	2984	2459	2089	2398	2948	2802	
1285120	2953	2448	2125	2372	2985	2822	
1285281	2921	2435	2154	2348	3020	2833	
1285441	2862	2426	2198	2336	3047	2844	
1285600	2827	2422	2241	2320	3057	2854	
1285760	2771	2426	2252	2304	3042	2853	
1285920	2735	2420	2242	2302	3023	2858	
1286080	2704	2407	2208	2311	3004	2864	
1286240	2699	2390	2155	2322	2998	2875	
1286400	2707	2356	2142	2325	3010	2885	
1286560	2732	2334	2153	2341	3037	2903	
1286720	2745	2350	2182	2396	3046	2896	
1286880	2757	2401	2196	2455	3046	2891	
1287040	2782	2443	2183	2495	3040	2883	
1287200	2817	2478	2173	2510	3036	2880	
1287360	2861	2492	2182	2505	3033	2879	
1287520	2895	2497	2186	2507	3028	2877	
1287680	2926	2482	2182	2510	3029	2867	
1287840	2934	2475	2179	2511	3030	2859	
1288000	2951	2454	2191	2519	3041	2849	
1288160	2953	2447	2200	2508	3051	2837	
1288321	2958	2447	2206	2514	3056	2811	
1288480	2958	2452	2211	2512	3066	2795	
1288641	2940	2452	2227	2510	3083	2770	
1288801	2892	2460	2249	2505	3081	2741	
1288960	2834	2451	2271	2496	3056	2709	
1289120	2897	2447	2269	2485	3033	2665	
1289281	2952	2434	2238	2470	3059	2636	
1289440	2936	2435	2236	2475	3093	2620	
1289600	2917	2432	2264	2477	3122	2605	
1289760	2872	2432	2281	2473	3137	2597	
1289920	2837	2434	2290	2464	3131	2590	
1290080	2802	2424	2299	2454	3128	2584	
1290240	2765	2411	2303	2453	3129	2583	
1290400	2741	2408	2320	2457	3123	2576	
1290560	2708	2395	2321	2458	3123	2581	
1290720	2685	2385	2325	2457	3117	2582	
1290880	2672	2374	2332	2456	3120	2578	
1291040	2661	2376	2339	2453	3121	2580	
1291200	2647	2367	2343	2453	3122	2585	
1291360	2644	2361	2351	2451	3120	2587	
1291520	2616	2366	2361	2452	3114	2589	
1291680	2591	2369	2363	2449	3106	2593	
1291842	2573	2360	2361	2447	3102	2600	
1292000	2558	2365	2352	2445	3105	2611	
1292161	2571	2353	2359	2440	3113	2624	
1292321	2561	2334	2363	2437	3119	2638	
1292480	2571	2329	2363	2441	3124	2650	
1292641	2564	2327	2368	2450	3127	2660	
1292801	2553	2334	2377	2456	3125	2668	
1292960	2574	2328	2384	2460	3122	2674	
1293120	2571	2338	2382	2465	3119	2675	
1293280	2569	2352	2393	2466	3115	2676	
1293440	2576	2370	2398	2472	3113	2679	
1293600	2586	2390	2402	2479	3110	2681	
1293760	2583	2404	2409	2489	3105	2681	
1293920	2594	2417	2425	2495	3097	2683	
1294080	2583	2426	2438	2500	3089	2682	
1294240	2581	2440	2442	2512	3078	2681	
1294400	2588	2451	2449	2526	3060	2676	
1294560	2605	2472	2460	2542	3046	2671	
1294720	2607	2499	2457	2559	3032	2667	
1294880	2602	2502	2455	2568	3022	2666	
1295040	2606	2530	2438	2569	3012	2666	
1295200	2609	2527	2409	2564	3004	2667	
1295361	2609	2537	2372	2555	2996	2669	
1295520	2621	2539	2347	2553	2981	2669	
1295680	2620	2543	2309	2543	2974	2671	
1295841	2636	2540	2274	2527	2971	2673	
1296000	2638	2537	2273	2508	2976	2678	
1296160	2653	2521	2290	2490	2982	2682	
1296321	2668	2495	2299	2478	2985	2685	
1296480	2699	2472	2299	2464	2986	2690	
1296640	2738	2441	2287	2443	2989	2695	
1296800	2779	2402	2272	2425	2994	2697	
1296960	2829	2372	2250	2416	3003	2699	
1297120	2885	2347	2242	2392	3011	2698	
1297280	2935	2310	2242	2372	3017	2693	
1297440	2970	2275	2254	2353	3015	2685	
1297600	2997	2250	2293	2345	3008	2686	
1297760	3018	2225	2345	2338	3012	2684	
1297920	3045	2211	2400	2346	2998	2686	
1298080	3067	2213	2421	2359	2986	2690	
1298240	3084	2220	2437	2367	2978	2690	
1298400	3115	2244	2440	2376	2987	2692	
1298560	3129	2269	2432	2380	3007	2689	
1298720	3137	2300	2427	2382	3026	2688	
1298881	3117	2337	2368	2382	3030	2680	
1299040	3098	2397	2241	2369	3010	2667	
1299201	3091	2424	2202	2352	3000	2660	
1299361	3094	2409	2211	2328	2997	2646	
1299520	3078	2379	2179	2303	2986	2643	
1299680	3058	2355	2151	2266	2992	2628	
1299841	3032	2293	2101	2245	2980	2621	
1300000	3016	2286	2046	2241	2997	2615	
1300160	3001	2311	2020	2261	3017	2611	
1300320	2991	2333	2025	2288	3036	2606	
1300480	2957	2365	2051	2303	3039	2606	
1300640	2915	2383	2079	2301	3024	2608	
1300800	2875	2397	2096	2285	3020	2611	
1300960	2843	2377	2138	2282	3046	2622	
1301120	2809	2384	2195	2306	3075	2628	
1301280	2748	2399	2247	2331	3069	2633	
1301440	2721	2430	2247	2348	3029	2634	
1301600	2692	2473	2201	2345	3006	2641	
1301760	2684	2497	2203	2341	3003	2647	
1301920	2690	2524	2187	2318	3019	2656	
1302080	2700	2525	2178	2295	3026	2664	
1302240	2719	2502	2160	2256	3035	2673	
1302401	2737	2470	2147	2225	3040	2686	
1302560	2761	2447	2152	2210	3050	2698	
1302720	2806	2423	2157	2209	3064	2709	
1302881	2846	2415	2164	2212	3080	2720	
1303041	2867	2409	2189	2220	3094	2734	
1303200	2885	2397	2190	2221	3099	2746	
1303360	2890	2393	2201	2216	3100	2755	
1303520	2884	2371	2206	2213	3099	2768	
1303680	2893	2345	2206	2212	3095	2777	
1303840	2892	2329	2212	2224	3105	2790	
1304000	2887	2313	2215	2236	3106	2797	
1304160	2882	2303	2223	2255	3130	2801	
1304320	2858	2307	2239	2269	3136	2811	
1304480	2841	2312	2244	2279	3140	2816	
1304640	2808	2320	2254	2284	3144	2825	
1304800	2778	2316	2269	2281	3137	2828	
1304960	2753	2325	2274	2281	3133	2831	
1305120	2735	2316	2289	2279	3127	2833	
1305280	2716	2327	2293	2275	3116	2833	
1305440	2696	2344	2298	2279	3110	2834	
1305600	2692	2361	2298	2287	3110	2833	
1305760	2687	2370	2308	2286	3105	2832	
1305921	2675	2385	2315	2282	3095	2835	
1306080	2659	2386	2328	2288	3084	2832	
1306241	2633	2402	2330	2294	3075	2827	
1306401	2609	2406	2326	2304	3074	2821	
1306560	2585	2424	2340	2305	3071	2815	
1306720	2582	2427	2341	2305	3071	2810	
1306881	2575	2435	2352	2309	3071	2804	
1307040	2566	2440	2357	2315	3068	2800	
1307200	2561	2446	2358	2317	3067	2792	
1307360	2548	2446	2355	2318	3068	2787	
1307520	2530	2453	2363	2317	3070	2782	
1307680	2520	2444	2371	2311	3069	2772	
1307840	2518	2436	2373	2304	3068	2766	
1308000	2521	2424	2375	2296	3065	2759	
1308160	2531	2396	2392	2292	3062	2751	
1308320	2548	2390	2397	2293	3062	2745	
1308480	2569	2384	2390	2289	3064	2739	
1308640	2581	2375	2405	2287	3063	2736	
1308800	2584	2361	2409	2283	3064	2735	
1308960	2581	2344	2418	2281	3062	2733	
1309120	2580	2340	2423	2278	3055	2729	
1309280	2588	2325	2417	2274	3047	2728	
1309441	2595	2326	2422	2273	3042	2727	
1309600	2608	2311	2431	2270	3035	2729	
1309760	2615	2313	2443	2269	3029	2727	
1309921	2620	2306	2443	2267	3021	2723	
1310081	2628	2300	2443	2265	3013	2720	
1310240	2633	2295	2448	2267	3005	2718	
1310401	2646	2290	2436	2266	2993	2713	
1310560	2652	2295	2427	2269	2981	2709	
1310720	2672	2302	2407	2269	2971	2702	
1310880	2685	2315	2384	2272	2971	2701	
1311040	2694	2319	2353	2263	2968	2704	
1311200	2706	2309	2322	2258	2958	2707	
1311360	2729	2315	2292	2263	2953	2706	
1311520	2755	2314	2286	2264	2946	2707	
1311680	2784	2332	2294	2268	2938	2707	
1311840	2815	2358	2288	2277	2933	2711	
1312000	2841	2362	2286	2285	2929	2714	
1312160	2868	2385	2281	2299	2927	2715	
1312320	2898	2396	2282	2310	2935	2720	
1312480	2938	2419	2281	2322	2947	2728	
1312640	2952	2438	2284	2345	2951	2732	
1312800	2969	2462	2295	2364	2962	2731	
1312961	2983	2495	2311	2375	2976	2729	
1313120	2987	2512	2340	2380	2992	2727	
1313280	3005	2529	2356	2382	3005	2732	
1313441	3034	2524	2383	2381	3016	2739	
1313601	3054	2521	2418	2369	3030	2751	
1313760	3057	2493	2448	2344	3040	2761	
1313920	3054	2462	2462	2308	3050	2770	
1314080	3036	2411	2434	2272	3054	2777	
1314240	3025	2353	2375	2240	3052	2784	
1314400	3011	2319	2266	2233	3041	2788	
1314560	2987	2300	2103	2261	3017	2781	
1314720	2966	2301	2043	2308	3003	2778	
1314880	2939	2336	2069	2335	3003	2779	
1315040	2927	2400	2051	2363	2983	2775	
1315200	2903	2447	2057	2383	2946	2769	
1315360	2876	2498	2036	2388	2933	2774	
1315520	2871	2515	2028	2388	2938	2785	
1315680	2864	2514	2055	2368	2951	2798	
1315840	2851	2495	2060	2363	2962	2810	
1316000	2839	2484	2099	2370	2981	2824	
1316160	2828	2510	2155	2379	3009	2839	
1316320	2802	2533	2210	2381	3019	2851	
1316481	2785	2522	2252	2375	3008	2862	
1316640	2778	2498	2246	2356	2986	2872	
1316800	2773	2455	2225	2335	2967	2886	
1316961	2790	2395	2223	2318	2968	2902	
1317121	2815	2355	2207	2336	2976	2906	
1317280	2811	2331	2203	2372	2981	2903	
1317440	2845	2336	2177	2429	2989	2897	
1317600	2863	2370	2165	2485	2993	2884	
1317760	2895	2408	2170	2522	2997	2868	
1317920	2932	2441	2161	2536	2997	2853	
1318080	2963	2454	2171	2547	3003	2840	
1318240	2991	2477	2168	2560	3009	2825	
1318400	3001	2498	2179	2566	3014	2805	
1318560	3002	2498	2192	2571	3022	2786	
1318720	2998	2505	2196	2567	3033	2765	
1318880	2982	2494	2209	2555	3046	2742	
1319040	2955	2475	2216	2542	3052	2717	
1319200	2943	2456	2222	2532	3054	2691	
1319360	2918	2439	2237	2527	3054	2668	
1319520	2885	2427	2246	2518	3047	2649	
1319680	2914	2426	2245	2519	3049	2623	
1319840	2907	2424	2261	2513	3061	2607	
1320001	2885	2430	2268	2506	3071	2604	
1320160	2875	2441	2266	2501	3085	2597	
1320321	2866	2439	2271	2492	3111	2595	
1320481	2837	2430	2287	2483	3130	2600	
1320642	2807	2423	2306	2476	3136	2604	
1320800	2773	2414	2310	2476	3131	2608	
1320961	2753	2403	2320	2475	3125	2608	
1321120	2716	2392	2332	2473	3120	2612	
1321280	2703	2396	2326	2479	3121	2617	
1321440	2683	2399	2337	2482	3124	2617	
1321600	2661	2393	2335	2485	3127	2621	
1321760	2640	2377	2346	2486	3127	2623	
1321920	2624	2381	2358	2491	3124	2618	
1322080	2593	2375	2368	2496	3118	2616	
1322240	2584	2370	2371	2496	3115	2618	
1322400	2581	2366	2369	2495	3115	2622	
1322560	2584	2362	2363	2493	3122	2625	
1322720	2579	2358	2363	2490	3128	2629	
1322880	2572	2350	2371	2489	3131	2635	
1323040	2576	2351	2368	2489	3136	2639	
1323200	2570	2349	2369	2491	3138	2646	
1323360	2568	2351	2376	2494	3139	2653	
1323521	2569	2347	2384	2492	3135	2656	
1323680	2573	2361	2389	2491	3127	2660	
1323840	2566	2369	2391	2499	3130	2665	
1324001	2568	2388	2387	2501	3125	2667	
1324161	2559	2395	2393	2505	3125	2672	
1324320	2569	2401	2393	2513	3126	2675	
1324481	2577	2414	2397	2517	3126	2677	
1324640	2583	2427	2407	2525	3126	2681	
1324800	2588	2436	2411	2537	3121	2683	
1324960	2593	2451	2420	2547	3116	2685	
1325120	2599	2465	2437	2555	3109	2686	
1325280	2599	2472	2444	2563	3099	2688	
1325440	2598	2487	2441	2568	3084	2689	
1325600	2619	2496	2442	2571	3070	2689	
1325760	2618	2480	2433	2570	3056	2691	
1325920	2621	2481	2434	2562	3042	2695	
1326080	2620	2455	2423	2555	3028	2701	
1326240	2612	2440	2415	2547	3023	2706	
1326400	2614	2458	2360	2552	3007	2707	
1326560	2631	2480	2314	2559	2987	2700	
1326720	2651	2486	2294	2543	2982	2698	
1326880	2658	2483	2280	2512	2979	2695	
1327041	2662	2464	2299	2485	2976	2695	
1327200	2670	2440	2305	2458	2967	2697	
1327360	2693	2416	2297	2438	2958	2700	
1327521	2726	2382	2286	2415	2954	2702	
1327681	2774	2330	2272	2390	2955	2702	
1327840	2826	2306	2263	2370	2964	2703	
1328000	2874	2282	2239	2353	2976	2700	
1328160	2916	2256	2235	2345	2984	2693	
1328320	2966	2228	2262	2342	2989	2680	
1328480	3006	2224	2294	2348	2990	2666	
1328640	3031	2216	2344	2364	2989	2654	
1328800	3058	2222	2387	2375	2971	2645	
1328960	3066	2239	2411	2367	2963	2643	
1329120	3066	2242	2425	2346	2947	2648	
1329280	3091	2242	2439	2330	2957	2655	
1329440	3101	2258	2434	2330	2981	2664	
1329600	3087	2303	2416	2341	3013	2671	
1329760	3076	2344	2373	2369	3044	2676	
1329920	3069	2402	2278	2384	3056	2675	
1330080	3062	2485	2226	2389	3059	2673	
1330240	3047	2509	2236	2389	3049	2666	
1330400	3027	2497	2213	2370	2999	2653	
1330561	2998	2482	2156	2324	2946	2647	
1330720	2993	2457	2093	2267	2938	2648	
1330881	2985	2412	2057	2222	2969	2664	
1331041	2992	2373	2028	2231	3003	2652	
1331202	2995	2355	2033	2240	3049	2641	
1331360	2956	2353	2044	2275	3070	2638	
1331520	2906	2353	2074	2286	3066	2631	
1331680	2859	2369	2128	2289	3055	2632	
1331840	2792	2354	2161	2272	3055	2635	
1332000	2769	2342	2194	2263	3067	2639	
1332160	2753	2334	2227	2277	3078	2643	
1332320	2734	2344	2235	2298	3074	2643	
1332480	2700	2373	2231	2310	3047	2646	
1332640	2691	2415	2220	2313	3024	2648	
1332800	2715	2464	2184	2292	3018	2649	
1332960	2750	2485	2161	2263	3017	2651	
1333120	2765	2460	2136	2228	3014	2659	
1333280	2807	2452	2133	2202	3011	2670	
1333440	2852	2435	2127	2195	3012	2680	
1333600	2910	2445	2139	2205	3020	2696	
1333760	2939	2460	2153	2229	3032	2707	
1333920	2963	2469	2183	2240	3040	2718	
1334081	2971	2472	2183	2239	3040	2728	
1334240	2963	2467	2185	2238	3050	2741	
1334400	2965	2456	2196	2238	3068	2753	
1334561	2959	2435	2203	2246	3091	2766	
1334720	2946	2415	2221	2259	3109	2777	
1334880	2942	2389	2228	2276	3128	2792	
1335041	2917	2373	2237	2278	3150	2804	
1335200	2894	2360	2250	2289	3165	2818	
1335360	2866	2339	2275	2295	3171	2833	
1335520	2830	2344	2292	2300	3166	2845	
1335680	2794	2338	2299	2302	3153	2853	
1335840	2764	2331	2311	2300	3144	2858	
1336000	2741	2330	2307	2299	3135	2862	
1336160	2726	2336	2316	2302	3125	2864	
1336320	2720	2348	2316	2307	3121	2863	
1336480	2706	2376	2316	2315	3114	2862	
1336640	2679	2403	2327	2325	3109	2861	
1336800	2644	2414	2330	2332	3098	2858	
1336960	2610	2421	2327	2337	3089	2854	
1337120	2587	2430	2338	2343	3081	2848	
1337280	2534	2437	2333	2347	3070	2841	
1337440	2481	2439	2351	2353	3061	2823	
1337601	2512	2452	2350	2336	3047	2823	
1337760	2502	2447	2334	2331	3051	2827	
1337920	2502	2440	2339	2341	3067	2825	
1338081	2493	2435	2348	2341	3076	2825	
1338241	2486	2444	2349	2335	3079	2819	
1338400	2478	2430	2363	2324	3078	2808	
1338561	2489	2424	2356	2314	3079	2799	
1338720	2502	2397	2351	2312	3083	2798	
1338880	2520	2377	2365	2307	3092	2793	
1339040	2538	2367	2363	2301	3095	2788	
1339200	2541	2367	2363	2297	3096	2781	
1339360	2556	2352	2371	2292	3102	2776	
1339520	2572	2346	2389	2276	3101	2773	
1339680	2577	2345	2387	2259	3096	2773	
1339840	2583	2337	2394	2248	3092	2772	
1340000	2596	2317	2391	2240	3090	2774	
1340160	2611	2314	2412	2239	3089	2773	
1340320	2623	2318	2421	2236	3092	2773	
1340480	2636	2313	2434	2230	3091	2774	
1340640	2659	2317	2436	2223	3089	2776	
1340800	2683	2320	2432	2216	3087	2777	
1340960	2683	2320	2427	2215	3079	2776	
1341121	2695	2299	2419	2215	3061	2771	
1341280	2697	2291	2402	2218	3039	2765	
1341440	2704	2302	2398	2240	3013	2758	
1341601	2721	2308	2374	2265	2995	2748	
1341761	2727	2324	2353	2279	2985	2745	
1341920	2725	2332	2344	2282	2979	2742	
1342080	2735	2334	2331	2289	2973	2736	
1342240	2741	2355	2318	2300	2967	2732	
1342400	2765	2377	2310	2315	2964	2723	
1342560	2785	2416	2301	2322	2959	2719	
1342720	2811	2444	2299	2317	2954	2721	
1342880	2825	2467	2312	2318	2956	2726	
1343040	2855	2467	2308	2324	2963	2733	
1343200	2888	2481	2313	2326	2973	2745	
1343360	2914	2467	2318	2323	2980	2758	
1343520	2939	2458	2315	2318	2987	2774	
1343680	2940	2435	2325	2320	2988	2782	
1343840	2943	2424	2347	2326	2993	2787	
1344000	2911	2432	2357	2340	3004	2784	
1344160	2893	2456	2371	2356	3003	2778	
1344320	2907	2479	2391	2375	3008	2772	
1344480	2942	2508	2417	2379	3010	2779	
1344640	2941	2502	2440	2364	3006	2788	
1344800	2935	2491	2451	2330	3004	2791	
1344960	2933	2448	2430	2296	3004	2795	
1345121	2934	2394	2388	2264	2999	2799	
1345281	2919	2330	2308	2242	2982	2791	
1345440	2926	2259	2142	2238	2943	2777	
1345601	2922	2220	2056	2261	2904	2768	
1345760	2926	2235	2045	2304	2912	2753	
1345920	2936	2310	2034	2357	2910	2751	
1346080	2951	2376	2023	2392	2894	2743	
1346240	2959	2435	2020	2408	2893	2748	
1346400	2942	2445	2019	2410	2904	2763	
1346560	2948	2448	2019	2408	2920	2780	
1346720	2941	2458	2038	2412	2944	2796	
1346880	2928	2505	2092	2409	2976	2814	
1347040	2889	2550	2160	2401	3013	2831	
1347200	2863	2566	2242	2383	3027	2843	
1347360	2826	2539	2265	2338	3011	2850	
1347520	2799	2480	2227	2299	2972	2857	
1347680	2820	2400	2194	2270	2961	2875	
1347840	2847	2335	2166	2265	2974	2895	
1348000	2873	2316	2139	2294	2991	2906	
1348161	2881	2318	2140	2350	2993	2894	
1348320	2887	2350	2128	2403	2988	2887	
1348480	2917	2403	2110	2442	2983	2879	
1348641	2952	2424	2108	2448	2988	2876	
1348800	2988	2429	2104	2456	2994	2872	
1348960	3005	2433	2121	2465	3006	2861	
1349121	3013	2443	2137	2476	3026	2850	
1349280	3006	2436	2154	2493	3043	2832	
1349440	3013	2442	2171	2493	3059	2808	
1349600	2999	2438	2179	2487	3074	2781	
1349760	2970	2443	2196	2496	3079	2753	
1349920	2978	2436	2208	2498	3076	2723	
1350080	2992	2438	2213	2496	3088	2693	
1350240	2999	2464	2221	2494	3107	2664	
1350400	2969	2455	2231	2490	3120	2636	
1350560	2941	2468	2248	2489	3133	2608	
1350720	2919	2474	2251	2477	3148	2595	
1350880	2883	2478	2267	2467	3159	2586	
1351040	2838	2486	2281	2460	3154	2573	
1351200	2804	2468	2289	2445	3150	2568	
1351360	2765	2450	2287	2435	3148	2570	
1351520	2745	2422	2297	2436	3152	2573	
1351681	2703	2423	2314	2438	3147	2578	
1351840	2689	2401	2319	2439	3134	2580	
1352000	2679	2391	2320	2438	3127	2583	
1352161	2657	2376	2329	2438	3123	2590	
1352320	2621	2379	2328	2441	3118	2592	
1352480	2604	2376	2321	2448	3113	2593	
1352640	2607	2381	2326	2451	3115	2596	
1352800	2587	2372	2341	2446	3123	2602	
1352960	2581	2383	2337	2445	3135	2611	
1353120	2566	2368	2341	2444	3133	2621	
1353280	2564	2369	2357	2445	3130	2630	
1353440	2547	2362	2363	2443	3127	2636	
1353600	2547	2355	2361	2440	3121	2642	
1353760	2533	2346	2365	2447	3114	2645	
1353920	2535	2344	2373	2447	3108	2651	
1354080	2532	2338	2370	2460	3107	2656	
1354240	2538	2340	2365	2468	3111	2663	
1354400	2541	2350	2384	2473	3107	2668	
1354560	2547	2371	2402	2477	3101	2666	
1354720	2563	2381	2400	2479	3087	2667	
1354880	2568	2397	2412	2481	3081	2667	
1355040	2578	2407	2410	2492	3079	2668	
1355201	2575	2427	2424	2500	3074	2672	
1355360	2573	2432	2425	2508	3065	2672	
1355520	2579	2453	2449	2513	3053	2672	
1355681	2582	2464	2455	2520	3040	2670	
1355841	2587	2474	2465	2526	3025	2671	
1356000	2587	2497	2453	2532	3021	2673	
1356160	2599	2500	2461	2532	3014	2678	
1356320	2596	2500	2442	2530	3011	2685	
1356480	2594	2490	2428	2527	3006	2689	
1356640	2598	2477	2427	2523	2994	2695	
1356801	2596	2481	2375	2524	2979	2697	
1356960	2606	2486	2331	2529	2964	2693	
1357120	2624	2500	2313	2525	2960	2687	
1357280	2631	2497	2310	2512	2961	2686	
1357440	2639	2488	2321	2495	2970	2687	
1357600	2629	2475	2343	2488	2970	2689	
1357760	2652	2445	2349	2479	2960	2688	
1357920	2686	2439	2338	2463	2953	2685	
1358080	2721	2403	2314	2445	2957	2686	
1358240	2758	2380	2276	2428	2970	2686	
1358400	2800	2365	2259	2414	2985	2686	
1358560	2844	2338	2247	2404	2999	2681	
1358721	2882	2329	2242	2389	3009	2675	
1358880	2915	2311	2262	2379	3011	2668	
1359041	2956	2293	2301	2377	3007	2662	
1359201	2975	2273	2347	2379	2998	2659	
1359360	2992	2270	2401	2384	2979	2660	
1359520	3016	2274	2420	2387	2954	2653	
1359680	3043	2272	2428	2377	2937	2657	
1359840	3077	2280	2430	2369	2949	2657	
1360000	3114	2281	2456	2368	2985	2662	
1360160	3118	2302	2475	2382	3020	2663	
1360320	3119	2327	2498	2412	3053	2663	
1360480	3098	2365	2476	2431	3063	2660	
1360640	3065	2411	2393	2437	3049	2653	
1360800	3032	2437	2263	2417	3016	2645	
1360960	3031	2459	2168	2385	2987	2641	
1361120	3038	2446	2147	2363	2997	2643	
1361280	3032	2438	2112	2347	3005	2646	
1361440	3030	2394	2096	2324	3002	2649	
1361600	2992	2360	2063	2294	3015	2649	
1361760	2972	2338	2037	2267	3015	2645	
1361920	2955	2321	1993	2263	3020	2639	
1362080	2938	2319	1966	2254	3043	2644	
1362241	2901	2318	1995	2258	3078	2649	
1362400	2855	2308	2052	2259	3086	2654	
1362560	2810	2288	2123	2266	3090	2657	
1362721	2764	2292	2203	2273	3096	2657	
1362881	2738	2282	2258	2283	3087	2651	
1363040	2703	2295	2258	2303	3054	2652	
1363200	2675	2329	2231	2333	3015	2642	